{"type":"FeatureCollection","features":[{"type":"Feature","id":1,"geometry":{"type":"Point","coordinates":[-71.153366369679873,42.416064569743092]},"properties":{"Number":"L32001","Name":"Railroad Lot and Minuteman Bikeway","Latitude":42.416064570000003,"Longitude":-71.153366370000001,"District":"Arlington","Public_":"Yes","Total_docks":11,"ObjectId":1}},{"type":"Feature","id":2,"geometry":{"type":"Point","coordinates":[-71.149065190285427,42.40935395991086]},"properties":{"Number":"L32002","Name":"Linwood St at Minuteman Bikeway","Latitude":42.409353959999997,"Longitude":-71.149065190000002,"District":"Arlington","Public_":"Yes","Total_docks":11,"ObjectId":2}},{"type":"Feature","id":3,"geometry":{"type":"Point","coordinates":[-71.144569629836553,42.400168050121131]},"properties":{"Number":"L32005","Name":"Thorndike Field at Minuteman Bikeway","Latitude":42.400168049999998,"Longitude":-71.144569630000007,"District":"Arlington","Public_":"Yes","Total_docks":11,"ObjectId":3}},{"type":"Feature","id":4,"geometry":{"type":"Point","coordinates":[-71.143821319730151,42.407260520253558]},"properties":{"Number":"L32003","Name":"Mass Ave at Grafton St","Latitude":42.407260520000001,"Longitude":-71.143821320000001,"District":"Arlington","Public_":"Yes","Total_docks":11,"ObjectId":4}},{"type":"Feature","id":5,"geometry":{"type":"Point","coordinates":[-71.140093199909941,42.409942130229886]},"properties":{"Number":"L32004","Name":"Broadway at Grafton St","Latitude":42.409942129999997,"Longitude":-71.140093199999995,"District":"Arlington","Public_":"Yes","Total_docks":11,"ObjectId":5}},{"type":"Feature","id":6,"geometry":{"type":"Point","coordinates":[-71.150518829705149,42.414202130281105]},"properties":{"Number":"L32006","Name":"Mass Ave at Broadway","Latitude":42.41420213,"Longitude":-71.150518829999996,"District":"Arlington","Public_":"Yes","Total_docks":11,"ObjectId":6}},{"type":"Feature","id":7,"geometry":{"type":"Point","coordinates":[-71.044571400230268,42.353390509977665]},"properties":{"Number":"A32000","Name":"Fan Pier","Latitude":42.353390509999997,"Longitude":-71.044571399999995,"District":"Boston","Public_":"Yes","Total_docks":15,"ObjectId":7}},{"type":"Feature","id":8,"geometry":{"type":"Point","coordinates":[-71.137313000343866,42.353333999681787]},"properties":{"Number":"A32001","Name":"Union Square - Brighton Ave at Cambridge St","Latitude":42.353333999999997,"Longitude":-71.137313000000006,"District":"Boston","Public_":"Yes","Total_docks":19,"ObjectId":8}},{"type":"Feature","id":9,"geometry":{"type":"Point","coordinates":[-71.119034890324684,42.351692020276182]},"properties":{"Number":"A32002","Name":"Commonwealth Ave at Agganis Way","Latitude":42.351692020000002,"Longitude":-71.119034889999995,"District":"Boston","Public_":"Yes","Total_docks":15,"ObjectId":9}},{"type":"Feature","id":10,"geometry":{"type":"Point","coordinates":[-71.10827900030516,42.350405999920135]},"properties":{"Number":"A32003","Name":"B.U. Central - 725 Comm. Ave.","Latitude":42.350406,"Longitude":-71.108278999999996,"District":"Boston","Public_":"Yes","Total_docks":11,"ObjectId":10}},{"type":"Feature","id":11,"geometry":{"type":"Point","coordinates":[-71.106500000072685,42.338628999791496]},"properties":{"Number":"A32004","Name":"Longwood Ave at Binney St","Latitude":42.338628999999997,"Longitude":-71.106499999999997,"District":"Boston","Public_":"Yes","Total_docks":15,"ObjectId":11}},{"type":"Feature","id":12,"geometry":{"type":"Point","coordinates":[-71.137762069951023,42.361545709878982]},"properties":{"Number":"A32005","Name":"Brighton Mills - 370 Western Ave","Latitude":42.361545710000001,"Longitude":-71.137762069999994,"District":"Boston","Public_":"Yes","Total_docks":15,"ObjectId":12}},{"type":"Feature","id":13,"geometry":{"type":"Point","coordinates":[-71.118275699823556,42.364263440124638]},"properties":{"Number":"A32006","Name":"Soldiers Field Park - 111 Western Ave","Latitude":42.364263440000002,"Longitude":-71.118275699999998,"District":"Boston","Public_":"Yes","Total_docks":15,"ObjectId":13}},{"type":"Feature","id":14,"geometry":{"type":"Point","coordinates":[-71.105300999798359,42.347241000304152]},"properties":{"Number":"A32008","Name":"Park Dr at Buswell St","Latitude":42.347240999999997,"Longitude":-71.105300999999997,"District":"Boston","Public_":"Yes","Total_docks":15,"ObjectId":14}},{"type":"Feature","id":15,"geometry":{"type":"Point","coordinates":[-71.076846999717802,42.341331999905215]},"properties":{"Number":"A32009","Name":"South End Library - Tremont St at W Newton St","Latitude":42.341332000000001,"Longitude":-71.076847000000001,"District":"Boston","Public_":"Yes","Total_docks":15,"ObjectId":15}},{"type":"Feature","id":16,"geometry":{"type":"Point","coordinates":[-71.055547000201969,42.352175000305472]},"properties":{"Number":"A32010","Name":"South Station - 700 Atlantic Ave","Latitude":42.352175000000003,"Longitude":-71.055547000000004,"District":"Boston","Public_":"Yes","Total_docks":47,"ObjectId":16}},{"type":"Feature","id":17,"geometry":{"type":"Point","coordinates":[-71.124597790366593,42.363712759680574]},"properties":{"Number":"A32011","Name":"Innovation Lab - 125 Western Ave at Batten Way","Latitude":42.363712759999999,"Longitude":-71.124597789999996,"District":"Boston","Public_":"Yes","Total_docks":19,"ObjectId":17}},{"type":"Feature","id":18,"geometry":{"type":"Point","coordinates":[-71.123831000118173,42.352261000100256]},"properties":{"Number":"A32012","Name":"Packard's Corner - Commonwealth Ave at Brighton Ave","Latitude":42.352260999999999,"Longitude":-71.123830999999996,"District":"Boston","Public_":"Yes","Total_docks":27,"ObjectId":18}},{"type":"Feature","id":19,"geometry":{"type":"Point","coordinates":[-71.052162999814286,42.358155000086754]},"properties":{"Number":"A32013","Name":"Surface Rd at India St","Latitude":42.358154999999996,"Longitude":-71.052162999999993,"District":"Boston","Public_":"Yes","Total_docks":19,"ObjectId":19}},{"type":"Feature","id":20,"geometry":{"type":"Point","coordinates":[-71.13275302979082,42.34922468989577]},"properties":{"Number":"A32017","Name":"Commonwealth Ave at Griggs St","Latitude":42.34922469,"Longitude":-71.132753030000003,"District":"Boston","Public_":"Yes","Total_docks":15,"ObjectId":20}},{"type":"Feature","id":21,"geometry":{"type":"Point","coordinates":[-71.12840830995286,42.364474569908054]},"properties":{"Number":"A32019","Name":"175 N Harvard St","Latitude":42.364474569999999,"Longitude":-71.128408309999998,"District":"Boston","Public_":"Yes","Total_docks":18,"ObjectId":21}},{"type":"Feature","id":22,"geometry":{"type":"Point","coordinates":[-71.068606999754962,42.378964999874398]},"properties":{"Number":"A32022","Name":"Edwards Playground - Main St at Eden St","Latitude":42.378965000000001,"Longitude":-71.068607,"District":"Boston","Public_":"Yes","Total_docks":19,"ObjectId":22}},{"type":"Feature","id":23,"geometry":{"type":"Point","coordinates":[-71.069059969847089,42.374089910282585]},"properties":{"Number":"A32023","Name":"Bunker Hill Community College","Latitude":42.374089910000002,"Longitude":-71.069059969999998,"District":"Boston","Public_":"Yes","Total_docks":23,"ObjectId":23}},{"type":"Feature","id":24,"geometry":{"type":"Point","coordinates":[-71.06426300036587,42.365673000240903]},"properties":{"Number":"A32025","Name":"Nashua Street at Red Auerbach Way","Latitude":42.365673000000001,"Longitude":-71.064262999999997,"District":"Boston","Public_":"Yes","Total_docks":37,"ObjectId":24}},{"type":"Feature","id":25,"geometry":{"type":"Point","coordinates":[-71.053181000338668,42.354659000193713]},"properties":{"Number":"A32026","Name":"Purchase St at Pearl St","Latitude":42.354658999999998,"Longitude":-71.053180999999995,"District":"Boston","Public_":"Yes","Total_docks":19,"ObjectId":25}},{"type":"Feature","id":26,"geometry":{"type":"Point","coordinates":[-71.016190949713589,42.38353252004211]},"properties":{"Number":"A32028","Name":"Bennington St at Byron St","Latitude":42.383532520000003,"Longitude":-71.016190949999995,"District":"Boston","Public_":"Yes","Total_docks":15,"ObjectId":26}},{"type":"Feature","id":27,"geometry":{"type":"Point","coordinates":[-71.03977828991151,42.368844080278706]},"properties":{"Number":"A32030","Name":"Maverick Square - Lewis Mall","Latitude":42.368844080000002,"Longitude":-71.039778290000001,"District":"Boston","Public_":"Yes","Total_docks":33,"ObjectId":27}},{"type":"Feature","id":28,"geometry":{"type":"Point","coordinates":[-71.039431000324356,42.369535999747974]},"properties":{"Number":"A32031","Name":"East Boston Neighborhood Health Center - 20 Maverick Square","Latitude":42.369535999999997,"Longitude":-71.039430999999993,"District":"Boston","Public_":"Yes","Total_docks":16,"ObjectId":28}},{"type":"Feature","id":29,"geometry":{"type":"Point","coordinates":[-71.044200999685799,42.370743999950982]},"properties":{"Number":"A32033","Name":"The Eddy - New St at Sumner St","Latitude":42.370744000000002,"Longitude":-71.044201000000001,"District":"Boston","Public_":"Yes","Total_docks":15,"ObjectId":29}},{"type":"Feature","id":30,"geometry":{"type":"Point","coordinates":[-71.006098000204076,42.386781000060203]},"properties":{"Number":"A32035","Name":"Orient Heights T Stop - Bennington St at Saratoga St","Latitude":42.386780999999999,"Longitude":-71.006097999999994,"District":"Boston","Public_":"Yes","Total_docks":19,"ObjectId":30}},{"type":"Feature","id":31,"geometry":{"type":"Point","coordinates":[-71.041020079637775,42.373312129839114]},"properties":{"Number":"A32036","Name":"Boston East - 126 Border St","Latitude":42.373312130000002,"Longitude":-71.041020079999996,"District":"Boston","Public_":"Yes","Total_docks":15,"ObjectId":31}},{"type":"Feature","id":32,"geometry":{"type":"Point","coordinates":[-71.010630689820289,42.385223939800319]},"properties":{"Number":"A32039","Name":"Bennington St at Constitution Beach","Latitude":42.385223940000003,"Longitude":-71.010630689999999,"District":"Boston","Public_":"Yes","Total_docks":17,"ObjectId":32}},{"type":"Feature","id":33,"geometry":{"type":"Point","coordinates":[-71.128524519611275,42.360273699885084]},"properties":{"Number":"A32040","Name":"Honan Library","Latitude":42.3602737,"Longitude":-71.128524519999999,"District":"Boston","Public_":"Yes","Total_docks":15,"ObjectId":33}},{"type":"Feature","id":34,"geometry":{"type":"Point","coordinates":[-71.03918548985888,42.375449130296921]},"properties":{"Number":"A32041","Name":"Central Square East Boston","Latitude":42.37544913,"Longitude":-71.039185489999994,"District":"Boston","Public_":"Yes","Total_docks":15,"ObjectId":34}},{"type":"Feature","id":35,"geometry":{"type":"Point","coordinates":[-71.056564009884568,42.352945700134867]},"properties":{"Number":"A32042","Name":"Surface Rd at Summer St","Latitude":42.352945699999999,"Longitude":-71.056564010000002,"District":"Boston","Public_":"Yes","Total_docks":27,"ObjectId":35}},{"type":"Feature","id":36,"geometry":{"type":"Point","coordinates":[-71.033359749951359,42.36774121989162]},"properties":{"Number":"A32044","Name":"Maverick St at Massport Path","Latitude":42.367741219999999,"Longitude":-71.033359750000002,"District":"Boston","Public_":"Yes","Total_docks":15,"ObjectId":36}},{"type":"Feature","id":37,"geometry":{"type":"Point","coordinates":[-71.141675380161999,42.356560920131606]},"properties":{"Number":"A32045","Name":"Boston Landing","Latitude":42.35656092,"Longitude":-71.141675379999995,"District":"Boston","Public_":"Yes","Total_docks":17,"ObjectId":37}},{"type":"Feature","id":38,"geometry":{"type":"Point","coordinates":[-71.035585399729626,42.370577530147791]},"properties":{"Number":"A32049","Name":"Gove St at Orleans St","Latitude":42.370577529999998,"Longitude":-71.035585400000002,"District":"Boston","Public_":"Yes","Total_docks":19,"ObjectId":38}},{"type":"Feature","id":39,"geometry":{"type":"Point","coordinates":[-71.028767820035441,42.36411903992699]},"properties":{"Number":"A32050","Name":"Porzio Park","Latitude":42.364119039999999,"Longitude":-71.028767819999999,"District":"Boston","Public_":"Yes","Total_docks":17,"ObjectId":39}},{"type":"Feature","id":40,"geometry":{"type":"Point","coordinates":[-71.02773300035399,42.379295000021493]},"properties":{"Number":"A32051","Name":"Day Sq","Latitude":42.379294999999999,"Longitude":-71.027732999999998,"District":"Boston","Public_":"Yes","Total_docks":16,"ObjectId":40}},{"type":"Feature","id":41,"geometry":{"type":"Point","coordinates":[-71.124200000189106,42.368018999760757]},"properties":{"Number":"A32052","Name":"Harvard Stadium: N. Harvard St at Soldiers Field Rd","Latitude":42.368018999999997,"Longitude":-71.124200000000002,"District":"Boston","Public_":"Yes","Total_docks":15,"ObjectId":41}},{"type":"Feature","id":42,"geometry":{"type":"Point","coordinates":[-71.059349029810477,42.364738989895002]},"properties":{"Number":"A32053","Name":"Valenti Way at Haverhill St","Latitude":42.364738989999999,"Longitude":-71.059349030000007,"District":"Boston","Public_":"Yes","Total_docks":24,"ObjectId":42}},{"type":"Feature","id":43,"geometry":{"type":"Point","coordinates":[-71.087985630438837,42.336244449858349]},"properties":{"Number":"B32002","Name":"Ruggles T Stop - Columbus Ave at Melnea Cass Blvd","Latitude":42.336244450000002,"Longitude":-71.087985630000006,"District":"Boston","Public_":"Yes","Total_docks":26,"ObjectId":43}},{"type":"Feature","id":44,"geometry":{"type":"Point","coordinates":[-71.102861170096801,42.337417479680902]},"properties":{"Number":"B32003","Name":"HMS/HSPH - Avenue Louis Pasteur at Longwood Ave","Latitude":42.337417479999999,"Longitude":-71.102861169999997,"District":"Boston","Public_":"Yes","Total_docks":25,"ObjectId":44}},{"type":"Feature","id":45,"geometry":{"type":"Point","coordinates":[-71.050439399583709,42.360441359943081]},"properties":{"Number":"B32004","Name":"Aquarium T Stop - 200 Atlantic Ave","Latitude":42.360441360000003,"Longitude":-71.050439400000002,"District":"Boston","Public_":"Yes","Total_docks":23,"ObjectId":45}},{"type":"Feature","id":46,"geometry":{"type":"Point","coordinates":[-71.08582377002891,42.343665820210816]},"properties":{"Number":"B32005","Name":"Christian Science Plaza - Massachusetts Ave at Westland Ave","Latitude":42.343665819999998,"Longitude":-71.085823770000005,"District":"Boston","Public_":"Yes","Total_docks":19,"ObjectId":46}},{"type":"Feature","id":47,"geometry":{"type":"Point","coordinates":[-71.100618840400344,42.340115120285589]},"properties":{"Number":"B32006","Name":"Colleges of the Fenway - Fenway at Avenue Louis Pasteur","Latitude":42.34011512,"Longitude":-71.100618839999996,"District":"Boston","Public_":"Yes","Total_docks":15,"ObjectId":47}},{"type":"Feature","id":48,"geometry":{"type":"Point","coordinates":[-71.044360850399016,42.351481930326791]},"properties":{"Number":"B32007","Name":"Seaport Square - Seaport Blvd at Northern Ave","Latitude":42.351481929999998,"Longitude":-71.044360850000004,"District":"Boston","Public_":"Yes","Total_docks":23,"ObjectId":48}},{"type":"Feature","id":49,"geometry":{"type":"Point","coordinates":[-71.05762900038313,42.358920000216749]},"properties":{"Number":"B32008","Name":"Boston City Hall - 28 State St","Latitude":42.358919999999998,"Longitude":-71.057629000000006,"District":"Boston","Public_":"Yes","Total_docks":25,"ObjectId":49}},{"type":"Feature","id":50,"geometry":{"type":"Point","coordinates":[-71.097008999956984,42.348706000173422]},"properties":{"Number":"B32010","Name":"Kenmore Square","Latitude":42.348706,"Longitude":-71.097009,"District":"Boston","Public_":"Yes","Total_docks":27,"ObjectId":50}},{"type":"Feature","id":51,"geometry":{"type":"Point","coordinates":[-71.104079179620854,42.33462893030206]},"properties":{"Number":"B32013","Name":"Brigham Circle - Francis St at Huntington Ave","Latitude":42.334628930000001,"Longitude":-71.104079179999999,"District":"Boston","Public_":"Yes","Total_docks":15,"ObjectId":51}},{"type":"Feature","id":52,"geometry":{"type":"Point","coordinates":[-71.041677439813228,42.348810260158103]},"properties":{"Number":"B32014","Name":"Seaport Hotel - Congress St at Seaport Ln","Latitude":42.34881026,"Longitude":-71.041677440000001,"District":"Boston","Public_":"Yes","Total_docks":19,"ObjectId":52}},{"type":"Feature","id":53,"geometry":{"type":"Point","coordinates":[-71.102352870071385,42.343690560055585]},"properties":{"Number":"B32015","Name":"Landmark Center - Brookline Ave at Park Dr","Latitude":42.343690559999999,"Longitude":-71.102352870000004,"District":"Boston","Public_":"Yes","Total_docks":15,"ObjectId":53}},{"type":"Feature","id":54,"geometry":{"type":"Point","coordinates":[-71.083865720288941,42.329842990055695]},"properties":{"Number":"B32017","Name":"Dudley Square - Bolling Building","Latitude":42.329842990000003,"Longitude":-71.083865720000006,"District":"Boston","Public_":"Yes","Total_docks":18,"ObjectId":54}},{"type":"Feature","id":55,"geometry":{"type":"Point","coordinates":[-71.086784149915999,42.347406210074901]},"properties":{"Number":"B32018","Name":"Boylston St at Massachusetts Ave","Latitude":42.347406210000003,"Longitude":-71.08678415,"District":"Boston","Public_":"Yes","Total_docks":15,"ObjectId":55}},{"type":"Feature","id":56,"geometry":{"type":"Point","coordinates":[-71.100693999745232,42.345733000150233]},"properties":{"Number":"B32020","Name":"Burlington Ave at Brookline Ave","Latitude":42.345733000000003,"Longitude":-71.100694000000004,"District":"Boston","Public_":"Yes","Total_docks":15,"ObjectId":56}},{"type":"Feature","id":57,"geometry":{"type":"Point","coordinates":[-71.096270980052182,42.337586010159328]},"properties":{"Number":"B32021","Name":"Wentworth Institute of Technology - Huntington Ave at Vancouver St","Latitude":42.337586010000003,"Longitude":-71.09627098,"District":"Boston","Public_":"Yes","Total_docks":14,"ObjectId":57}},{"type":"Feature","id":58,"geometry":{"type":"Point","coordinates":[-71.082430780200184,42.317873289793326]},"properties":{"Number":"B32022","Name":"Roxbury YMCA - Warren St at MLK Blvd","Latitude":42.317873290000001,"Longitude":-71.082430779999996,"District":"Boston","Public_":"Yes","Total_docks":10,"ObjectId":58}},{"type":"Feature","id":59,"geometry":{"type":"Point","coordinates":[-71.091260610385305,42.321438140163551]},"properties":{"Number":"B32023","Name":"MLK Blvd at Washington St","Latitude":42.321438139999998,"Longitude":-71.091260610000006,"District":"Boston","Public_":"Yes","Total_docks":15,"ObjectId":59}},{"type":"Feature","id":60,"geometry":{"type":"Point","coordinates":[-71.081197999677912,42.332816999762471]},"properties":{"Number":"B32026","Name":"Washington St at Melnea Cass Blvd","Latitude":42.332816999999999,"Longitude":-71.081198000000001,"District":"Boston","Public_":"Yes","Total_docks":19,"ObjectId":60}},{"type":"Feature","id":61,"geometry":{"type":"Point","coordinates":[-71.091945999794277,42.316901999865109]},"properties":{"Number":"B32027","Name":"NCAAA - Walnut Ave at Crawford St","Latitude":42.316901999999999,"Longitude":-71.091945999999993,"District":"Boston","Public_":"Yes","Total_docks":15,"ObjectId":61}},{"type":"Feature","id":62,"geometry":{"type":"Point","coordinates":[-71.080951999630599,42.307910000205936]},"properties":{"Number":"B32028","Name":"Grove Hall Library - 41 Geneva Ave","Latitude":42.30791,"Longitude":-71.080951999999996,"District":"Boston","Public_":"Yes","Total_docks":15,"ObjectId":62}},{"type":"Feature","id":63,"geometry":{"type":"Point","coordinates":[-71.072899999988749,42.309572000258392]},"properties":{"Number":"B32029","Name":"Columbia Rd at Ceylon St","Latitude":42.309572000000003,"Longitude":-71.072900000000004,"District":"Boston","Public_":"Yes","Total_docks":15,"ObjectId":63}},{"type":"Feature","id":64,"geometry":{"type":"Point","coordinates":[-71.065122489565098,42.307852239937638]},"properties":{"Number":"B32031","Name":"Bowdoin St at Quincy St","Latitude":42.307852240000003,"Longitude":-71.065122489999993,"District":"Boston","Public_":"Yes","Total_docks":15,"ObjectId":64}},{"type":"Feature","id":65,"geometry":{"type":"Point","coordinates":[-71.059795760204622,42.359825400094323]},"properties":{"Number":"B32032","Name":"Government Center - Cambridge St at Court St","Latitude":42.359825399999998,"Longitude":-71.05979576,"District":"Boston","Public_":"Yes","Total_docks":35,"ObjectId":65}},{"type":"Feature","id":66,"geometry":{"type":"Point","coordinates":[-71.098869959781041,42.336585550004081]},"properties":{"Number":"B32033","Name":"Huntington Ave at Mass Art","Latitude":42.336585550000002,"Longitude":-71.098869960000002,"District":"Boston","Public_":"Yes","Total_docks":15,"ObjectId":66}},{"type":"Feature","id":67,"geometry":{"type":"Point","coordinates":[-71.097325010205935,42.344650629948184]},"properties":{"Number":"B32034","Name":"Boylston St at Jersey St","Latitude":42.344650629999997,"Longitude":-71.097325010000006,"District":"Boston","Public_":"Yes","Total_docks":15,"ObjectId":67}},{"type":"Feature","id":68,"geometry":{"type":"Point","coordinates":[-71.150615200070504,42.335543080294343]},"properties":{"Number":"B32035","Name":"Cleveland Circle","Latitude":42.335543080000001,"Longitude":-71.150615200000004,"District":"Boston","Public_":"Yes","Total_docks":15,"ObjectId":68}},{"type":"Feature","id":69,"geometry":{"type":"Point","coordinates":[-71.10446508957871,42.333922699703379]},"properties":{"Number":"B32036","Name":"One Brigham Circle","Latitude":42.333922700000002,"Longitude":-71.104465090000005,"District":"Boston","Public_":"Yes","Total_docks":15,"ObjectId":69}},{"type":"Feature","id":70,"geometry":{"type":"Point","coordinates":[-71.097282100379772,42.349243769779896]},"properties":{"Number":"B32037","Name":"Deerfield St at Commonwealth Ave","Latitude":42.349243770000001,"Longitude":-71.097282100000001,"District":"Boston","Public_":"Yes","Total_docks":19,"ObjectId":70}},{"type":"Feature","id":71,"geometry":{"type":"Point","coordinates":[-71.090158199665282,42.32946329971999]},"properties":{"Number":"B32055","Name":"Bartlett St at John Elliot Sq","Latitude":42.3294633,"Longitude":-71.090158200000005,"District":"Boston","Public_":"Yes","Total_docks":15,"ObjectId":71}},{"type":"Feature","id":72,"geometry":{"type":"Point","coordinates":[-71.061666459563,42.356683349878544]},"properties":{"Number":"B32056","Name":"Tremont St at Hamilton Pl","Latitude":42.356683349999997,"Longitude":-71.061666459999998,"District":"Boston","Public_":"Yes","Total_docks":19,"ObjectId":72}},{"type":"Feature","id":73,"geometry":{"type":"Point","coordinates":[-71.100168080163812,42.347344730253184]},"properties":{"Number":"B32058","Name":"Lansdowne T Stop","Latitude":42.347344730000003,"Longitude":-71.100168080000003,"District":"Boston","Public_":"Yes","Total_docks":27,"ObjectId":73}},{"type":"Feature","id":74,"geometry":{"type":"Point","coordinates":[-71.092188620379474,42.332862880059864]},"properties":{"Number":"B32059","Name":"Whittier St Health Center","Latitude":42.33286288,"Longitude":-71.092188620000002,"District":"Boston","Public_":"Yes","Total_docks":19,"ObjectId":74}},{"type":"Feature","id":75,"geometry":{"type":"Point","coordinates":[-71.103915239776455,42.349609449953292]},"properties":{"Number":"B32060","Name":"700 Commonwealth Ave.","Latitude":42.349609450000003,"Longitude":-71.103915240000006,"District":"Boston","Public_":"Yes","Total_docks":16,"ObjectId":75}},{"type":"Feature","id":76,"geometry":{"type":"Point","coordinates":[-71.061351300018615,42.358477639784446]},"properties":{"Number":"B32061","Name":"One Beacon St","Latitude":42.358477639999997,"Longitude":-71.061351299999998,"District":"Boston","Public_":"Yes","Total_docks":16,"ObjectId":76}},{"type":"Feature","id":77,"geometry":{"type":"Point","coordinates":[-71.069616000058502,42.345392000084601]},"properties":{"Number":"C32000","Name":"Tremont St at E Berkeley St","Latitude":42.345391999999997,"Longitude":-71.069615999999996,"District":"Boston","Public_":"Yes","Total_docks":19,"ObjectId":77}},{"type":"Feature","id":78,"geometry":{"type":"Point","coordinates":[-71.095171000173281,42.331184000239105]},"properties":{"Number":"C32001","Name":"Roxbury Crossing T Stop - Columbus Ave at Tremont St","Latitude":42.331184,"Longitude":-71.095170999999993,"District":"Boston","Public_":"Yes","Total_docks":23,"ObjectId":78}},{"type":"Feature","id":79,"geometry":{"type":"Point","coordinates":[-71.076570149727019,42.348074120152248]},"properties":{"Number":"C32003","Name":"Back Bay T Stop - Dartmouth St at Stuart St","Latitude":42.34807412,"Longitude":-71.076570149999995,"District":"Boston","Public_":"Yes","Total_docks":19,"ObjectId":79}},{"type":"Feature","id":80,"geometry":{"type":"Point","coordinates":[-71.081619700313297,42.34083500006053]},"properties":{"Number":"C32004","Name":"Massachusetts Ave at Columbus Ave","Latitude":42.340834999999998,"Longitude":-71.081619700000005,"District":"Boston","Public_":"Yes","Total_docks":14,"ObjectId":80}},{"type":"Feature","id":81,"geometry":{"type":"Point","coordinates":[-71.079037790371459,42.335098990162081]},"properties":{"Number":"C32005","Name":"Washington St at Lenox St","Latitude":42.335098989999999,"Longitude":-71.079037790000001,"District":"Boston","Public_":"Yes","Total_docks":15,"ObjectId":81}},{"type":"Feature","id":82,"geometry":{"type":"Point","coordinates":[-71.074040829856855,42.338514600008175]},"properties":{"Number":"C32006","Name":"Washington St at Rutland St","Latitude":42.338514600000003,"Longitude":-71.074040830000001,"District":"Boston","Public_":"Yes","Total_docks":27,"ObjectId":82}},{"type":"Feature","id":83,"geometry":{"type":"Point","coordinates":[-71.080657769934035,42.346520039963721]},"properties":{"Number":"C32007","Name":"Prudential Center - 101 Huntington Ave","Latitude":42.346520040000001,"Longitude":-71.080657770000002,"District":"Boston","Public_":"Yes","Total_docks":18,"ObjectId":83}},{"type":"Feature","id":84,"geometry":{"type":"Point","coordinates":[-71.082369090194675,42.348803820263406]},"properties":{"Number":"C32008","Name":"Boylston St at Fairfield St","Latitude":42.348803820000001,"Longitude":-71.08236909,"District":"Boston","Public_":"Yes","Total_docks":19,"ObjectId":84}},{"type":"Feature","id":85,"geometry":{"type":"Point","coordinates":[-71.057376270157732,42.344040510195718]},"properties":{"Number":"C32009","Name":"Dorchester Ave at Gillette Park","Latitude":42.344040509999999,"Longitude":-71.057376270000006,"District":"Boston","Public_":"Yes","Total_docks":15,"ObjectId":85}},{"type":"Feature","id":86,"geometry":{"type":"Point","coordinates":[-71.051180359674461,42.320339740253175]},"properties":{"Number":"C32013","Name":"JFK/UMass T Stop","Latitude":42.320339740000001,"Longitude":-71.051180360000004,"District":"Boston","Public_":"Yes","Total_docks":31,"ObjectId":86}},{"type":"Feature","id":87,"geometry":{"type":"Point","coordinates":[-71.036485860190652,42.312189180219121]},"properties":{"Number":"C32014","Name":"University of Massachusetts Boston - Campus Center","Latitude":42.312189179999997,"Longitude":-71.036485859999999,"District":"Boston","Public_":"Yes","Total_docks":19,"ObjectId":87}},{"type":"Feature","id":88,"geometry":{"type":"Point","coordinates":[-71.046229000338613,42.335958980027179]},"properties":{"Number":"C32016","Name":"W Broadway at Dorchester St","Latitude":42.335958980000001,"Longitude":-71.046228999999997,"District":"Boston","Public_":"Yes","Total_docks":17,"ObjectId":88}},{"type":"Feature","id":89,"geometry":{"type":"Point","coordinates":[-71.038770000175347,42.335740999778878]},"properties":{"Number":"C32017","Name":"South Boston Library - 646 E Broadway","Latitude":42.335740999999999,"Longitude":-71.03877,"District":"Boston","Public_":"Yes","Total_docks":15,"ObjectId":89}},{"type":"Feature","id":90,"geometry":{"type":"Point","coordinates":[-71.028663999941415,42.344827000201775]},"properties":{"Number":"C32020","Name":"ID Building East","Latitude":42.344827000000002,"Longitude":-71.028664000000006,"District":"Boston","Public_":"Yes","Total_docks":17,"ObjectId":90}},{"type":"Feature","id":91,"geometry":{"type":"Point","coordinates":[-71.031613999960825,42.344795999765175]},"properties":{"Number":"C32021","Name":"ID Building West","Latitude":42.344796000000002,"Longitude":-71.031614000000005,"District":"Boston","Public_":"Yes","Total_docks":19,"ObjectId":91}},{"type":"Feature","id":92,"geometry":{"type":"Point","coordinates":[-71.066497999809599,42.326598999748313]},"properties":{"Number":"C32022","Name":"Newmarket Square T Stop - Massachusetts Ave at Newmarket Square","Latitude":42.326599000000002,"Longitude":-71.066497999999996,"District":"Boston","Public_":"Yes","Total_docks":15,"ObjectId":92}},{"type":"Feature","id":93,"geometry":{"type":"Point","coordinates":[-71.023738999870957,42.336448000163251]},"properties":{"Number":"C32023","Name":"Murphy Skating Rink - 1880 Day Blvd","Latitude":42.336447999999997,"Longitude":-71.023739000000006,"District":"Boston","Public_":"Yes","Total_docks":19,"ObjectId":93}},{"type":"Feature","id":94,"geometry":{"type":"Point","coordinates":[-71.052608000053212,42.344136999674355]},"properties":{"Number":"C32024","Name":"State Street at Channel Center","Latitude":42.344137000000003,"Longitude":-71.052608000000006,"District":"Boston","Public_":"Yes","Total_docks":19,"ObjectId":94}},{"type":"Feature","id":95,"geometry":{"type":"Point","coordinates":[-71.063187000115178,42.345900999765341]},"properties":{"Number":"C32025","Name":"Ink Block - Harrison Ave at Herald St","Latitude":42.345900999999998,"Longitude":-71.063186999999999,"District":"Boston","Public_":"Yes","Total_docks":27,"ObjectId":95}},{"type":"Feature","id":96,"geometry":{"type":"Point","coordinates":[-71.092225000351846,42.309796000232978]},"properties":{"Number":"C32027","Name":"Franklin Park - Seaver St at Humboldt Ave","Latitude":42.309795999999999,"Longitude":-71.092224999999999,"District":"Boston","Public_":"Yes","Total_docks":15,"ObjectId":96}},{"type":"Feature","id":97,"geometry":{"type":"Point","coordinates":[-71.044024000133788,42.344792000136039]},"properties":{"Number":"C32028","Name":"The Lawn on D","Latitude":42.344791999999998,"Longitude":-71.044023999999993,"District":"Boston","Public_":"Yes","Total_docks":19,"ObjectId":97}},{"type":"Feature","id":98,"geometry":{"type":"Point","coordinates":[-71.051443200438385,42.339108499851292]},"properties":{"Number":"C32029","Name":"W Broadway at D St","Latitude":42.339108500000002,"Longitude":-71.051443199999994,"District":"Boston","Public_":"Yes","Total_docks":23,"ObjectId":98}},{"type":"Feature","id":99,"geometry":{"type":"Point","coordinates":[-71.085346999971634,42.303469000148233]},"properties":{"Number":"C32030","Name":"Franklin Park Zoo - Franklin Park Rd at Blue Hill Ave","Latitude":42.303469,"Longitude":-71.085346999999999,"District":"Boston","Public_":"Yes","Total_docks":14,"ObjectId":99}},{"type":"Feature","id":100,"geometry":{"type":"Point","coordinates":[-71.037640000396323,42.348100000194634]},"properties":{"Number":"C32032","Name":"Congress St at Northern Ave","Latitude":42.348100000000002,"Longitude":-71.037639999999996,"District":"Boston","Public_":"Yes","Total_docks":15,"ObjectId":100}},{"type":"Feature","id":101,"geometry":{"type":"Point","coordinates":[-71.053900000213972,42.310599999899345]},"properties":{"Number":"C32033","Name":"Savin Hill T Stop - S Sydney St at Bay St","Latitude":42.310600000000001,"Longitude":-71.053899999999999,"District":"Boston","Public_":"Yes","Total_docks":14,"ObjectId":101}},{"type":"Feature","id":102,"geometry":{"type":"Point","coordinates":[-71.045692559688604,42.35158599982153]},"properties":{"Number":"C32034","Name":"Watermark Seaport - Boston Wharf Rd at Seaport Blvd","Latitude":42.351585999999998,"Longitude":-71.045692560000006,"District":"Boston","Public_":"Yes","Total_docks":15,"ObjectId":102}},{"type":"Feature","id":103,"geometry":{"type":"Point","coordinates":[-71.062255999629443,42.343748999858001]},"properties":{"Number":"C32035","Name":"Troy Boston","Latitude":42.343749000000003,"Longitude":-71.062256000000005,"District":"Boston","Public_":"Yes","Total_docks":14,"ObjectId":103}},{"type":"Feature","id":104,"geometry":{"type":"Point","coordinates":[-71.048173569959417,42.353178090244427]},"properties":{"Number":"C32036","Name":"Seaport Blvd at Sleeper St","Latitude":42.35317809,"Longitude":-71.048173570000003,"District":"Boston","Public_":"Yes","Total_docks":15,"ObjectId":104}},{"type":"Feature","id":105,"geometry":{"type":"Point","coordinates":[-71.079295279871232,42.304127930065732]},"properties":{"Number":"C32037","Name":"Four Corners - 157 Washington St","Latitude":42.30412793,"Longitude":-71.079295279999997,"District":"Boston","Public_":"Yes","Total_docks":11,"ObjectId":105}},{"type":"Feature","id":106,"geometry":{"type":"Point","coordinates":[-71.071806000194698,42.290333000231804]},"properties":{"Number":"C32038","Name":"Washington St at Talbot Ave","Latitude":42.290332999999997,"Longitude":-71.071805999999995,"District":"Boston","Public_":"Yes","Total_docks":17,"ObjectId":106}},{"type":"Feature","id":107,"geometry":{"type":"Point","coordinates":[-71.054666980006914,42.282975680192529]},"properties":{"Number":"C32040","Name":"Gallivan Blvd at Adams St","Latitude":42.28297568,"Longitude":-71.054666979999993,"District":"Boston","Public_":"Yes","Total_docks":15,"ObjectId":107}},{"type":"Feature","id":108,"geometry":{"type":"Point","coordinates":[-71.060689759982125,42.299633489901744]},"properties":{"Number":"C32041","Name":"Fields Corner T Stop","Latitude":42.299633489999998,"Longitude":-71.060689760000002,"District":"Boston","Public_":"Yes","Total_docks":15,"ObjectId":108}},{"type":"Feature","id":109,"geometry":{"type":"Point","coordinates":[-71.087111000135508,42.294583299956308]},"properties":{"Number":"C32043","Name":"Talbot Ave At Blue Hill Ave","Latitude":42.294583299999999,"Longitude":-71.087110999999993,"District":"Boston","Public_":"Yes","Total_docks":15,"ObjectId":109}},{"type":"Feature","id":110,"geometry":{"type":"Point","coordinates":[-71.093725520151295,42.27462066973527]},"properties":{"Number":"C32044","Name":"Blue Hill Ave at Almont St","Latitude":42.274620669999997,"Longitude":-71.093725520000007,"District":"Boston","Public_":"Yes","Total_docks":19,"ObjectId":110}},{"type":"Feature","id":111,"geometry":{"type":"Point","coordinates":[-71.093641000361146,42.267902000216175]},"properties":{"Number":"C32045","Name":"Mattapan T Stop","Latitude":42.267901999999999,"Longitude":-71.093641000000005,"District":"Boston","Public_":"Yes","Total_docks":15,"ObjectId":111}},{"type":"Feature","id":112,"geometry":{"type":"Point","coordinates":[-71.128205320343056,42.286307159807869]},"properties":{"Number":"C32046","Name":"Roslindale Village - Washington St","Latitude":42.28630716,"Longitude":-71.128205320000006,"District":"Boston","Public_":"Yes","Total_docks":15,"ObjectId":112}},{"type":"Feature","id":113,"geometry":{"type":"Point","coordinates":[-71.127753999557783,42.287071999963473]},"properties":{"Number":"C32047","Name":"Roslindale Village - South St","Latitude":42.287072000000002,"Longitude":-71.127753999999996,"District":"Boston","Public_":"Yes","Total_docks":15,"ObjectId":113}},{"type":"Feature","id":114,"geometry":{"type":"Point","coordinates":[-71.121195389786962,42.292665929702054]},"properties":{"Number":"C32048","Name":"Archdale Rd at Washington St","Latitude":42.292665929999998,"Longitude":-71.121195389999997,"District":"Boston","Public_":"Yes","Total_docks":15,"ObjectId":114}},{"type":"Feature","id":115,"geometry":{"type":"Point","coordinates":[-71.093249999650595,42.277388899755614]},"properties":{"Number":"C32050","Name":"Mattapan Library","Latitude":42.277388899999998,"Longitude":-71.093249999999998,"District":"Boston","Public_":"Yes","Total_docks":15,"ObjectId":115}},{"type":"Feature","id":116,"geometry":{"type":"Point","coordinates":[-71.089954339587948,42.372076580033614]},"properties":{"Number":"M32067","Name":"Berkshire Street at Cambridge Street","Latitude":42.372076579999998,"Longitude":-71.089954340000006,"District":"Cambridge","Public_":"Yes","Total_docks":19,"ObjectId":116}},{"type":"Feature","id":117,"geometry":{"type":"Point","coordinates":[-71.124498310033729,42.382944299881693]},"properties":{"Number":"M32068","Name":"Graham and Parks School – Linnaean St at Walker St","Latitude":42.382944299999998,"Longitude":-71.124498310000007,"District":"Cambridge","Public_":"Yes","Total_docks":19,"ObjectId":117}},{"type":"Feature","id":118,"geometry":{"type":"Point","coordinates":[-71.150583319759392,42.392397490320278]},"properties":{"Number":"M32069","Name":"Smith Pl at Wilson Rd","Latitude":42.39239749,"Longitude":-71.150583319999996,"District":"Cambridge","Public_":"Yes","Total_docks":19,"ObjectId":118}},{"type":"Feature","id":119,"geometry":{"type":"Point","coordinates":[-71.086698170363533,42.360541739901031]},"properties":{"Number":"M32070","Name":"MIT Carleton St at Amherst St","Latitude":42.360541740000002,"Longitude":-71.086698170000005,"District":"Cambridge","Public_":"Yes","Total_docks":27,"ObjectId":119}},{"type":"Feature","id":120,"geometry":{"type":"Point","coordinates":[-71.08551857998755,42.360859369749299]},"properties":{"Number":"M32071","Name":"MIT Hayward St at Amherst St","Latitude":42.36085937,"Longitude":-71.085518579999999,"District":"Cambridge","Public_":"Yes","Total_docks":27,"ObjectId":120}},{"type":"Feature","id":121,"geometry":{"type":"Point","coordinates":[-71.089740379751902,42.363003779918067]},"properties":{"Number":"M32072","Name":"Galileo Galilei Way at Main Street","Latitude":42.36300378,"Longitude":-71.089740379999995,"District":"Cambridge","Public_":"Yes","Total_docks":19,"ObjectId":121}},{"type":"Feature","id":122,"geometry":{"type":"Point","coordinates":[-71.109987799893148,42.368951809832005]},"properties":{"Number":"M32073","Name":"955 Mass Ave","Latitude":42.368951809999999,"Longitude":-71.109987799999999,"District":"Cambridge","Public_":"Yes","Total_docks":19,"ObjectId":122}},{"type":"Feature","id":123,"geometry":{"type":"Point","coordinates":[-71.153887699768489,42.390718999696922]},"properties":{"Number":"M32074","Name":"Concord Ave at Spinelli Place","Latitude":42.390718999999997,"Longitude":-71.153887699999999,"District":"Cambridge","Public_":"Yes","Total_docks":19,"ObjectId":123}},{"type":"Feature","id":124,"geometry":{"type":"Point","coordinates":[-71.139018999883092,42.389455999993359]},"properties":{"Number":"M32075","Name":"Danehy Park at New Street","Latitude":42.389456000000003,"Longitude":-71.139019000000005,"District":"Cambridge","Public_":"Yes","Total_docks":19,"ObjectId":124}},{"type":"Feature","id":125,"geometry":{"type":"Point","coordinates":[-71.108413339762649,42.357662479887736]},"properties":{"Number":"M32076","Name":"Old Morse Park at Putnam Ave","Latitude":42.357662480000002,"Longitude":-71.108413339999998,"District":"Cambridge","Public_":"Yes","Total_docks":15,"ObjectId":125}},{"type":"Feature","id":126,"geometry":{"type":"Point","coordinates":[-71.076198000162691,42.371140999747844]},"properties":{"Number":"M32077","Name":"Cambridge Crossing at North First Street","Latitude":42.371141000000001,"Longitude":-71.076198000000005,"District":"Cambridge","Public_":"Yes","Total_docks":23,"ObjectId":126}},{"type":"Feature","id":127,"geometry":{"type":"Point","coordinates":[-71.0885417998891,42.366420399892398]},"properties":{"Number":"M32078","Name":"Galileo Galilei Way at Fulkerson St/Binney St","Latitude":42.366420400000003,"Longitude":-71.088541800000002,"District":"Cambridge","Public_":"Yes","Total_docks":19,"ObjectId":127}},{"type":"Feature","id":128,"geometry":{"type":"Point","coordinates":[-71.127610010397532,42.387369539909059]},"properties":{"Number":"M32079","Name":"Raymond Park at Walden St","Latitude":42.387369540000002,"Longitude":-71.127610009999998,"District":"Cambridge","Public_":"Yes","Total_docks":19,"ObjectId":128}},{"type":"Feature","id":129,"geometry":{"type":"Point","coordinates":[-71.09156689996459,42.362901599799784]},"properties":{"Number":"M32080","Name":"Main Street/Albany Street/Technology Square","Latitude":42.362901600000001,"Longitude":-71.091566900000004,"District":"Cambridge","Public_":"Yes","Total_docks":23,"ObjectId":129}},{"type":"Feature","id":130,"geometry":{"type":"Point","coordinates":[-71.086342339594665,42.373079800253429]},"properties":{"Number":"M32081","Name":"Gore Street at Lambert Street","Latitude":42.373079799999999,"Longitude":-71.086342340000002,"District":"Cambridge","Public_":"Yes","Total_docks":19,"ObjectId":130}},{"type":"Feature","id":131,"geometry":{"type":"Point","coordinates":[-71.082870790297704,42.363045499668324]},"properties":{"Number":"M32082","Name":"Broad Canal Way at Third Street","Latitude":42.363045499999998,"Longitude":-71.082870790000001,"District":"Cambridge","Public_":"Yes","Total_docks":19,"ObjectId":131}},{"type":"Feature","id":132,"geometry":{"type":"Point","coordinates":[-71.086309599595808,42.369035670150744]},"properties":{"Number":"M32083","Name":"John Ahern Field at Kennedy-Longfellow School","Latitude":42.369035670000002,"Longitude":-71.086309600000007,"District":"Cambridge","Public_":"Yes","Total_docks":19,"ObjectId":132}},{"type":"Feature","id":133,"geometry":{"type":"Point","coordinates":[-71.144219039839044,42.395221870019675]},"properties":{"Number":"M32084","Name":"87-101 Cambridgepark Drive","Latitude":42.39522187,"Longitude":-71.144219039999996,"District":"Cambridge","Public_":"Yes","Total_docks":23,"ObjectId":133}},{"type":"Feature","id":134,"geometry":{"type":"Point","coordinates":[-71.100441839950022,42.363564989682111]},"properties":{"Number":"M32085","Name":"Mass Ave/Lafayette Square","Latitude":42.36356499,"Longitude":-71.100441840000002,"District":"Cambridge","Public_":"Yes","Total_docks":15,"ObjectId":134}},{"type":"Feature","id":135,"geometry":{"type":"Point","coordinates":[-71.075858470222968,42.371977259790661]},"properties":{"Number":"M32086","Name":"Morgan Ave at North First St","Latitude":42.371977260000001,"Longitude":-71.07585847,"District":"Cambridge","Public_":"Yes","Total_docks":23,"ObjectId":135}},{"type":"Feature","id":136,"geometry":{"type":"Point","coordinates":[-71.119664310199866,42.374339249794204]},"properties":{"Number":"M32087","Name":"Church St","Latitude":42.374339249999998,"Longitude":-71.119664310000005,"District":"Cambridge","Public_":"Yes","Total_docks":15,"ObjectId":136}},{"type":"Feature","id":137,"geometry":{"type":"Point","coordinates":[-71.143945999603375,42.390820999879821]},"properties":{"Number":"M32088","Name":"55 Wheeler Street","Latitude":42.390821000000003,"Longitude":-71.143946,"District":"Cambridge","Public_":"Yes","Total_docks":23,"ObjectId":137}},{"type":"Feature","id":138,"geometry":{"type":"Point","coordinates":[-71.087386320295352,42.364126590025087]},"properties":{"Number":"Z32998","Name":"Broadway at Kittie Knox Bike Path","Latitude":42.364126589999998,"Longitude":-71.087386319999993,"District":"Cambridge","Public_":"Yes","Total_docks":23,"ObjectId":138}},{"type":"Feature","id":139,"geometry":{"type":"Point","coordinates":[-71.111697999954629,42.363538999851215]},"properties":{"Number":"M32089","Name":"Moore Youth Center","Latitude":42.363539000000003,"Longitude":-71.111698000000004,"District":"Cambridge","Public_":"Yes","Total_docks":15,"ObjectId":139}},{"type":"Feature","id":140,"geometry":{"type":"Point","coordinates":[-71.024949999840857,42.333400000255438]},"properties":{"Number":"C32051","Name":"Farragut Rd at E. 6th St","Latitude":42.333399999999997,"Longitude":-71.024950000000004,"District":"Boston","Public_":"Yes","Total_docks":23,"ObjectId":140}},{"type":"Feature","id":141,"geometry":{"type":"Point","coordinates":[-71.076638000378736,42.370981999966624]},"properties":{"Number":"M32090","Name":"O'Brien Highway at First Street","Latitude":42.370981999999998,"Longitude":-71.076638000000003,"District":"Cambridge","Public_":"Yes","Total_docks":19,"ObjectId":141}},{"type":"Feature","id":142,"geometry":{"type":"Point","coordinates":[-71.089030000110057,42.367220000263586]},"properties":{"Number":"M32091","Name":"325 Binney St.","Latitude":42.367220000000003,"Longitude":-71.089029999999994,"District":"Cambridge","Public_":"Yes","Total_docks":19,"ObjectId":142}},{"type":"Feature","id":143,"geometry":{"type":"Point","coordinates":[-71.076528999700471,42.370676999940052]},"properties":{"Number":"M32001","Name":"Lechmere Station at Cambridge St / First St","Latitude":42.370677000000001,"Longitude":-71.076528999999994,"District":"Cambridge","Public_":"Yes","Total_docks":19,"ObjectId":143}},{"type":"Feature","id":144,"geometry":{"type":"Point","coordinates":[-71.030709719863211,42.398135649858752]},"properties":{"Number":"H32001","Name":"Cary Square","Latitude":42.39813565,"Longitude":-71.030709720000004,"District":"Chelsea","Public_":"Yes","Total_docks":12,"ObjectId":144}},{"type":"Feature","id":145,"geometry":{"type":"Point","coordinates":[-71.033445600146436,42.393196109794232]},"properties":{"Number":"H32002","Name":"Bellingham Square","Latitude":42.393196109999998,"Longitude":-71.033445599999993,"District":"Chelsea","Public_":"Yes","Total_docks":11,"ObjectId":145}},{"type":"Feature","id":146,"geometry":{"type":"Point","coordinates":[-71.038570179821889,42.390226710258425]},"properties":{"Number":"H32003","Name":"Chelsea Square","Latitude":42.39022671,"Longitude":-71.038570179999994,"District":"Chelsea","Public_":"Yes","Total_docks":11,"ObjectId":146}},{"type":"Feature","id":147,"geometry":{"type":"Point","coordinates":[-71.030855940438641,42.394530790170045]},"properties":{"Number":"H32004","Name":"Broadway at Gerrish Ave","Latitude":42.394530789999997,"Longitude":-71.030855939999995,"District":"Chelsea","Public_":"Yes","Total_docks":11,"ObjectId":147}},{"type":"Feature","id":148,"geometry":{"type":"Point","coordinates":[-71.039871790159538,42.396365280034658]},"properties":{"Number":"H32005","Name":"Chelsea Station","Latitude":42.396365279999998,"Longitude":-71.039871790000007,"District":"Chelsea","Public_":"Yes","Total_docks":11,"ObjectId":148}},{"type":"Feature","id":149,"geometry":{"type":"Point","coordinates":[-71.023909229718996,42.39841772999646]},"properties":{"Number":"H32006","Name":"855 Broadway","Latitude":42.398417729999998,"Longitude":-71.023909230000001,"District":"Chelsea","Public_":"Yes","Total_docks":11,"ObjectId":149}},{"type":"Feature","id":150,"geometry":{"type":"Point","coordinates":[-71.068232650216501,42.41143223027337]},"properties":{"Number":"V32001","Name":"7 Acre Park","Latitude":42.411432230000003,"Longitude":-71.068232649999999,"District":"Everett","Public_":"Yes","Total_docks":15,"ObjectId":150}},{"type":"Feature","id":151,"geometry":{"type":"Point","coordinates":[-71.05578599967825,42.406872000198256]},"properties":{"Number":"V32003","Name":"Everett Square (Broadway at Chelsea St)","Latitude":42.406872,"Longitude":-71.055785999999998,"District":"Everett","Public_":"Yes","Total_docks":16,"ObjectId":151}},{"type":"Feature","id":152,"geometry":{"type":"Point","coordinates":[-71.06546759983938,42.396483580140391]},"properties":{"Number":"V32004","Name":"Broadway at Lynde St","Latitude":42.396483580000002,"Longitude":-71.065467600000005,"District":"Everett","Public_":"Yes","Total_docks":15,"ObjectId":152}},{"type":"Feature","id":153,"geometry":{"type":"Point","coordinates":[-71.072447600326825,42.393292629945918]},"properties":{"Number":"V32005","Name":"Encore","Latitude":42.393292629999998,"Longitude":-71.072447600000004,"District":"Everett","Public_":"Yes","Total_docks":15,"ObjectId":153}},{"type":"Feature","id":154,"geometry":{"type":"Point","coordinates":[-71.04479656026129,42.414272939776055]},"properties":{"Number":"V32006","Name":"Glendale Square (Ferry St at Broadway)","Latitude":42.414272939999996,"Longitude":-71.044796559999995,"District":"Everett","Public_":"Yes","Total_docks":15,"ObjectId":154}},{"type":"Feature","id":155,"geometry":{"type":"Point","coordinates":[-71.058422249609947,42.412504510269549]},"properties":{"Number":"V32007","Name":"Swan St. Park","Latitude":42.412504509999998,"Longitude":-71.058422250000007,"District":"Everett","Public_":"Yes","Total_docks":15,"ObjectId":155}},{"type":"Feature","id":156,"geometry":{"type":"Point","coordinates":[-71.052604580166928,42.410346910235397]},"properties":{"Number":"V32008","Name":"Broadway at Maple St","Latitude":42.410346910000001,"Longitude":-71.052604579999993,"District":"Everett","Public_":"Yes","Total_docks":14,"ObjectId":156}},{"type":"Feature","id":157,"geometry":{"type":"Point","coordinates":[-71.063738430054016,42.398360600137565]},"properties":{"Number":"V32011","Name":"Broadway at Beacham St","Latitude":42.398360599999997,"Longitude":-71.063738430000001,"District":"Everett","Public_":"Yes","Total_docks":15,"ObjectId":157}},{"type":"Feature","id":158,"geometry":{"type":"Point","coordinates":[-71.052818300152808,42.415327100235501]},"properties":{"Number":"V32012","Name":"Hale Park","Latitude":42.415327099999999,"Longitude":-71.052818299999998,"District":"Everett","Public_":"Yes","Total_docks":11,"ObjectId":158}},{"type":"Feature","id":159,"geometry":{"type":"Point","coordinates":[-71.06041654996487,42.406161239847151]},"properties":{"Number":"V32013","Name":"Kearins Playground","Latitude":42.406161240000003,"Longitude":-71.060416549999999,"District":"Everett","Public_":"Yes","Total_docks":11,"ObjectId":159}},{"type":"Feature","id":160,"geometry":{"type":"Point","coordinates":[-71.042900000202536,42.408155999718126]},"properties":{"Number":"V32015","Name":"Gramsdorf Playground","Latitude":42.408155999999998,"Longitude":-71.042900000000003,"District":"Everett","Public_":"Yes","Total_docks":14,"ObjectId":160}},{"type":"Feature","id":161,"geometry":{"type":"Point","coordinates":[-71.047314410441913,42.403369459684143]},"properties":{"Number":"V32016","Name":"Chelsea St at Vine St","Latitude":42.40336946,"Longitude":-71.047314409999998,"District":"Everett","Public_":"Yes","Total_docks":11,"ObjectId":161}},{"type":"Feature","id":162,"geometry":{"type":"Point","coordinates":[-71.044197680410832,42.420348699803853]},"properties":{"Number":"V32009","Name":"Pope John High School","Latitude":42.420348699999998,"Longitude":-71.044197679999996,"District":"Everett","Public_":"Yes","Total_docks":15,"ObjectId":162}},{"type":"Feature","id":163,"geometry":{"type":"Point","coordinates":[-71.073178999648007,42.42654099993468]},"properties":{"Number":"G32001","Name":"Malden Center T Station","Latitude":42.426541,"Longitude":-71.073178999999996,"District":"Malden","Public_":"Yes","Total_docks":11,"ObjectId":163}},{"type":"Feature","id":164,"geometry":{"type":"Point","coordinates":[-71.0677930003434,42.423860000217864]},"properties":{"Number":"G32002","Name":"Northern Strand at Main St","Latitude":42.423859999999998,"Longitude":-71.067792999999995,"District":"Malden","Public_":"Yes","Total_docks":11,"ObjectId":164}},{"type":"Feature","id":165,"geometry":{"type":"Point","coordinates":[-71.063936949646973,42.426537659975153]},"properties":{"Number":"G32003","Name":"Malden High School","Latitude":42.426537660000001,"Longitude":-71.063936949999999,"District":"Malden","Public_":"Yes","Total_docks":11,"ObjectId":165}},{"type":"Feature","id":166,"geometry":{"type":"Point","coordinates":[-71.075731820344316,42.402368200021648]},"properties":{"Number":"V32014","Name":"Wellington MBTA","Latitude":42.402368199999998,"Longitude":-71.075731820000001,"District":"Medford","Public_":"Yes","Total_docks":19,"ObjectId":166}},{"type":"Feature","id":167,"geometry":{"type":"Point","coordinates":[-71.110444000327021,42.411708999746104]},"properties":{"Number":"F32001","Name":"Main St at Brooks Park","Latitude":42.411709000000002,"Longitude":-71.110444000000001,"District":"Medford","Public_":"Yes","Total_docks":11,"ObjectId":167}},{"type":"Feature","id":168,"geometry":{"type":"Point","coordinates":[-71.108101999854853,42.41772399977642]},"properties":{"Number":"F32002","Name":"Medford Sq - Riverside Ave at River St","Latitude":42.417724,"Longitude":-71.108102000000002,"District":"Medford","Public_":"Yes","Total_docks":11,"ObjectId":168}},{"type":"Feature","id":169,"geometry":{"type":"Point","coordinates":[-71.106127999628711,42.401696999806077]},"properties":{"Number":"F32003","Name":"Tufts Sq - Main St at Medford St","Latitude":42.401696999999999,"Longitude":-71.106127999999998,"District":"Medford","Public_":"Yes","Total_docks":11,"ObjectId":169}},{"type":"Feature","id":170,"geometry":{"type":"Point","coordinates":[-71.096515060399696,42.407216440044031]},"properties":{"Number":"F32006","Name":"Hormel Stadium","Latitude":42.407216439999999,"Longitude":-71.096515060000002,"District":"Medford","Public_":"Yes","Total_docks":11,"ObjectId":170}},{"type":"Feature","id":171,"geometry":{"type":"Point","coordinates":[-71.081528659652534,42.410818370290137]},"properties":{"Number":"F32004","Name":"Harris Park","Latitude":42.410818370000001,"Longitude":-71.081528660000004,"District":"Medford","Public_":"Yes","Total_docks":11,"ObjectId":171}},{"type":"Feature","id":172,"geometry":{"type":"Point","coordinates":[-71.091245409992396,42.423331369945572]},"properties":{"Number":"F32005","Name":"Haines Square","Latitude":42.42333137,"Longitude":-71.091245409999999,"District":"Medford","Public_":"Yes","Total_docks":11,"ObjectId":172}},{"type":"Feature","id":173,"geometry":{"type":"Point","coordinates":[-71.126081279904895,42.417590899748816]},"properties":{"Number":"ZZ32996","Name":"Auburn St. at Mystic River","Latitude":42.4175909,"Longitude":-71.126081279999994,"District":"Medford","Public_":"Yes","Total_docks":11,"ObjectId":173}},{"type":"Feature","id":174,"geometry":{"type":"Point","coordinates":[-71.133482999892365,42.420647000126834]},"properties":{"Number":"F32007","Name":"West Medford Square (Bower St at Harvard Ave)","Latitude":42.420647000000002,"Longitude":-71.133482999999998,"District":"Medford","Public_":"Yes","Total_docks":11,"ObjectId":174}},{"type":"Feature","id":175,"geometry":{"type":"Point","coordinates":[-71.096572210319763,42.418007430270521]},"properties":{"Number":"F32008","Name":"Logan Park","Latitude":42.418007430000003,"Longitude":-71.096572210000005,"District":"Medford","Public_":"Yes","Total_docks":11,"ObjectId":175}},{"type":"Feature","id":176,"geometry":{"type":"Point","coordinates":[-71.186419429604783,42.3557433502178]},"properties":{"Number":"N32000","Name":"Centre St at Washington St","Latitude":42.355743349999997,"Longitude":-71.186419430000001,"District":"Newton","Public_":"Yes","Total_docks":11,"ObjectId":176}},{"type":"Feature","id":177,"geometry":{"type":"Point","coordinates":[-71.199437069998865,42.353890239908871]},"properties":{"Number":"N32001","Name":"Washington St at Crafts St","Latitude":42.353890239999998,"Longitude":-71.199437070000002,"District":"Newton","Public_":"Yes","Total_docks":11,"ObjectId":177}},{"type":"Feature","id":178,"geometry":{"type":"Point","coordinates":[-71.201462000210043,42.360684559892093]},"properties":{"Number":"N32002","Name":"Nonantum Library","Latitude":42.360684560000003,"Longitude":-71.201462000000006,"District":"Newton","Public_":"Yes","Total_docks":15,"ObjectId":178}},{"type":"Feature","id":179,"geometry":{"type":"Point","coordinates":[-71.18604537022216,42.357119210215259]},"properties":{"Number":"N32003","Name":"Bacon St at Washington St","Latitude":42.35711921,"Longitude":-71.186045370000002,"District":"Newton","Public_":"Yes","Total_docks":11,"ObjectId":179}},{"type":"Feature","id":180,"geometry":{"type":"Point","coordinates":[-71.226274970340583,42.349600499941076]},"properties":{"Number":"N32005","Name":"West Newton","Latitude":42.349600500000001,"Longitude":-71.226274970000006,"District":"Newton","Public_":"Yes","Total_docks":15,"ObjectId":180}},{"type":"Feature","id":181,"geometry":{"type":"Point","coordinates":[-71.192860999673883,42.330528000003781]},"properties":{"Number":"N32008","Name":"Union St at Herrick Rd","Latitude":42.330528000000001,"Longitude":-71.192860999999994,"District":"Newton","Public_":"Yes","Total_docks":11,"ObjectId":181}},{"type":"Feature","id":182,"geometry":{"type":"Point","coordinates":[-71.1670893402856,42.339878920315968]},"properties":{"Number":"N32009","Name":"Boston College T","Latitude":42.339878919999997,"Longitude":-71.167089340000004,"District":"Newton","Public_":"Yes","Total_docks":17,"ObjectId":182}},{"type":"Feature","id":183,"geometry":{"type":"Point","coordinates":[-71.206372980273855,42.322065659793509]},"properties":{"Number":"N32010","Name":"Newton Highlands T","Latitude":42.32206566,"Longitude":-71.206372979999998,"District":"Newton","Public_":"Yes","Total_docks":15,"ObjectId":183}},{"type":"Feature","id":184,"geometry":{"type":"Point","coordinates":[-71.202360390054338,42.365148710276081]},"properties":{"Number":"N32011","Name":"California at Chapel","Latitude":42.36514871,"Longitude":-71.202360389999996,"District":"Newton","Public_":"Yes","Total_docks":12,"ObjectId":184}},{"type":"Feature","id":185,"geometry":{"type":"Point","coordinates":[-71.206684109975868,42.330062320283723]},"properties":{"Number":"N32012","Name":"Beacon at Walnut","Latitude":42.330062320000003,"Longitude":-71.206684109999998,"District":"Newton","Public_":"Yes","Total_docks":15,"ObjectId":185}},{"type":"Feature","id":186,"geometry":{"type":"Point","coordinates":[-71.207794549837928,42.336203369715321]},"properties":{"Number":"N32013","Name":"Newton Library","Latitude":42.33620337,"Longitude":-71.207794550000003,"District":"Newton","Public_":"Yes","Total_docks":13,"ObjectId":186}},{"type":"Feature","id":187,"geometry":{"type":"Point","coordinates":[-71.207649709973097,42.351458120322818]},"properties":{"Number":"N32014","Name":"Washington St at Walnut St","Latitude":42.351458119999997,"Longitude":-71.207649709999998,"District":"Newton","Public_":"Yes","Total_docks":11,"ObjectId":187}},{"type":"Feature","id":188,"geometry":{"type":"Point","coordinates":[-71.247759459561266,42.348055409713517]},"properties":{"Number":"N32015","Name":"Auburndale","Latitude":42.348055410000001,"Longitude":-71.247759459999997,"District":"Newton","Public_":"Yes","Total_docks":15,"ObjectId":188}},{"type":"Feature","id":189,"geometry":{"type":"Point","coordinates":[-71.193442100068239,42.336235800081319]},"properties":{"Number":"N32018","Name":"Centre St at Commonwealth Ave","Latitude":42.336235799999997,"Longitude":-71.193442099999999,"District":"Newton","Public_":"Yes","Total_docks":11,"ObjectId":189}},{"type":"Feature","id":190,"geometry":{"type":"Point","coordinates":[-71.213822140291484,42.354104079867284]},"properties":{"Number":"N32006","Name":"Watertown St at Albemarle Rd","Latitude":42.354104079999999,"Longitude":-71.213822140000005,"District":"Newton","Public_":"Yes","Total_docks":11,"ObjectId":190}},{"type":"Feature","id":191,"geometry":{"type":"Point","coordinates":[-71.013899999600696,42.407410000200933]},"properties":{"Number":"R32006","Name":"Revere City Hall","Latitude":42.407409999999999,"Longitude":-71.013900000000007,"District":"Revere","Public_":"Yes","Total_docks":11,"ObjectId":191}},{"type":"Feature","id":192,"geometry":{"type":"Point","coordinates":[-71.008941999918278,42.408088000268293]},"properties":{"Number":"R32007","Name":"Revere Public Library","Latitude":42.408087999999999,"Longitude":-71.008942000000005,"District":"Revere","Public_":"Yes","Total_docks":11,"ObjectId":192}},{"type":"Feature","id":193,"geometry":{"type":"Point","coordinates":[-70.992724299970732,42.407156560236352]},"properties":{"Number":"R32002","Name":"Orr Sq (Shirley Ave)","Latitude":42.407156559999997,"Longitude":-70.992724300000006,"District":"Revere","Public_":"Yes","Total_docks":11,"ObjectId":193}},{"type":"Feature","id":194,"geometry":{"type":"Point","coordinates":[-70.998048479912413,42.408337060164442]},"properties":{"Number":"R32001","Name":"Sumner St at Shirley Ave","Latitude":42.408337060000001,"Longitude":-70.998048479999994,"District":"Revere","Public_":"Yes","Total_docks":11,"ObjectId":194}},{"type":"Feature","id":195,"geometry":{"type":"Point","coordinates":[-70.880691109636075,42.521892839846046]},"properties":{"Number":"T32001","Name":"Salem Ferry Landing","Latitude":42.52189284,"Longitude":-70.880691110000001,"District":"Salem","Public_":"Yes","Total_docks":11,"ObjectId":195}},{"type":"Feature","id":196,"geometry":{"type":"Point","coordinates":[-70.870214399837195,42.534669110185241]},"properties":{"Number":"T32002","Name":"Salem Willows Park","Latitude":42.534669110000003,"Longitude":-70.870214399999995,"District":"Salem","Public_":"Yes","Total_docks":15,"ObjectId":196}},{"type":"Feature","id":197,"geometry":{"type":"Point","coordinates":[-70.889523630275477,42.518367879945338]},"properties":{"Number":"T32003","Name":"Shetland Park - Congress at Peabody St","Latitude":42.51836788,"Longitude":-70.889523629999999,"District":"Salem","Public_":"Yes","Total_docks":11,"ObjectId":197}},{"type":"Feature","id":198,"geometry":{"type":"Point","coordinates":[-70.895700749799644,42.518035199766764]},"properties":{"Number":"T32004","Name":"Mayor Salvo Path at Mill St","Latitude":42.5180352,"Longitude":-70.895700750000003,"District":"Salem","Public_":"Yes","Total_docks":11,"ObjectId":198}},{"type":"Feature","id":199,"geometry":{"type":"Point","coordinates":[-70.89611112986583,42.523452389673416]},"properties":{"Number":"T32005","Name":"Salem MBTA - Washington at Federal St","Latitude":42.523452390000003,"Longitude":-70.896111129999994,"District":"Salem","Public_":"Yes","Total_docks":13,"ObjectId":199}},{"type":"Feature","id":200,"geometry":{"type":"Point","coordinates":[-70.89183301022473,42.511427840207872]},"properties":{"Number":"T32006","Name":"Lafayette at Leach St","Latitude":42.511427840000003,"Longitude":-70.891833009999999,"District":"Salem","Public_":"Yes","Total_docks":11,"ObjectId":200}},{"type":"Feature","id":201,"geometry":{"type":"Point","coordinates":[-70.894780759964348,42.501823989968585]},"properties":{"Number":"T32007","Name":"Salem State University - Bike Path at Loring Ave","Latitude":42.501823989999998,"Longitude":-70.894780760000003,"District":"Salem","Public_":"Yes","Total_docks":15,"ObjectId":201}},{"type":"Feature","id":202,"geometry":{"type":"Point","coordinates":[-70.890333100381369,42.52237140012933]},"properties":{"Number":"T32008","Name":"Hawthorne Boulevard","Latitude":42.522371399999997,"Longitude":-70.890333100000007,"District":"Salem","Public_":"Yes","Total_docks":9,"ObjectId":202}},{"type":"Feature","id":203,"geometry":{"type":"Point","coordinates":[-70.89144400018084,42.50333199998056]},"properties":{"Number":"T32009","Name":"Salem State University - North Campus","Latitude":42.503332,"Longitude":-70.891444000000007,"District":"Salem","Public_":"Yes","Total_docks":11,"ObjectId":203}},{"type":"Feature","id":204,"geometry":{"type":"Point","coordinates":[-70.905534999778681,42.516222999876106]},"properties":{"Number":"T32011","Name":"Essex St at Dalton Parkway","Latitude":42.516222999999997,"Longitude":-70.905535,"District":"Salem","Public_":"Yes","Total_docks":11,"ObjectId":204}},{"type":"Feature","id":205,"geometry":{"type":"Point","coordinates":[-70.886930000014118,42.506395000123511]},"properties":{"Number":"T32010","Name":"Forest River Park","Latitude":42.506394999999998,"Longitude":-70.886930000000007,"District":"Salem","Public_":"Yes","Total_docks":11,"ObjectId":205}},{"type":"Feature","id":206,"geometry":{"type":"Point","coordinates":[-70.896840000429478,42.523993999943031]},"properties":{"Number":"T32012","Name":"Salem MBTA - Lower Level","Latitude":42.523994000000002,"Longitude":-70.896839999999997,"District":"Salem","Public_":"Yes","Total_docks":11,"ObjectId":206}},{"type":"Feature","id":207,"geometry":{"type":"Point","coordinates":[-70.906271000270749,42.520136000305008]},"properties":{"Number":"T32013","Name":"Community Life Center","Latitude":42.520136000000001,"Longitude":-70.906271000000004,"District":"Salem","Public_":"Yes","Total_docks":9,"ObjectId":207}},{"type":"Feature","id":208,"geometry":{"type":"Point","coordinates":[-70.910527999621195,42.520897000092461]},"properties":{"Number":"T32014","Name":"Goodhue St at Grove St","Latitude":42.520896999999998,"Longitude":-70.910527999999999,"District":"Salem","Public_":"Yes","Total_docks":11,"ObjectId":208}},{"type":"Feature","id":209,"geometry":{"type":"Point","coordinates":[-70.906142589694156,42.529899649928218]},"properties":{"Number":"T32015","Name":"North St at Liberty Hill Ave","Latitude":42.529899649999997,"Longitude":-70.906142590000002,"District":"Salem","Public_":"Yes","Total_docks":11,"ObjectId":209}},{"type":"Feature","id":210,"geometry":{"type":"Point","coordinates":[-70.90166733027236,42.486287849898574]},"properties":{"Number":"T32017","Name":"Vinnin Square","Latitude":42.486287849999997,"Longitude":-70.901667329999995,"District":"Salem","Public_":"Yes","Total_docks":11,"ObjectId":210}},{"type":"Feature","id":211,"geometry":{"type":"Point","coordinates":[-70.889711379966485,42.528100519964454]},"properties":{"Number":"T32016","Name":"Bridge Street Neck","Latitude":42.528100520000002,"Longitude":-70.889711379999994,"District":"Salem","Public_":"Yes","Total_docks":11,"ObjectId":211}},{"type":"Feature","id":212,"geometry":{"type":"Point","coordinates":[-70.891390439928671,42.520096179962437]},"properties":{"Number":"T32018","Name":"Derby Street","Latitude":42.520096180000003,"Longitude":-70.891390439999995,"District":"Salem","Public_":"Yes","Total_docks":11,"ObjectId":212}},{"type":"Feature","id":213,"geometry":{"type":"Point","coordinates":[-71.098120000367757,42.386843999871424]},"properties":{"Number":"S32001","Name":"Somerville City Hall","Latitude":42.386844000000004,"Longitude":-71.098119999999994,"District":"Somerville","Public_":"Yes","Total_docks":19,"ObjectId":213}},{"type":"Feature","id":214,"geometry":{"type":"Point","coordinates":[-71.095404759776514,42.379647899940501]},"properties":{"Number":"S32002","Name":"Union Square - Somerville","Latitude":42.379647900000002,"Longitude":-71.095404759999994,"District":"Somerville","Public_":"Yes","Total_docks":19,"ObjectId":214}},{"type":"Feature","id":215,"geometry":{"type":"Point","coordinates":[-71.107072229603631,42.378753510022527]},"properties":{"Number":"S32003","Name":"Beacon St at Washington / Kirkland","Latitude":42.378753510000003,"Longitude":-71.10707223,"District":"Somerville","Public_":"Yes","Total_docks":19,"ObjectId":215}},{"type":"Feature","id":216,"geometry":{"type":"Point","coordinates":[-71.108536719773667,42.383638949743194]},"properties":{"Number":"S32004","Name":"Conway Park - Somerville Avenue","Latitude":42.383638949999998,"Longitude":-71.108536720000004,"District":"Somerville","Public_":"Yes","Total_docks":23,"ObjectId":216}},{"type":"Feature","id":217,"geometry":{"type":"Point","coordinates":[-71.11412135994378,42.385675789960331]},"properties":{"Number":"S32005","Name":"Wilson Square","Latitude":42.385675790000001,"Longitude":-71.114121359999999,"District":"Somerville","Public_":"Yes","Total_docks":15,"ObjectId":217}},{"type":"Feature","id":218,"geometry":{"type":"Point","coordinates":[-71.123024000379317,42.396969000111362]},"properties":{"Number":"S32006","Name":"Davis Square","Latitude":42.396968999999999,"Longitude":-71.123024000000001,"District":"Somerville","Public_":"Yes","Total_docks":25,"ObjectId":218}},{"type":"Feature","id":219,"geometry":{"type":"Point","coordinates":[-71.111115219710697,42.399368160117518]},"properties":{"Number":"S32007","Name":"Ball Sq","Latitude":42.399368160000002,"Longitude":-71.111115220000002,"District":"Somerville","Public_":"Yes","Total_docks":19,"ObjectId":219}},{"type":"Feature","id":220,"geometry":{"type":"Point","coordinates":[-71.116771999987989,42.400876999745442]},"properties":{"Number":"S32008","Name":"Powder House Circle - Nathan Tufts Park","Latitude":42.400877000000001,"Longitude":-71.116771999999997,"District":"Somerville","Public_":"Yes","Total_docks":15,"ObjectId":220}},{"type":"Feature","id":221,"geometry":{"type":"Point","coordinates":[-71.123412999643421,42.404489999941575]},"properties":{"Number":"S32009","Name":"Packard Ave at Powderhouse Blvd","Latitude":42.404490000000003,"Longitude":-71.123412999999999,"District":"Somerville","Public_":"Yes","Total_docks":15,"ObjectId":221}},{"type":"Feature","id":222,"geometry":{"type":"Point","coordinates":[-71.132445999999732,42.406302000031495]},"properties":{"Number":"S32010","Name":"Clarendon Hill at Broadway","Latitude":42.406301999999997,"Longitude":-71.132446000000002,"District":"Somerville","Public_":"Yes","Total_docks":15,"ObjectId":222}},{"type":"Feature","id":223,"geometry":{"type":"Point","coordinates":[-71.125907930207887,42.400879499935819]},"properties":{"Number":"S32011","Name":"Teele Square","Latitude":42.400879500000002,"Longitude":-71.125907929999997,"District":"Somerville","Public_":"Yes","Total_docks":15,"ObjectId":223}},{"type":"Feature","id":224,"geometry":{"type":"Point","coordinates":[-71.105940039731919,42.397783399831368]},"properties":{"Number":"S32013","Name":"Magoun Square at Trum Field","Latitude":42.397783400000002,"Longitude":-71.105940039999993,"District":"Somerville","Public_":"Yes","Total_docks":19,"ObjectId":224}},{"type":"Feature","id":225,"geometry":{"type":"Point","coordinates":[-71.078281399919078,42.386141410056226]},"properties":{"Number":"S32014","Name":"Broadway St at Mt Pleasant St","Latitude":42.38614141,"Longitude":-71.078281399999995,"District":"Somerville","Public_":"Yes","Total_docks":19,"ObjectId":225}},{"type":"Feature","id":226,"geometry":{"type":"Point","coordinates":[-71.090394259853952,42.391084380106967]},"properties":{"Number":"S32015","Name":"Foss Park","Latitude":42.391084380000002,"Longitude":-71.090394259999997,"District":"Somerville","Public_":"Yes","Total_docks":15,"ObjectId":226}},{"type":"Feature","id":227,"geometry":{"type":"Point","coordinates":[-71.098505920207089,42.395171500122068]},"properties":{"Number":"S32016","Name":"Broadway at Central St","Latitude":42.395171499999996,"Longitude":-71.098505919999994,"District":"Somerville","Public_":"Yes","Total_docks":19,"ObjectId":227}},{"type":"Feature","id":228,"geometry":{"type":"Point","coordinates":[-71.083187159872779,42.387628109672285]},"properties":{"Number":"S32017","Name":"East Somerville Library (Broadway and Illinois)","Latitude":42.387628110000001,"Longitude":-71.083187159999994,"District":"Somerville","Public_":"Yes","Total_docks":15,"ObjectId":228}},{"type":"Feature","id":229,"geometry":{"type":"Point","coordinates":[-71.077466009915483,42.392232840034936]},"properties":{"Number":"S32018","Name":"Assembly Square T","Latitude":42.392232839999998,"Longitude":-71.077466009999995,"District":"Somerville","Public_":"Yes","Total_docks":15,"ObjectId":229}},{"type":"Feature","id":230,"geometry":{"type":"Point","coordinates":[-71.120113060006773,42.396386810149039]},"properties":{"Number":"S32019","Name":"Grove St at Community Path","Latitude":42.396386810000003,"Longitude":-71.120113059999994,"District":"Somerville","Public_":"Yes","Total_docks":15,"ObjectId":230}},{"type":"Feature","id":231,"geometry":{"type":"Point","coordinates":[-71.108571000383222,42.390413000144143]},"properties":{"Number":"S32052","Name":"Somerville Hospital","Latitude":42.390413000000002,"Longitude":-71.108570999999998,"District":"Somerville","Public_":"Yes","Total_docks":15,"ObjectId":231}},{"type":"Feature","id":232,"geometry":{"type":"Point","coordinates":[-71.050600930146516,42.330230709759718]},"properties":{"Number":"C32052","Name":"Columbia Rd at Tierney Community Center","Latitude":42.330230710000002,"Longitude":-71.050600930000002,"District":"Boston","Public_":"Yes","Total_docks":19,"ObjectId":232}},{"type":"Feature","id":233,"geometry":{"type":"Point","coordinates":[-71.058034299578082,42.34304857980981]},"properties":{"Number":"C32053","Name":"Broadway T Stop","Latitude":42.343048580000001,"Longitude":-71.058034300000003,"District":"Boston","Public_":"Yes","Total_docks":19,"ObjectId":233}},{"type":"Feature","id":234,"geometry":{"type":"Point","coordinates":[-71.071110999710527,42.287361100110132]},"properties":{"Number":"C32055","Name":"Codman Square Library","Latitude":42.287361099999998,"Longitude":-71.071111000000002,"District":"Boston","Public_":"Yes","Total_docks":17,"ObjectId":234}},{"type":"Feature","id":235,"geometry":{"type":"Point","coordinates":[-71.081690500134101,42.338431799893556]},"properties":{"Number":"C32056","Name":"Tremont St at Northampton St","Latitude":42.338431800000002,"Longitude":-71.081690499999993,"District":"Boston","Public_":"Yes","Total_docks":19,"ObjectId":235}},{"type":"Feature","id":236,"geometry":{"type":"Point","coordinates":[-71.063840309787025,42.345215620129011]},"properties":{"Number":"C32057","Name":"Harrison Ave at Mullins Way","Latitude":42.345215619999998,"Longitude":-71.063840310000003,"District":"Boston","Public_":"Yes","Total_docks":19,"ObjectId":236}},{"type":"Feature","id":237,"geometry":{"type":"Point","coordinates":[-71.136721299829162,42.286345890060218]},"properties":{"Number":"C32059","Name":"Belgrade Ave at Walworth St","Latitude":42.28634589,"Longitude":-71.136721300000005,"District":"Boston","Public_":"Yes","Total_docks":15,"ObjectId":237}},{"type":"Feature","id":238,"geometry":{"type":"Point","coordinates":[-71.074214490370935,42.34254914015461]},"properties":{"Number":"C32060","Name":"Tremont St at W. Dedham St","Latitude":42.342549140000003,"Longitude":-71.074214490000003,"District":"Boston","Public_":"Yes","Total_docks":15,"ObjectId":238}},{"type":"Feature","id":239,"geometry":{"type":"Point","coordinates":[-71.068944600113454,42.336647950075275]},"properties":{"Number":"C32061","Name":"Albany St at E. Brookline St","Latitude":42.33664795,"Longitude":-71.068944599999995,"District":"Boston","Public_":"Yes","Total_docks":15,"ObjectId":239}},{"type":"Feature","id":240,"geometry":{"type":"Point","coordinates":[-71.064138899905998,42.285694400039759]},"properties":{"Number":"C32062","Name":"Ashmont T Stop","Latitude":42.285694399999997,"Longitude":-71.064138900000003,"District":"Boston","Public_":"Yes","Total_docks":15,"ObjectId":240}},{"type":"Feature","id":241,"geometry":{"type":"Point","coordinates":[-71.083369529553551,42.341356159681133]},"properties":{"Number":"C32063","Name":"Mass Ave T Station","Latitude":42.341356159999997,"Longitude":-71.083369529999999,"District":"Boston","Public_":"Yes","Total_docks":16,"ObjectId":241}},{"type":"Feature","id":242,"geometry":{"type":"Point","coordinates":[-71.053554079659307,42.320393740279648]},"properties":{"Number":"C32064","Name":"Sydney St at Carson St","Latitude":42.32039374,"Longitude":-71.053554079999998,"District":"Boston","Public_":"Yes","Total_docks":19,"ObjectId":242}},{"type":"Feature","id":243,"geometry":{"type":"Point","coordinates":[-71.062571000172042,42.29171799969847]},"properties":{"Number":"C32066","Name":"Dorchester Ave at King St","Latitude":42.291718000000003,"Longitude":-71.062571000000005,"District":"Boston","Public_":"Yes","Total_docks":15,"ObjectId":243}},{"type":"Feature","id":244,"geometry":{"type":"Point","coordinates":[-71.076481619857461,42.344742249748194]},"properties":{"Number":"C32077","Name":"Columbus Ave at W. Canton St","Latitude":42.344742250000003,"Longitude":-71.076481619999996,"District":"Boston","Public_":"Yes","Total_docks":19,"ObjectId":244}},{"type":"Feature","id":245,"geometry":{"type":"Point","coordinates":[-71.116877030112704,42.278811580094235]},"properties":{"Number":"C32079","Name":"American Legion Hwy at Cummins Hwy","Latitude":42.278811580000003,"Longitude":-71.116877029999998,"District":"Boston","Public_":"Yes","Total_docks":15,"ObjectId":245}},{"type":"Feature","id":246,"geometry":{"type":"Point","coordinates":[-71.153447550432105,42.286331989996754]},"properties":{"Number":"C32085","Name":"Centre St at W. Roxbury Post Office","Latitude":42.286331990000001,"Longitude":-71.153447549999996,"District":"Boston","Public_":"Yes","Total_docks":19,"ObjectId":246}},{"type":"Feature","id":247,"geometry":{"type":"Point","coordinates":[-71.157288510330062,42.282779009672758]},"properties":{"Number":"C32086","Name":"Centre St at Parkway YMCA","Latitude":42.282779009999999,"Longitude":-71.157288510000001,"District":"Boston","Public_":"Yes","Total_docks":19,"ObjectId":247}},{"type":"Feature","id":248,"geometry":{"type":"Point","coordinates":[-71.163414680106271,42.277484439970962]},"properties":{"Number":"C32087","Name":"Spring St at Powell St","Latitude":42.277484440000002,"Longitude":-71.163414680000002,"District":"Boston","Public_":"Yes","Total_docks":19,"ObjectId":248}},{"type":"Feature","id":249,"geometry":{"type":"Point","coordinates":[-71.116012000104817,42.296067050288293]},"properties":{"Number":"C32089","Name":"Hyde Park Ave at Walk Hill St","Latitude":42.296067049999998,"Longitude":-71.116011999999998,"District":"Boston","Public_":"Yes","Total_docks":15,"ObjectId":249}},{"type":"Feature","id":250,"geometry":{"type":"Point","coordinates":[-71.045367980410134,42.31886468005716]},"properties":{"Number":"C32090","Name":"Geiger Gibson Community Health Center","Latitude":42.318864679999997,"Longitude":-71.045367979999995,"District":"Boston","Public_":"Yes","Total_docks":19,"ObjectId":250}},{"type":"Feature","id":251,"geometry":{"type":"Point","coordinates":[-71.039870169598771,42.341780889761509]},"properties":{"Number":"C32091","Name":"645 Summer St","Latitude":42.341780890000003,"Longitude":-71.03987017,"District":"Boston","Public_":"Yes","Total_docks":19,"ObjectId":251}},{"type":"Feature","id":252,"geometry":{"type":"Point","coordinates":[-71.090985999894542,42.286011999932086]},"properties":{"Number":"C32092","Name":"Blue Hill Ave at Havelock St","Latitude":42.286011999999999,"Longitude":-71.090986000000001,"District":"Boston","Public_":"Yes","Total_docks":18,"ObjectId":252}},{"type":"Feature","id":253,"geometry":{"type":"Point","coordinates":[-71.069749999952791,42.339194000260257]},"properties":{"Number":"C32093","Name":"Harrison Ave at E. Dedham St","Latitude":42.339193999999999,"Longitude":-71.069749999999999,"District":"Boston","Public_":"Yes","Total_docks":19,"ObjectId":253}},{"type":"Feature","id":254,"geometry":{"type":"Point","coordinates":[-71.095002999943802,42.288869999957669]},"properties":{"Number":"C32094","Name":"2 Hummingbird Lane at Olmsted Green","Latitude":42.288870000000003,"Longitude":-71.095003000000005,"District":"Boston","Public_":"Yes","Total_docks":17,"ObjectId":254}},{"type":"Feature","id":255,"geometry":{"type":"Point","coordinates":[-71.091719270406458,42.297041259743423]},"properties":{"Number":"C32099","Name":"Circuit Drive at American Legion Hwy","Latitude":42.29704126,"Longitude":-71.091719269999999,"District":"Boston","Public_":"Yes","Total_docks":19,"ObjectId":255}},{"type":"Feature","id":256,"geometry":{"type":"Point","coordinates":[-71.096169050013501,42.312423990185259]},"properties":{"Number":"C32102","Name":"Walnut Ave at School St","Latitude":42.312423989999999,"Longitude":-71.09616905,"District":"Boston","Public_":"Yes","Total_docks":19,"ObjectId":256}},{"type":"Feature","id":257,"geometry":{"type":"Point","coordinates":[-71.080286000357063,42.27874699978608]},"properties":{"Number":"C32103","Name":"Morton St at Gallivan Blvd","Latitude":42.278747000000003,"Longitude":-71.080286000000001,"District":"Boston","Public_":"Yes","Total_docks":15,"ObjectId":257}},{"type":"Feature","id":258,"geometry":{"type":"Point","coordinates":[-71.124440000388631,42.255599999877496]},"properties":{"Number":"C32104","Name":"Cleary Sq","Latitude":42.255600000000001,"Longitude":-71.124440000000007,"District":"Boston","Public_":"Yes","Total_docks":16,"ObjectId":258}},{"type":"Feature","id":259,"geometry":{"type":"Point","coordinates":[-71.109724999553393,42.285780000287225]},"properties":{"Number":"C32105","Name":"606 American Legion Hwy at Canterbury St","Latitude":42.285780000000003,"Longitude":-71.109724999999997,"District":"Boston","Public_":"Yes","Total_docks":18,"ObjectId":259}},{"type":"Feature","id":260,"geometry":{"type":"Point","coordinates":[-71.119239999958552,42.268100000151676]},"properties":{"Number":"C32106","Name":"555 Metropolitan Ave","Latitude":42.268099999999997,"Longitude":-71.119240000000005,"District":"Boston","Public_":"Yes","Total_docks":18,"ObjectId":260}},{"type":"Feature","id":261,"geometry":{"type":"Point","coordinates":[-71.065287440014188,42.36125721991764]},"properties":{"Number":"D32000","Name":"Cambridge St at Joy St","Latitude":42.361257219999999,"Longitude":-71.065287440000006,"District":"Boston","Public_":"Yes","Total_docks":15,"ObjectId":261}},{"type":"Feature","id":262,"geometry":{"type":"Point","coordinates":[-71.146735399714601,42.357329220249682]},"properties":{"Number":"D32001","Name":"New Balance - 20 Guest St","Latitude":42.357329219999997,"Longitude":-71.146735399999997,"District":"Boston","Public_":"Yes","Total_docks":15,"ObjectId":262}},{"type":"Feature","id":263,"geometry":{"type":"Point","coordinates":[-71.068904399606183,42.341574720042154]},"properties":{"Number":"D32002","Name":"Washington St at Waltham St","Latitude":42.341574719999997,"Longitude":-71.068904399999994,"District":"Boston","Public_":"Yes","Total_docks":15,"ObjectId":263}},{"type":"Feature","id":264,"geometry":{"type":"Point","coordinates":[-71.077392069584434,42.349928280278192]},"properties":{"Number":"D32005","Name":"Copley Square - Dartmouth St at Boylston St","Latitude":42.34992828,"Longitude":-71.077392070000002,"District":"Boston","Public_":"Yes","Total_docks":33,"ObjectId":264}},{"type":"Feature","id":265,"geometry":{"type":"Point","coordinates":[-71.050877000399637,42.363870999949832]},"properties":{"Number":"D32006","Name":"Lewis Wharf at Atlantic Ave","Latitude":42.363871000000003,"Longitude":-71.050877,"District":"Boston","Public_":"Yes","Total_docks":19,"ObjectId":265}},{"type":"Feature","id":266,"geometry":{"type":"Point","coordinates":[-71.067584999930943,42.352808000201605]},"properties":{"Number":"D32007","Name":"Boylston St at Arlington St","Latitude":42.352808000000003,"Longitude":-71.067584999999994,"District":"Boston","Public_":"Yes","Total_docks":31,"ObjectId":266}},{"type":"Feature","id":267,"geometry":{"type":"Point","coordinates":[-71.050699000124396,42.357143000151503]},"properties":{"Number":"D32008","Name":"Rowes Wharf at Atlantic Ave","Latitude":42.357143000000001,"Longitude":-71.050698999999994,"District":"Boston","Public_":"Yes","Total_docks":15,"ObjectId":267}},{"type":"Feature","id":268,"geometry":{"type":"Point","coordinates":[-71.057522440427505,42.360417749813415]},"properties":{"Number":"D32009","Name":"Congress St at Boston City Hall","Latitude":42.360417750000003,"Longitude":-71.05752244,"District":"Boston","Public_":"Yes","Total_docks":23,"ObjectId":268}},{"type":"Feature","id":269,"geometry":{"type":"Point","coordinates":[-71.056066999885644,42.362811000115244]},"properties":{"Number":"D32010","Name":"Cross St at Hanover St","Latitude":42.362811000000001,"Longitude":-71.056066999999999,"District":"Boston","Public_":"Yes","Total_docks":19,"ObjectId":269}},{"type":"Feature","id":270,"geometry":{"type":"Point","coordinates":[-71.066288999572222,42.3511460003105]},"properties":{"Number":"D32011","Name":"Stuart St at Charles St","Latitude":42.351146,"Longitude":-71.066288999999998,"District":"Boston","Public_":"Yes","Total_docks":18,"ObjectId":270}},{"type":"Feature","id":271,"geometry":{"type":"Point","coordinates":[-71.073292490106056,42.351141979841181]},"properties":{"Number":"D32013","Name":"Boylston St at Berkeley St","Latitude":42.351141980000001,"Longitude":-71.07329249,"District":"Boston","Public_":"Yes","Total_docks":15,"ObjectId":271}},{"type":"Feature","id":272,"geometry":{"type":"Point","coordinates":[-71.063347999773669,42.354978999819416]},"properties":{"Number":"D32014","Name":"Tremont St at West St","Latitude":42.354979,"Longitude":-71.063348000000005,"District":"Boston","Public_":"Yes","Total_docks":15,"ObjectId":272}},{"type":"Feature","id":273,"geometry":{"type":"Point","coordinates":[-71.059366999709411,42.351355999767314]},"properties":{"Number":"D32015","Name":"Chinatown Gate Plaza","Latitude":42.351356000000003,"Longitude":-71.059366999999995,"District":"Boston","Public_":"Yes","Total_docks":19,"ObjectId":273}},{"type":"Feature","id":274,"geometry":{"type":"Point","coordinates":[-71.071189620264192,42.360792969873266]},"properties":{"Number":"D32016","Name":"Charles Circle - Charles St at Cambridge St","Latitude":42.360792969999999,"Longitude":-71.071189619999998,"District":"Boston","Public_":"Yes","Total_docks":19,"ObjectId":274}},{"type":"Feature","id":275,"geometry":{"type":"Point","coordinates":[-71.0728686999893,42.355536280322205]},"properties":{"Number":"D32017","Name":"Mugar Way at Beacon St","Latitude":42.355536280000003,"Longitude":-71.072868700000001,"District":"Boston","Public_":"Yes","Total_docks":19,"ObjectId":275}},{"type":"Feature","id":276,"geometry":{"type":"Point","coordinates":[-71.045359970132751,42.347763449930405]},"properties":{"Number":"D32018","Name":"Boston Convention and Exhibition Center - Summer St at West Side Dr","Latitude":42.347763450000002,"Longitude":-71.045359970000007,"District":"Boston","Public_":"Yes","Total_docks":23,"ObjectId":276}},{"type":"Feature","id":277,"geometry":{"type":"Point","coordinates":[-71.062679000127076,42.352408999826821]},"properties":{"Number":"D32019","Name":"Chinatown T Stop","Latitude":42.352409000000002,"Longitude":-71.062679000000003,"District":"Boston","Public_":"Yes","Total_docks":19,"ObjectId":277}},{"type":"Feature","id":278,"geometry":{"type":"Point","coordinates":[-71.064608000147373,42.375603000241021]},"properties":{"Number":"D32020","Name":"Main St at Austin St","Latitude":42.375602999999998,"Longitude":-71.064608000000007,"District":"Boston","Public_":"Yes","Total_docks":11,"ObjectId":278}},{"type":"Feature","id":279,"geometry":{"type":"Point","coordinates":[-71.06029200034736,42.371848000220631]},"properties":{"Number":"D32021","Name":"Warren St at Chelsea St","Latitude":42.371848,"Longitude":-71.060292000000004,"District":"Boston","Public_":"Yes","Total_docks":23,"ObjectId":279}},{"type":"Feature","id":280,"geometry":{"type":"Point","coordinates":[-71.064466689763293,42.365907880046272]},"properties":{"Number":"D32022","Name":"West End Park","Latitude":42.365907880000002,"Longitude":-71.064466690000003,"District":"Boston","Public_":"Yes","Total_docks":35,"ObjectId":280}},{"type":"Feature","id":281,"geometry":{"type":"Point","coordinates":[-71.048926999564614,42.378338000258481]},"properties":{"Number":"D32023","Name":"Spaulding Rehabilitation Hospital - Charlestown Navy Yard","Latitude":42.378337999999999,"Longitude":-71.048927000000006,"District":"Boston","Public_":"Yes","Total_docks":19,"ObjectId":281}},{"type":"Feature","id":282,"geometry":{"type":"Point","coordinates":[-71.069848999686997,42.356052000129864]},"properties":{"Number":"D32024","Name":"Beacon St at Charles St","Latitude":42.356051999999998,"Longitude":-71.069849000000005,"District":"Boston","Public_":"Yes","Total_docks":19,"ObjectId":282}},{"type":"Feature","id":283,"geometry":{"type":"Point","coordinates":[-71.150271890020065,42.34894856968387]},"properties":{"Number":"D32028","Name":"Brighton Center - Washington St at Cambridge St","Latitude":42.348948569999997,"Longitude":-71.150271889999999,"District":"Boston","Public_":"Yes","Total_docks":17,"ObjectId":283}},{"type":"Feature","id":284,"geometry":{"type":"Point","coordinates":[-71.160316769780394,42.348952849880384]},"properties":{"Number":"D32029","Name":"Washington St at Brock St","Latitude":42.348952850000003,"Longitude":-71.160316769999994,"District":"Boston","Public_":"Yes","Total_docks":15,"ObjectId":284}},{"type":"Feature","id":285,"geometry":{"type":"Point","coordinates":[-71.166491000322608,42.350569999735342]},"properties":{"Number":"D32031","Name":"Oak Square - 615 Washington St","Latitude":42.350569999999998,"Longitude":-71.166490999999994,"District":"Boston","Public_":"Yes","Total_docks":15,"ObjectId":285}},{"type":"Feature","id":286,"geometry":{"type":"Point","coordinates":[-71.100575919794395,42.3494960002716]},"properties":{"Number":"D32032","Name":"Silber Way","Latitude":42.349496000000002,"Longitude":-71.100575919999997,"District":"Boston","Public_":"Yes","Total_docks":19,"ObjectId":286}},{"type":"Feature","id":287,"geometry":{"type":"Point","coordinates":[-71.151688059810979,42.34024644974884]},"properties":{"Number":"D32033","Name":"Commonwealth Ave at Chiswick Rd","Latitude":42.340246450000002,"Longitude":-71.151688059999998,"District":"Boston","Public_":"Yes","Total_docks":19,"ObjectId":287}},{"type":"Feature","id":288,"geometry":{"type":"Point","coordinates":[-71.13997216989172,42.348358630070834]},"properties":{"Number":"D32034","Name":"Commonwealth Ave at Kelton St","Latitude":42.34835863,"Longitude":-71.139972169999993,"District":"Boston","Public_":"Yes","Total_docks":15,"ObjectId":288}},{"type":"Feature","id":289,"geometry":{"type":"Point","coordinates":[-71.130227710118604,42.349530169836314]},"properties":{"Number":"D32035","Name":"Harvard Ave at Brainerd Rd","Latitude":42.349530170000001,"Longitude":-71.13022771,"District":"Boston","Public_":"Yes","Total_docks":15,"ObjectId":289}},{"type":"Feature","id":290,"geometry":{"type":"Point","coordinates":[-71.070628999661679,42.380857000277636]},"properties":{"Number":"D32036","Name":"Main St at Baldwin St","Latitude":42.380856999999999,"Longitude":-71.070628999999997,"District":"Boston","Public_":"Yes","Total_docks":19,"ObjectId":290}},{"type":"Feature","id":291,"geometry":{"type":"Point","coordinates":[-71.060557219850168,42.380429469881591]},"properties":{"Number":"D32037","Name":"Medford St at Charlestown BCYF","Latitude":42.380429470000003,"Longitude":-71.060557220000007,"District":"Boston","Public_":"Yes","Total_docks":19,"ObjectId":291}},{"type":"Feature","id":292,"geometry":{"type":"Point","coordinates":[-71.063834989963922,42.374878469747941]},"properties":{"Number":"D32038","Name":"Main St at Thompson Sq","Latitude":42.374878469999999,"Longitude":-71.063834990000004,"District":"Boston","Public_":"Yes","Total_docks":15,"ObjectId":292}},{"type":"Feature","id":293,"geometry":{"type":"Point","coordinates":[-71.054812000433131,42.374124550267936]},"properties":{"Number":"D32039","Name":"Charlestown Navy Yard","Latitude":42.374124549999998,"Longitude":-71.054811999999998,"District":"Boston","Public_":"Yes","Total_docks":23,"ObjectId":293}},{"type":"Feature","id":294,"geometry":{"type":"Point","coordinates":[-71.107669000209796,42.30653899999146]},"properties":{"Number":"D32040","Name":"Williams St at Washington St","Latitude":42.306539000000001,"Longitude":-71.107669000000001,"District":"Boston","Public_":"Yes","Total_docks":23,"ObjectId":294}},{"type":"Feature","id":295,"geometry":{"type":"Point","coordinates":[-71.10437400040891,42.316965999697693]},"properties":{"Number":"D32041","Name":"Stony Brook T Stop","Latitude":42.316966000000001,"Longitude":-71.104374000000007,"District":"Boston","Public_":"Yes","Total_docks":19,"ObjectId":295}},{"type":"Feature","id":296,"geometry":{"type":"Point","coordinates":[-71.067811379874115,42.35182807027013]},"properties":{"Number":"D32042","Name":"Park Plaza at Charles St S.","Latitude":42.351828070000003,"Longitude":-71.067811379999995,"District":"Boston","Public_":"Yes","Total_docks":19,"ObjectId":296}},{"type":"Feature","id":297,"geometry":{"type":"Point","coordinates":[-71.062099600243542,42.349426100257219]},"properties":{"Number":"D32043","Name":"Harrison Ave at Bennet St","Latitude":42.349426100000002,"Longitude":-71.062099599999996,"District":"Boston","Public_":"Yes","Total_docks":19,"ObjectId":297}},{"type":"Feature","id":298,"geometry":{"type":"Point","coordinates":[-71.077828110026715,42.350961440188897]},"properties":{"Number":"D32045","Name":"Dartmouth St at Newbury St","Latitude":42.350961439999999,"Longitude":-71.077828109999999,"District":"Boston","Public_":"Yes","Total_docks":19,"ObjectId":298}},{"type":"Feature","id":299,"geometry":{"type":"Point","coordinates":[-71.079467789643459,42.349589420141541]},"properties":{"Number":"D32046","Name":"Boylston St at Exeter St","Latitude":42.349589420000001,"Longitude":-71.079467789999995,"District":"Boston","Public_":"Yes","Total_docks":19,"ObjectId":299}},{"type":"Feature","id":300,"geometry":{"type":"Point","coordinates":[-71.065591850317901,42.348545429898422]},"properties":{"Number":"D32048","Name":"Shawmut Ave at Oak St W","Latitude":42.348545430000001,"Longitude":-71.065591850000004,"District":"Boston","Public_":"Yes","Total_docks":15,"ObjectId":300}},{"type":"Feature","id":301,"geometry":{"type":"Point","coordinates":[-71.072420739801515,42.349544030054915]},"properties":{"Number":"D32049","Name":"Stuart St at Berkeley St","Latitude":42.349544029999997,"Longitude":-71.072420739999998,"District":"Boston","Public_":"Yes","Total_docks":19,"ObjectId":301}},{"type":"Feature","id":302,"geometry":{"type":"Point","coordinates":[-71.115708910324571,42.306045630317804]},"properties":{"Number":"D32052","Name":"Jamaica St at South St","Latitude":42.30604563,"Longitude":-71.115708909999995,"District":"Boston","Public_":"Yes","Total_docks":19,"ObjectId":302}},{"type":"Feature","id":303,"geometry":{"type":"Point","coordinates":[-71.075148549620224,42.384452259738794]},"properties":{"Number":"D32053","Name":"Sullivan Square","Latitude":42.384452260000003,"Longitude":-71.075148549999994,"District":"Boston","Public_":"Yes","Total_docks":19,"ObjectId":303}},{"type":"Feature","id":304,"geometry":{"type":"Point","coordinates":[-71.145498140192302,42.346790079968187]},"properties":{"Number":"D32054","Name":"The Overlook at St. Gabriel's","Latitude":42.346790079999998,"Longitude":-71.145498140000001,"District":"Boston","Public_":"Yes","Total_docks":19,"ObjectId":304}},{"type":"Feature","id":305,"geometry":{"type":"Point","coordinates":[-71.055249269770712,42.360702839760194]},"properties":{"Number":"D32057","Name":"Clinton St at North St","Latitude":42.360702840000002,"Longitude":-71.055249270000004,"District":"Boston","Public_":"Yes","Total_docks":18,"ObjectId":305}},{"type":"Feature","id":306,"geometry":{"type":"Point","coordinates":[-71.115429999598533,42.30905399987985]},"properties":{"Number":"E32001","Name":"Curtis Hall - South St at Centre St","Latitude":42.309054000000003,"Longitude":-71.115430000000003,"District":"Boston","Public_":"Yes","Total_docks":15,"ObjectId":306}},{"type":"Feature","id":307,"geometry":{"type":"Point","coordinates":[-71.109841609860425,42.321765260324277]},"properties":{"Number":"E32003","Name":"Hyde Square - Barbara St at Centre St","Latitude":42.321765259999999,"Longitude":-71.109841610000004,"District":"Boston","Public_":"Yes","Total_docks":15,"ObjectId":307}},{"type":"Feature","id":308,"geometry":{"type":"Point","coordinates":[-71.09863400020366,42.315692000206148]},"properties":{"Number":"E32004","Name":"Egleston Square - Atherton St at Washington St","Latitude":42.315691999999999,"Longitude":-71.098634000000004,"District":"Boston","Public_":"Yes","Total_docks":15,"ObjectId":308}},{"type":"Feature","id":309,"geometry":{"type":"Point","coordinates":[-71.107341000146747,42.310578999726332]},"properties":{"Number":"E32005","Name":"Green Street T Stop - Green St at Amory St","Latitude":42.310578999999997,"Longitude":-71.107341000000005,"District":"Boston","Public_":"Yes","Total_docks":23,"ObjectId":309}},{"type":"Feature","id":310,"geometry":{"type":"Point","coordinates":[-71.100141410081363,42.322931169861945]},"properties":{"Number":"E32006","Name":"Jackson Square T Stop","Latitude":42.322931169999997,"Longitude":-71.100141410000006,"District":"Boston","Public_":"Yes","Total_docks":18,"ObjectId":310}},{"type":"Feature","id":311,"geometry":{"type":"Point","coordinates":[-71.110891700003378,42.327603869865541]},"properties":{"Number":"E32007","Name":"S Huntington Ave at Heath St","Latitude":42.327603869999997,"Longitude":-71.110891699999996,"District":"Boston","Public_":"Yes","Total_docks":15,"ObjectId":311}},{"type":"Feature","id":312,"geometry":{"type":"Point","coordinates":[-71.065749999621985,42.292917000294615]},"properties":{"Number":"E32009","Name":"Shawmut T Stop","Latitude":42.292917000000003,"Longitude":-71.065749999999994,"District":"Boston","Public_":"Yes","Total_docks":19,"ObjectId":312}},{"type":"Feature","id":313,"geometry":{"type":"Point","coordinates":[-71.114248999765863,42.300923000240175]},"properties":{"Number":"E32010","Name":"Forest Hills","Latitude":42.300922999999997,"Longitude":-71.114249000000001,"District":"Boston","Public_":"Yes","Total_docks":40,"ObjectId":313}},{"type":"Feature","id":314,"geometry":{"type":"Point","coordinates":[-71.096399239711801,42.319309430132122]},"properties":{"Number":"E32011","Name":"The Dimock Center","Latitude":42.319309429999997,"Longitude":-71.096399239999997,"District":"Boston","Public_":"Yes","Total_docks":16,"ObjectId":314}},{"type":"Feature","id":315,"geometry":{"type":"Point","coordinates":[-71.101959999966709,42.32417299999922]},"properties":{"Number":"E32012","Name":"Martha Eliot Health Center","Latitude":42.324173000000002,"Longitude":-71.101960000000005,"District":"Boston","Public_":"Yes","Total_docks":16,"ObjectId":315}},{"type":"Feature","id":316,"geometry":{"type":"Point","coordinates":[-71.090511000416697,42.339202000230458]},"properties":{"Number":"B32062","Name":"Forsyth St at Huntington Ave","Latitude":42.339202,"Longitude":-71.090511000000006,"District":"Boston","Public_":"Yes","Total_docks":15,"ObjectId":316}},{"type":"Feature","id":317,"geometry":{"type":"Point","coordinates":[-71.122508999820184,42.256837599762839]},"properties":{"Number":"E32013","Name":"Hyde Park Library","Latitude":42.256837599999997,"Longitude":-71.122508999999994,"District":"Boston","Public_":"Yes","Total_docks":15,"ObjectId":317}},{"type":"Feature","id":318,"geometry":{"type":"Point","coordinates":[-71.114552299751878,42.264566599784494]},"properties":{"Number":"E32014","Name":"Ross Playground","Latitude":42.264566600000002,"Longitude":-71.1145523,"District":"Boston","Public_":"Yes","Total_docks":19,"ObjectId":318}},{"type":"Feature","id":319,"geometry":{"type":"Point","coordinates":[-71.101246479814634,42.33329254975483]},"properties":{"Number":"B32063","Name":"St. Alphonsus St at Tremont St","Latitude":42.333292550000003,"Longitude":-71.10124648,"District":"Boston","Public_":"Yes","Total_docks":18,"ObjectId":319}},{"type":"Feature","id":320,"geometry":{"type":"Point","coordinates":[-71.087676169806628,42.334203509765821]},"properties":{"Number":"B32064","Name":"Flat 9 at Whittier","Latitude":42.334203510000002,"Longitude":-71.087676169999995,"District":"Boston","Public_":"Yes","Total_docks":15,"ObjectId":320}},{"type":"Feature","id":321,"geometry":{"type":"Point","coordinates":[-71.044670499677466,42.350210199929329]},"properties":{"Number":"C32107","Name":"Pier 4 Blvd at Autumn Ln","Latitude":42.350210199999999,"Longitude":-71.044670499999995,"District":"Boston","Public_":"Yes","Total_docks":19,"ObjectId":321}},{"type":"Feature","id":322,"geometry":{"type":"Point","coordinates":[-71.080381570323496,42.33584612991249]},"properties":{"Number":"D32059","Name":"Shawmut Ave at Lenox St","Latitude":42.33584613,"Longitude":-71.08038157,"District":"Boston","Public_":"Yes","Total_docks":19,"ObjectId":322}},{"type":"Feature","id":323,"geometry":{"type":"Point","coordinates":[-71.073045730084019,42.380045349764082]},"properties":{"Number":"D32060","Name":"Hood Park","Latitude":42.380045350000003,"Longitude":-71.073045730000004,"District":"Boston","Public_":"Yes","Total_docks":23,"ObjectId":323}},{"type":"Feature","id":324,"geometry":{"type":"Point","coordinates":[-71.110046800342673,42.336610060222363]},"properties":{"Number":"A32056","Name":"Riverway at Brookline Ave","Latitude":42.336610059999998,"Longitude":-71.110046800000006,"District":"Boston","Public_":"Yes","Total_docks":25,"ObjectId":324}},{"type":"Feature","id":325,"geometry":{"type":"Point","coordinates":[-71.082550590306255,42.337594850325807]},"properties":{"Number":"D32061","Name":"Lenox St at Kendall St","Latitude":42.337594850000002,"Longitude":-71.082550589999997,"District":"Boston","Public_":"Yes","Total_docks":17,"ObjectId":325}},{"type":"Feature","id":326,"geometry":{"type":"Point","coordinates":[-71.032762530187554,42.374106219886649]},"properties":{"Number":"A32032","Name":"Bremen St at Marion St","Latitude":42.374106220000002,"Longitude":-71.032762529999999,"District":"Boston","Public_":"Yes","Total_docks":11,"ObjectId":326}},{"type":"Feature","id":327,"geometry":{"type":"Point","coordinates":[-71.040301319612638,42.365678710296983]},"properties":{"Number":"A32057","Name":"Lewis Mall Wharf","Latitude":42.365678709999997,"Longitude":-71.040301319999998,"District":"Boston","Public_":"Yes","Total_docks":21,"ObjectId":327}},{"type":"Feature","id":328,"geometry":{"type":"Point","coordinates":[-71.054259540126665,42.303674090244776]},"properties":{"Number":"C32108","Name":"Beach St at Freeport St","Latitude":42.303674090000001,"Longitude":-71.054259540000004,"District":"Boston","Public_":"Yes","Total_docks":19,"ObjectId":328}},{"type":"Feature","id":329,"geometry":{"type":"Point","coordinates":[-71.077972049779632,42.292251480125117]},"properties":{"Number":"C32110","Name":"Talbot Ave T Station","Latitude":42.292251479999997,"Longitude":-71.07797205,"District":"Boston","Public_":"Yes","Total_docks":19,"ObjectId":329}},{"type":"Feature","id":330,"geometry":{"type":"Point","coordinates":[-71.060221199628245,42.279607600316815]},"properties":{"Number":"C23109","Name":"Cedar Grove T Stop","Latitude":42.279607599999999,"Longitude":-71.060221200000001,"District":"Boston","Public_":"Yes","Total_docks":18,"ObjectId":330}},{"type":"Feature","id":331,"geometry":{"type":"Point","coordinates":[-71.078209879649421,42.303215349948609]},"properties":{"Number":"C32111","Name":"Four Corners/Geneva T Stop","Latitude":42.303215350000002,"Longitude":-71.078209880000003,"District":"Boston","Public_":"Yes","Total_docks":15,"ObjectId":331}},{"type":"Feature","id":332,"geometry":{"type":"Point","coordinates":[-71.097461829911936,42.269988470095548]},"properties":{"Number":"Z32999","Name":"Cummins Highway at Blue Hill Ave T Stop","Latitude":42.269988470000001,"Longitude":-71.09746183,"District":"Boston","Public_":"Yes","Total_docks":14,"ObjectId":332}},{"type":"Feature","id":333,"geometry":{"type":"Point","coordinates":[-71.092611380128602,42.338488490254555]},"properties":{"Number":"Z32997","Name":"Parker St at Huntington Ave","Latitude":42.338488490000003,"Longitude":-71.092611379999994,"District":"Boston","Public_":"Yes","Total_docks":19,"ObjectId":333}},{"type":"Feature","id":334,"geometry":{"type":"Point","coordinates":[-71.058899779641933,42.318702750295053]},"properties":{"Number":"C32112","Name":"Meaney Playground - Pleasant St at E Cottage St","Latitude":42.31870275,"Longitude":-71.058899780000004,"District":"Boston","Public_":"Yes","Total_docks":17,"ObjectId":334}},{"type":"Feature","id":335,"geometry":{"type":"Point","coordinates":[-71.06019938044831,42.309819250049017]},"properties":{"Number":"C32113","Name":"Hancock St at Pleasant St","Latitude":42.309819249999997,"Longitude":-71.06019938,"District":"Boston","Public_":"Yes","Total_docks":19,"ObjectId":335}},{"type":"Feature","id":336,"geometry":{"type":"Point","coordinates":[-71.128512999616049,42.357650999902383]},"properties":{"Number":"E32015","Name":"Lincoln St at Empire St","Latitude":42.357650999999997,"Longitude":-71.128512999999998,"District":"Boston","Public_":"Yes","Total_docks":19,"ObjectId":336}},{"type":"Feature","id":337,"geometry":{"type":"Point","coordinates":[-71.123797999607902,42.351911000123025]},"properties":{"Number":"E32016","Name":"Commonwealth Ave at Naples Rd","Latitude":42.351911000000001,"Longitude":-71.123797999999994,"District":"Boston","Public_":"Yes","Total_docks":19,"ObjectId":337}},{"type":"Feature","id":338,"geometry":{"type":"Point","coordinates":[-71.062881999618355,42.272547999718604]},"properties":{"Number":"E32017","Name":"Butler T Stop","Latitude":42.272548,"Longitude":-71.062882000000002,"District":"Boston","Public_":"Yes","Total_docks":15,"ObjectId":338}},{"type":"Feature","id":339,"geometry":{"type":"Point","coordinates":[-71.059623999627377,42.359322000102821]},"properties":{"Number":"A32058","Name":"Tremont St at Court St","Latitude":42.359321999999999,"Longitude":-71.059623999999999,"District":"Boston","Public_":"Yes","Total_docks":23,"ObjectId":339}},{"type":"Feature","id":340,"geometry":{"type":"Point","coordinates":[-71.058229170214361,42.355335020316133]},"properties":{"Number":"D32004","Name":"Arch St at Franklin St","Latitude":42.355335019999998,"Longitude":-71.058229170000004,"District":"Boston","Public_":"Yes","Total_docks":31,"ObjectId":340}},{"type":"Feature","id":341,"geometry":{"type":"Point","coordinates":[-71.075616630273743,42.351596619866136]},"properties":{"Number":"D32047","Name":"Clarendon St at Newbury St","Latitude":42.351596620000002,"Longitude":-71.075616629999999,"District":"Boston","Public_":"Yes","Total_docks":19,"ObjectId":341}},{"type":"Feature","id":342,"geometry":{"type":"Point","coordinates":[-71.11429809988266,42.31212030027514]},"properties":{"Number":"E32008","Name":"Centre St at Seaverns Ave","Latitude":42.312120299999997,"Longitude":-71.114298099999999,"District":"Boston","Public_":"Yes","Total_docks":15,"ObjectId":342}},{"type":"Feature","id":343,"geometry":{"type":"Point","coordinates":[-71.12967520040479,42.352837599917187]},"properties":{"Number":"D32058","Name":"Brighton Ave at Linden St","Latitude":42.352837600000001,"Longitude":-71.129675199999994,"District":"Boston","Public_":"Yes","Total_docks":19,"ObjectId":343}},{"type":"Feature","id":344,"geometry":{"type":"Point","coordinates":[-71.054264700049643,42.358494489796207]},"properties":{"Number":"A32047","Name":"Broad St at Central St","Latitude":42.358494489999998,"Longitude":-71.054264700000004,"District":"Boston","Public_":"Yes","Total_docks":15,"ObjectId":344}},{"type":"Feature","id":345,"geometry":{"type":"Point","coordinates":[-71.119903919632236,42.272653940020774]},"properties":{"Number":"C32101","Name":"American Legion Hwy at Hyde Park Ave","Latitude":42.272653939999998,"Longitude":-71.119903919999999,"District":"Boston","Public_":"Yes","Total_docks":19,"ObjectId":345}},{"type":"Feature","id":346,"geometry":{"type":"Point","coordinates":[-71.087097790409246,42.381037319995031]},"properties":{"Number":"S32021","Name":"Washington St at Myrtle St","Latitude":42.381037319999997,"Longitude":-71.087097790000001,"District":"Somerville","Public_":"Yes","Total_docks":15,"ObjectId":346}},{"type":"Feature","id":347,"geometry":{"type":"Point","coordinates":[-71.11133694997396,42.394072240097415]},"properties":{"Number":"S32022","Name":"Community Path at Cedar Street","Latitude":42.39407224,"Longitude":-71.111336949999995,"District":"Somerville","Public_":"Yes","Total_docks":15,"ObjectId":347}},{"type":"Feature","id":348,"geometry":{"type":"Point","coordinates":[-71.104025230398165,42.381001429682009]},"properties":{"Number":"S32023","Name":"30 Dane St","Latitude":42.381001429999998,"Longitude":-71.104025230000005,"District":"Somerville","Public_":"Yes","Total_docks":15,"ObjectId":348}},{"type":"Feature","id":349,"geometry":{"type":"Point","coordinates":[-71.103419030176454,42.379273249706252]},"properties":{"Number":"S32034","Name":"Perry Park","Latitude":42.379273249999997,"Longitude":-71.103419029999998,"District":"Somerville","Public_":"Yes","Total_docks":19,"ObjectId":349}},{"type":"Feature","id":350,"geometry":{"type":"Point","coordinates":[-71.108786129825774,42.380323349937477]},"properties":{"Number":"S32035","Name":"191 Beacon St","Latitude":42.380323349999998,"Longitude":-71.108786129999999,"District":"Somerville","Public_":"Yes","Total_docks":19,"ObjectId":350}},{"type":"Feature","id":351,"geometry":{"type":"Point","coordinates":[-71.097453760345743,42.3918981197614]},"properties":{"Number":"S32036","Name":"Somerville City Hall Annex","Latitude":42.39189812,"Longitude":-71.097453759999993,"District":"Somerville","Public_":"Yes","Total_docks":19,"ObjectId":351}},{"type":"Feature","id":352,"geometry":{"type":"Point","coordinates":[-71.110682489560233,42.388316080115636]},"properties":{"Number":"S32037","Name":"Craigie at Summer St","Latitude":42.388316080000003,"Longitude":-71.110682490000002,"District":"Somerville","Public_":"Yes","Total_docks":19,"ObjectId":352}},{"type":"Feature","id":353,"geometry":{"type":"Point","coordinates":[-71.087143890153001,42.387174630071662]},"properties":{"Number":"S32038","Name":"Edgerly Education Center","Latitude":42.387174629999997,"Longitude":-71.087143889999993,"District":"Somerville","Public_":"Yes","Total_docks":15,"ObjectId":353}},{"type":"Feature","id":354,"geometry":{"type":"Point","coordinates":[-71.116941399792708,42.389524360000429]},"properties":{"Number":"S32039","Name":"Elm St at White St","Latitude":42.389524360000003,"Longitude":-71.116941400000002,"District":"Somerville","Public_":"Yes","Total_docks":19,"ObjectId":354}},{"type":"Feature","id":355,"geometry":{"type":"Point","coordinates":[-71.105587000028635,42.39252499988465]},"properties":{"Number":"S32040","Name":"Community Path at Lowell St","Latitude":42.392524999999999,"Longitude":-71.105587,"District":"Somerville","Public_":"Yes","Total_docks":19,"ObjectId":355}},{"type":"Feature","id":356,"geometry":{"type":"Point","coordinates":[-71.090097999964826,42.380077999717066]},"properties":{"Number":"S32041","Name":"Union Square East","Latitude":42.380077999999997,"Longitude":-71.090097999999998,"District":"Somerville","Public_":"Yes","Total_docks":19,"ObjectId":356}},{"type":"Feature","id":357,"geometry":{"type":"Point","coordinates":[-71.094644399668908,42.386735500157194]},"properties":{"Number":"S32046","Name":"Gilman Square T at Medford St","Latitude":42.3867355,"Longitude":-71.094644400000007,"District":"Somerville","Public_":"Yes","Total_docks":19,"ObjectId":357}},{"type":"Feature","id":358,"geometry":{"type":"Point","coordinates":[-71.08071685033363,42.393018399807943]},"properties":{"Number":"S32047","Name":"Foley St at Grand Union Blvd","Latitude":42.393018400000003,"Longitude":-71.080716850000002,"District":"Somerville","Public_":"Yes","Total_docks":19,"ObjectId":358}},{"type":"Feature","id":359,"geometry":{"type":"Point","coordinates":[-71.096009999699191,42.386400000138764]},"properties":{"Number":"S32048","Name":"Somerville High School & Central Library","Latitude":42.386400000000002,"Longitude":-71.096010000000007,"District":"Somerville","Public_":"Yes","Total_docks":17,"ObjectId":359}},{"type":"Feature","id":360,"geometry":{"type":"Point","coordinates":[-71.091236000139801,42.374710000094773]},"properties":{"Number":"S32050","Name":"Boynton Yards at 101 South Street","Latitude":42.37471,"Longitude":-71.091235999999995,"District":"Somerville","Public_":"Yes","Total_docks":19,"ObjectId":360}},{"type":"Feature","id":361,"geometry":{"type":"Point","coordinates":[-71.085953999693956,42.377636000089488]},"properties":{"Number":"S32053","Name":"Chestnut St at Poplar St","Latitude":42.377636000000003,"Longitude":-71.085954000000001,"District":"Somerville","Public_":"Yes","Total_docks":19,"ObjectId":361}},{"type":"Feature","id":362,"geometry":{"type":"Point","coordinates":[-71.094428000008534,42.377309000011515]},"properties":{"Number":"S32054","Name":"Union Square Station","Latitude":42.377308999999997,"Longitude":-71.094427999999994,"District":"Somerville","Public_":"Yes","Total_docks":19,"ObjectId":362}},{"type":"Feature","id":363,"geometry":{"type":"Point","coordinates":[-71.156831310071283,42.372076110161693]},"properties":{"Number":"W32001","Name":"Coolidge Sq.","Latitude":42.372076110000002,"Longitude":-71.156831310000001,"District":"Watertown","Public_":"Yes","Total_docks":12,"ObjectId":363}},{"type":"Feature","id":364,"geometry":{"type":"Point","coordinates":[-71.185733239796903,42.365260319711965]},"properties":{"Number":"W32002","Name":"Watertown Sq","Latitude":42.365260319999997,"Longitude":-71.185733240000005,"District":"Watertown","Public_":"Yes","Total_docks":15,"ObjectId":364}},{"type":"Feature","id":365,"geometry":{"type":"Point","coordinates":[-71.157648539824592,42.362773890016641]},"properties":{"Number":"W32004","Name":"Arsenal Yards","Latitude":42.36277389,"Longitude":-71.157648539999997,"District":"Watertown","Public_":"Yes","Total_docks":15,"ObjectId":365}},{"type":"Feature","id":366,"geometry":{"type":"Point","coordinates":[-71.187514360053441,42.367593079727449]},"properties":{"Number":"W32005","Name":"Watertown Town Hall","Latitude":42.367593079999999,"Longitude":-71.187514359999994,"District":"Watertown","Public_":"Yes","Total_docks":11,"ObjectId":366}},{"type":"Feature","id":367,"geometry":{"type":"Point","coordinates":[-71.175693870302538,42.364664029893042]},"properties":{"Number":"W32006","Name":"160 Arsenal","Latitude":42.36466403,"Longitude":-71.175693870000003,"District":"Watertown","Public_":"Yes","Total_docks":11,"ObjectId":367}},{"type":"Feature","id":368,"geometry":{"type":"Point","coordinates":[-71.156566369944528,42.367620490207337]},"properties":{"Number":"W32007","Name":"Nichols Ave. at Watertown Greenway","Latitude":42.36762049,"Longitude":-71.156566369999993,"District":"Watertown","Public_":"Yes","Total_docks":12,"ObjectId":368}},{"type":"Feature","id":369,"geometry":{"type":"Point","coordinates":[-71.098973000137391,42.424980999995782]},"properties":{"Number":"F32009","Name":"Hickey Park","Latitude":42.424981000000002,"Longitude":-71.098973000000001,"District":"Medford","Public_":"Yes","Total_docks":19,"ObjectId":369}},{"type":"Feature","id":370,"geometry":{"type":"Point","coordinates":[-71.073525999977633,42.369931000201028]},"properties":{"Number":"M32092","Name":"Elevate at One Leighton","Latitude":42.369931000000001,"Longitude":-71.073526000000001,"District":"Cambridge","Public_":"Yes","Total_docks":17,"ObjectId":370}},{"type":"Feature","id":371,"geometry":{"type":"Point","coordinates":[-71.134718999976613,42.363167999750601]},"properties":{"Number":"A32062","Name":"Western Ave at Everett St","Latitude":42.363168000000002,"Longitude":-71.134719000000004,"District":"Boston","Public_":"Yes","Total_docks":17,"ObjectId":371}},{"type":"Feature","id":372,"geometry":{"type":"Point","coordinates":[-71.088011999585675,42.347520000135866]},"properties":{"Number":"B32065","Name":"Massachusetts Ave at Boylston St","Latitude":42.347520000000003,"Longitude":-71.088012000000006,"District":"Boston","Public_":"Yes","Total_docks":16,"ObjectId":372}},{"type":"Feature","id":373,"geometry":{"type":"Point","coordinates":[-71.153256999794024,42.343705999795986]},"properties":{"Number":"B32038","Name":"Chestnut Hill Ave at Ledgemere Rd","Latitude":42.343705999999997,"Longitude":-71.153256999999996,"District":"Boston","Public_":"Yes","Total_docks":19,"ObjectId":373}},{"type":"Feature","id":374,"geometry":{"type":"Point","coordinates":[-71.056221999696334,42.353528000183644]},"properties":{"Number":"A32059","Name":"High St at Federal St","Latitude":42.353527999999997,"Longitude":-71.056222000000005,"District":"Boston","Public_":"Yes","Total_docks":20,"ObjectId":374}},{"type":"Feature","id":375,"geometry":{"type":"Point","coordinates":[-71.060976999887487,42.35496799996514]},"properties":{"Number":"D32030","Name":"Washington St at Temple Pl","Latitude":42.354968,"Longitude":-71.060976999999994,"District":"Boston","Public_":"Yes","Total_docks":19,"ObjectId":375}},{"type":"Feature","id":376,"geometry":{"type":"Point","coordinates":[-71.068306000354397,42.350666999679675]},"properties":{"Number":"D32062","Name":"Stuart St at Church St","Latitude":42.350667000000001,"Longitude":-71.068306000000007,"District":"Boston","Public_":"Yes","Total_docks":20,"ObjectId":376}},{"type":"Feature","id":377,"geometry":{"type":"Point","coordinates":[-71.066693999628185,42.350778000164674]},"properties":{"Number":"D32025","Name":"Charles St S at Stuart St","Latitude":42.350777999999998,"Longitude":-71.066693999999998,"District":"Boston","Public_":"Yes","Total_docks":16,"ObjectId":377}},{"type":"Feature","id":378,"geometry":{"type":"Point","coordinates":[-71.127436000438777,42.300805999804616]},"properties":{"Number":"C32109","Name":"Centre St at Allandale St","Latitude":42.300806000000001,"Longitude":-71.127436000000003,"District":"Boston","Public_":"Yes","Total_docks":23,"ObjectId":378}},{"type":"Feature","id":379,"geometry":{"type":"Point","coordinates":[-71.056846999860312,42.36817000014041]},"properties":{"Number":"A32061","Name":"Commercial St at Charter St","Latitude":42.368169999999999,"Longitude":-71.056847000000005,"District":"Boston","Public_":"Yes","Total_docks":19,"ObjectId":379}},{"type":"Feature","id":380,"geometry":{"type":"Point","coordinates":[-71.075526000143029,42.330982000160681]},"properties":{"Number":"C32068","Name":"Melnea Cass Blvd at Hampden St","Latitude":42.330981999999999,"Longitude":-71.075525999999996,"District":"Boston","Public_":"Yes","Total_docks":19,"ObjectId":380}},{"type":"Feature","id":381,"geometry":{"type":"Point","coordinates":[-71.054240999797514,42.332481999993696]},"properties":{"Number":"C32069","Name":"Damrell St at Old Colony Ave","Latitude":42.332481999999999,"Longitude":-71.054241000000005,"District":"Boston","Public_":"Yes","Total_docks":19,"ObjectId":381}},{"type":"Feature","id":382,"geometry":{"type":"Point","coordinates":[-71.150761000234382,42.392567999713869]},"properties":{"Number":"M32093","Name":"101 Smith Place","Latitude":42.392567999999997,"Longitude":-71.150761000000003,"District":"Cambridge","Public_":"Yes","Total_docks":23,"ObjectId":382}},{"type":"Feature","id":383,"geometry":{"type":"Point","coordinates":[-71.079999000301868,42.369060999988221]},"properties":{"Number":"M32094","Name":"40 Thorndike St","Latitude":42.369061000000002,"Longitude":-71.079999000000001,"District":"Cambridge","Public_":"Yes","Total_docks":19,"ObjectId":383}},{"type":"Feature","id":384,"geometry":{"type":"Point","coordinates":[-71.076079000337003,42.369839999832998]},"properties":{"Number":"M32095","Name":"Lechmere Canal Park","Latitude":42.369840000000003,"Longitude":-71.076078999999993,"District":"Cambridge","Public_":"Yes","Total_docks":27,"ObjectId":384}},{"type":"Feature","id":385,"geometry":{"type":"Point","coordinates":[-71.029200000416935,42.346100999954729]},"properties":{"Number":"C32026","Name":"Au Bon Pain Way at Fid Kennedy Ave","Latitude":42.346100999999997,"Longitude":-71.029200000000003,"District":"Boston","Public_":"Yes","Total_docks":18,"ObjectId":385}},{"type":"Feature","id":386,"geometry":{"type":"Point","coordinates":[-71.066049000271022,42.346647000007493]},"properties":{"Number":"C32054","Name":"Shawmut Ave at Herald St","Latitude":42.346646999999997,"Longitude":-71.066049000000007,"District":"Boston","Public_":"Yes","Total_docks":20,"ObjectId":386}},{"type":"Feature","id":387,"geometry":{"type":"Point","coordinates":[-71.080350999756078,42.391658000329784]},"properties":{"Number":"S32055","Name":"Grand Union Blvd at Revolution Dr","Latitude":42.391658,"Longitude":-71.080350999999993,"District":"Somerville","Public_":"Yes","Total_docks":19,"ObjectId":387}},{"type":"Feature","id":388,"geometry":{"type":"Point","coordinates":[-71.164216999622496,42.363499000208741]},"properties":{"Number":"W32009","Name":"Arsenal on the Charles","Latitude":42.363498999999997,"Longitude":-71.164216999999994,"District":"Watertown","Public_":"Yes","Total_docks":19,"ObjectId":388}},{"type":"Feature","id":389,"geometry":{"type":"Point","coordinates":[-71.094755000246678,42.434365000136296]},"properties":{"Number":"F32011","Name":"Carr Park","Latitude":42.434365,"Longitude":-71.094755000000006,"District":"Medford","Public_":"Yes","Total_docks":11,"ObjectId":389}},{"type":"Feature","id":390,"geometry":{"type":"Point","coordinates":[-71.1263600001881,42.428086000236497]},"properties":{"Number":"F32012","Name":"Steve Miller Dr at Winthrop St (Medford High)","Latitude":42.428086,"Longitude":-71.126360000000005,"District":"Medford","Public_":"Yes","Total_docks":11,"ObjectId":390}},{"type":"Feature","id":391,"geometry":{"type":"Point","coordinates":[-71.110385999702387,42.425177999864026]},"properties":{"Number":"F32013","Name":"Governors Ave at Lawrence Rd","Latitude":42.425178000000002,"Longitude":-71.110386000000005,"District":"Medford","Public_":"Yes","Total_docks":11,"ObjectId":391}},{"type":"Feature","id":392,"geometry":{"type":"Point","coordinates":[-71.063278000351772,42.403444000032721]},"properties":{"Number":"V32017","Name":"Northern Strand - West St & Wellington Ave","Latitude":42.403444,"Longitude":-71.063277999999997,"District":"Everett","Public_":"Yes","Total_docks":11,"ObjectId":392}},{"type":"Feature","id":393,"geometry":{"type":"Point","coordinates":[-71.191269999762369,42.362889999967628]},"properties":{"Number":"W32010","Name":"Watertown St at 5th Ave","Latitude":42.36289,"Longitude":-71.191270000000003,"District":"Watertown","Public_":"Yes","Total_docks":19,"ObjectId":393}},{"type":"Feature","id":394,"geometry":{"type":"Point","coordinates":[-70.98960900005757,42.414019000282529]},"properties":{"Number":"R32009","Name":"Revere Beach - Markey Footbridge","Latitude":42.414019000000003,"Longitude":-70.989609000000002,"District":"Revere","Public_":"Yes","Total_docks":11,"ObjectId":394}},{"type":"Feature","id":395,"geometry":{"type":"Point","coordinates":[-70.98997200028073,42.402888999896184]},"properties":{"Number":"R32008","Name":"Eliot Circle Revere Beach","Latitude":42.402889000000002,"Longitude":-70.989971999999995,"District":"Revere","Public_":"Yes","Total_docks":11,"ObjectId":395}},{"type":"Feature","id":396,"geometry":{"type":"Point","coordinates":[-71.15237700026023,42.414705000183098]},"properties":{"Number":"L32007","Name":"Swan Place at Minuteman Bikeway","Latitude":42.414704999999998,"Longitude":-71.152377000000001,"District":"Arlington","Public_":"Yes","Total_docks":11,"ObjectId":396}},{"type":"Feature","id":397,"geometry":{"type":"Point","coordinates":[-71.117556000160633,42.42136100022929]},"properties":{"Number":"F32014","Name":"Winthrop Circle","Latitude":42.421360999999997,"Longitude":-71.117555999999993,"District":"Medford","Public_":"Yes","Total_docks":11,"ObjectId":397}},{"type":"Feature","id":398,"geometry":{"type":"Point","coordinates":[-71.157535999784102,42.418602999987648]},"properties":{"Number":"L32009","Name":"Mill St. at Minuteman Bikeway","Latitude":42.418602999999997,"Longitude":-71.157535999999993,"District":"Arlington","Public_":"Yes","Total_docks":11,"ObjectId":398}},{"type":"Feature","id":399,"geometry":{"type":"Point","coordinates":[-71.146904000018694,42.404169999809426]},"properties":{"Number":"L32008","Name":"Lake St. at Minuteman Bikeway","Latitude":42.404170000000001,"Longitude":-71.146904000000006,"District":"Arlington","Public_":"Yes","Total_docks":11,"ObjectId":399}},{"type":"Feature","id":400,"geometry":{"type":"Point","coordinates":[-71.148134000255183,42.416490999913272]},"properties":{"Number":"L32010","Name":"Medford St at Warren St","Latitude":42.416491000000001,"Longitude":-71.148133999999999,"District":"Arlington","Public_":"Yes","Total_docks":11,"ObjectId":400}},{"type":"Feature","id":401,"geometry":{"type":"Point","coordinates":[-71.151786000431457,42.363675000303708]},"properties":{"Number":"W32011","Name":"99 Coolidge Ave","Latitude":42.363675000000001,"Longitude":-71.151786000000001,"District":"Watertown","Public_":"Yes","Total_docks":11,"ObjectId":401}},{"type":"Feature","id":402,"geometry":{"type":"Point","coordinates":[-71.086430999719937,42.379590999848318]},"properties":{"Number":"S32057","Name":"Innerbelt at East Somerville Station","Latitude":42.379590999999998,"Longitude":-71.086431000000005,"District":"Somerville","Public_":"Yes","Total_docks":19,"ObjectId":402}},{"type":"Feature","id":403,"geometry":{"type":"Point","coordinates":[-71.047185999865292,42.295304999829291]},"properties":{"Number":"C32114","Name":"780 Morrissey Blvd","Latitude":42.295304999999999,"Longitude":-71.047185999999996,"District":"Boston","Public_":"Yes","Total_docks":15,"ObjectId":403}},{"type":"Feature","id":404,"geometry":{"type":"Point","coordinates":[-71.046085000398577,42.279773999958948]},"properties":{"Number":"C23015","Name":"Pope John Paul II Park - Neponset Trail at Hallet St","Latitude":42.279774000000003,"Longitude":-71.046085000000005,"District":"Boston","Public_":"Yes","Total_docks":19,"ObjectId":404}},{"type":"Feature","id":405,"geometry":{"type":"Point","coordinates":[-71.063721000042563,42.363579999740438]},"properties":{"Number":"A32024","Name":"Staniford St at Merrimac St","Latitude":42.363579999999999,"Longitude":-71.063721000000001,"District":"Boston","Public_":"Yes","Total_docks":24,"ObjectId":405}},{"type":"Feature","id":406,"geometry":{"type":"Point","coordinates":[-71.135392999646086,42.365723999791292]},"properties":{"Number":"A32063","Name":"Herter Park","Latitude":42.365724,"Longitude":-71.135392999999993,"District":"Boston","Public_":"Yes","Total_docks":19,"ObjectId":406}},{"type":"Feature","id":407,"geometry":{"type":"Point","coordinates":[-71.141901999955351,42.345864999743334]},"properties":{"Number":"D32063","Name":"Commonwealth Ave at Fidelis Way","Latitude":42.345865000000003,"Longitude":-71.141902000000002,"District":"Boston","Public_":"Yes","Total_docks":12,"ObjectId":407}},{"type":"Feature","id":408,"geometry":{"type":"Point","coordinates":[-71.145060000387204,42.361558999922792]},"properties":{"Number":"A32064","Name":"Western Ave at Leo Birmingham Pkwy","Latitude":42.361559,"Longitude":-71.145060000000001,"District":"Boston","Public_":"Yes","Total_docks":16,"ObjectId":408}},{"type":"Feature","id":409,"geometry":{"type":"Point","coordinates":[-71.057488999742731,42.362561000196692]},"properties":{"Number":"D32027","Name":"Boston Public Market - Surface Rd at Sudbury St","Latitude":42.362560999999999,"Longitude":-71.057489000000004,"District":"Boston","Public_":"Yes","Total_docks":32,"ObjectId":409}},{"type":"Feature","id":410,"geometry":{"type":"Point","coordinates":[-71.055497999798149,42.356776000316735]},"properties":{"Number":"D32044","Name":"Pearl St at Milk St","Latitude":42.356776000000004,"Longitude":-71.055498,"District":"Boston","Public_":"Yes","Total_docks":20,"ObjectId":410}},{"type":"Feature","id":411,"geometry":{"type":"Point","coordinates":[-71.010408999981223,42.389155000242923]},"properties":{"Number":"A32065","Name":"Ashley St at Boardman","Latitude":42.389155000000002,"Longitude":-71.010408999999996,"District":"Boston","Public_":"Yes","Total_docks":20,"ObjectId":411}},{"type":"Feature","id":412,"geometry":{"type":"Point","coordinates":[-71.035985000012417,42.375909000312845]},"properties":{"Number":"A32066","Name":"Bennington St at Marion St","Latitude":42.375909,"Longitude":-71.035984999999997,"District":"Boston","Public_":"Yes","Total_docks":20,"ObjectId":412}},{"type":"Feature","id":413,"geometry":{"type":"Point","coordinates":[-71.036452999817541,42.345143999720122]},"properties":{"Number":"C32011","Name":"Harbor St at Channel St","Latitude":42.345143999999998,"Longitude":-71.036452999999995,"District":"Boston","Public_":"Yes","Total_docks":16,"ObjectId":413}},{"type":"Feature","id":414,"geometry":{"type":"Point","coordinates":[71.035795999866508,42.347181000207151]},"properties":{"Number":"C32071","Name":"Northern Ave at Haul Rd","Latitude":42.347180999999999,"Longitude":71.035796000000005,"District":"Boston","Public_":"Yes","Total_docks":20,"ObjectId":414}},{"type":"Feature","id":415,"geometry":{"type":"Point","coordinates":[-71.048934999960537,42.349783999832901]},"properties":{"Number":"C32070","Name":"300 Summer St","Latitude":42.349784,"Longitude":-71.048935,"District":"Boston","Public_":"Yes","Total_docks":15,"ObjectId":415}},{"type":"Feature","id":416,"geometry":{"type":"Point","coordinates":[-70.993072000087963,42.397608000157668]},"properties":{"Number":"R32003","Name":"Beachmont Square at Suffolk Downs","Latitude":42.397607999999998,"Longitude":-70.993071999999998,"District":"Revere","Public_":"Yes","Total_docks":11,"ObjectId":416}},{"type":"Feature","id":417,"geometry":{"type":"Point","coordinates":[-71.185729999573681,42.364279999856571]},"properties":{"Number":"W32012","Name":"Galen St at Watertown St","Latitude":42.364280000000001,"Longitude":-71.185730000000007,"District":"Watertown","Public_":"Yes","Total_docks":11,"ObjectId":417}},{"type":"Feature","id":418,"geometry":{"type":"Point","coordinates":[-71.116483000282997,42.321251000101711]},"properties":{"Number":"E32002","Name":"Jamaicaway at Perkins St","Latitude":42.321250999999997,"Longitude":-71.116483000000002,"District":"Boston","Public_":"Yes","Total_docks":20,"ObjectId":418}},{"type":"Feature","id":419,"geometry":{"type":"Point","coordinates":[-71.052602000205425,42.359742999769438]},"properties":{"Number":"A32067","Name":"Surface Rd at State Street","Latitude":42.359743000000002,"Longitude":-71.052601999999993,"District":"Boston","Public_":"Yes","Total_docks":15,"ObjectId":419}},{"type":"Feature","id":420,"geometry":{"type":"Point","coordinates":[-71.100471795171501,42.349006853228374]},"properties":{"Number":"B32067","Name":"Commonweatlh Ave at Blandford Mall","Latitude":42.349006853389298,"Longitude":-71.100471794832899,"District":"Boston","Public_":"Yes","Total_docks":20,"ObjectId":420}},{"type":"Feature","id":421,"geometry":{"type":"Point","coordinates":[-71.024292999889823,42.380147999677966]},"properties":{"Number":"A32068","Name":"Wood Island T Stop","Latitude":42.380147999999998,"Longitude":-71.024293,"District":"Boston","Public_":"Yes","Total_docks":21,"ObjectId":421}},{"type":"Feature","id":422,"geometry":{"type":"Point","coordinates":[-71.066769999796165,42.377369999932007]},"properties":{"Number":"D32051","Name":"Main St at Devens St","Latitude":42.377369999999999,"Longitude":-71.066770000000005,"District":"Boston","Public_":"Yes","Total_docks":20,"ObjectId":422}},{"type":"Feature","id":423,"geometry":{"type":"Point","coordinates":[-71.058299829897962,42.37350943002734]},"properties":{"Number":"D32065","Name":"Constitution Rd at Chelsea St","Latitude":42.373509429999999,"Longitude":-71.058299829999996,"District":"Boston","Public_":"Yes","Total_docks":20,"ObjectId":423}},{"type":"Feature","id":424,"geometry":{"type":"Point","coordinates":[-71.05297999959889,42.378569999831072]},"properties":{"Number":"D32067","Name":"Chelsea St at Medford St","Latitude":42.378570000000003,"Longitude":-71.052980000000005,"District":"Boston","Public_":"Yes","Total_docks":20,"ObjectId":424}},{"type":"Feature","id":425,"geometry":{"type":"Point","coordinates":[-71.057862699799244,42.379166109867263]},"properties":{"Number":"D32066","Name":"Medford St at McNulty Ct","Latitude":42.37916611,"Longitude":-71.057862700000001,"District":"Boston","Public_":"Yes","Total_docks":20,"ObjectId":425}},{"type":"Feature","id":426,"geometry":{"type":"Point","coordinates":[-71.077564459880719,42.336258880095507]},"properties":{"Number":"C32072","Name":"Washington St at Northampton St","Latitude":42.336258880000003,"Longitude":-71.077564460000005,"District":"Boston","Public_":"Yes","Total_docks":20,"ObjectId":426}},{"type":"Feature","id":427,"geometry":{"type":"Point","coordinates":[-71.057493364656708,42.363707863866146]},"properties":{"Number":"D32068","Name":"Cross St at Stillman St","Latitude":42.3637078639264,"Longitude":-71.057493364922905,"District":"Boston","Public_":"Yes","Total_docks":16,"ObjectId":427}},{"type":"Feature","id":428,"geometry":{"type":"Point","coordinates":[-71.066769999796165,42.377369999932007]},"properties":{"Number":"D32064","Name":"Main St at Salem St","Latitude":42.377369999999999,"Longitude":-71.066770000000005,"District":"Boston","Public_":"Yes","Total_docks":16,"ObjectId":428}},{"type":"Feature","id":429,"geometry":{"type":"Point","coordinates":[-71.064157369268244,42.36585845699571]},"properties":{"Number":"A32021","Name":"Nashua Street at Red Auerbach Way [Extension]","Latitude":42.365858457100202,"Longitude":-71.064157369577003,"District":"Boston","Public_":"Yes","Total_docks":32,"ObjectId":429}},{"type":"Feature","id":430,"geometry":{"type":"Point","coordinates":[-71.05191290075436,42.429338385277546]},"properties":{"Number":"G32005","Name":"Kierstead Park","Latitude":42.429338384964097,"Longitude":-71.051912900606595,"District":"Malden","Public_":"Yes","Total_docks":11,"ObjectId":430}},{"type":"Feature","id":431,"geometry":{"type":"Point","coordinates":[-71.072165251748189,42.420834228903686]},"properties":{"Number":"G32004","Name":"Northern Strand at Bike Kitchen","Latitude":42.4208342287344,"Longitude":-71.072165251626103,"District":"Malden","Public_":"Yes","Total_docks":11,"ObjectId":431}},{"type":"Feature","id":432,"geometry":{"type":"Point","coordinates":[-71.118358230743652,42.252286747592322]},"properties":{"Number":"E32018","Name":"Truman Park and Fairmount Ave","Latitude":42.252286747798301,"Longitude":-71.118358230421094,"District":"Boston","Public_":"Yes","Total_docks":19,"ObjectId":432}},{"type":"Feature","id":433,"geometry":{"type":"Point","coordinates":[-71.06702000004141,42.344606999749367]},"properties":{"Number":"D32069","Name":"Shawmut Ave at E Berkeley St","Latitude":42.344607000000003,"Longitude":-71.067019999999999,"District":"Boston","Public_":"Yes","Total_docks":16,"ObjectId":433}},{"type":"Feature","id":434,"geometry":{"type":"Point","coordinates":[-71.049141999649777,42.325860000207506]},"properties":{"Number":"C32082","Name":"Bike Town at Moakley Park","Latitude":42.325859999999999,"Longitude":-71.049142000000003,"District":"Boston","Public_":"Yes","Total_docks":15,"ObjectId":434}},{"type":"Feature","id":435,"geometry":{"type":"Point","coordinates":[-71.071430805341564,42.379306534447458]},"properties":{"Number":"D32070","Name":"Rutherford Ave at Bunker Hill Industrial Park","Latitude":42.3793065343622,"Longitude":-71.071430805065702,"District":"Boston","Public_":"Yes","Total_docks":20,"ObjectId":435}},{"type":"Feature","id":436,"geometry":{"type":"Point","coordinates":[-71.074033926303898,42.344310465241549]},"properties":{"Number":"C32076","Name":"Warren Ave at Dartmouth St","Latitude":42.344310465076802,"Longitude":-71.074033926678197,"District":"Boston","Public_":"Yes","Total_docks":15,"ObjectId":436}},{"type":"Feature","id":437,"geometry":{"type":"Point","coordinates":[-71.138979236855363,42.415045065614599]},"properties":{"Number":"F32015","Name":"Mystic Valley Parkway at River Station","Latitude":42.415045065700198,"Longitude":-71.138979237274299,"District":"Arlington","Public_":"Yes","Total_docks":12,"ObjectId":437}},{"type":"Feature","id":438,"geometry":{"type":"Point","coordinates":[-71.136510087939556,42.401324520962973]},"properties":{"Number":"L320013","Name":"Mass Ave at Alewife Greenway","Latitude":42.401324521248199,"Longitude":-71.136510088050599,"District":"Arlington","Public_":"Yes","Total_docks":12,"ObjectId":438}},{"type":"Feature","id":439,"geometry":{"type":"Point","coordinates":[-71.071672913887042,42.340349432955335]},"properties":{"Number":"C32115","Name":"Washington St at W Dedham St","Latitude":42.340349433046299,"Longitude":-71.0716729137296,"District":"Boston","Public_":"Yes","Total_docks":15,"ObjectId":439}},{"type":"Feature","id":440,"geometry":{"type":"Point","coordinates":[-71.125045031902161,42.363060207177988]},"properties":{"Number":"A32014","Name":"Stadium Rd at Western Ave","Latitude":42.3630602068896,"Longitude":-71.125045032294807,"District":"Boston","Public_":"Yes","Total_docks":32,"ObjectId":440}},{"type":"Feature","id":441,"geometry":{"type":"Point","coordinates":[-71.062456817112903,42.356627100107218]},"properties":{"Number":"B32068","Name":"Park Street T Stop - Tremont St at Park St","Latitude":42.356627100117102,"Longitude":-71.062456816681504,"District":"Boston","Public_":"Yes","Total_docks":28,"ObjectId":441}},{"type":"Feature","id":442,"geometry":{"type":"Point","coordinates":[-71.095751165421419,42.349227707995368]},"properties":{"Number":"B32011","Name":"Kenmore Square - 600 Beacon St","Latitude":42.349227707957297,"Longitude":-71.095751165615795,"District":"Boston","Public_":"Yes","Total_docks":15,"ObjectId":442}},{"type":"Feature","id":443,"geometry":{"type":"Point","coordinates":[-71.014679999575378,42.441956000109336]},"properties":{"Number":"R32004","Name":"Northern Strand at Salem Street","Latitude":42.441955999999998,"Longitude":-71.014679999999998,"District":"Revere","Public_":"Yes","Total_docks":11,"ObjectId":443}},{"type":"Feature","id":444,"geometry":{"type":"Point","coordinates":[-71.024660000310945,42.260089999939005]},"properties":{"Number":"G32006","Name":"Maplewood Square","Latitude":42.260089999999998,"Longitude":-71.024659999999997,"District":"Malden","Public_":"Yes","Total_docks":11,"ObjectId":444}},{"type":"Feature","id":445,"geometry":{"type":"Point","coordinates":[-71.073114000248992,42.383849999803786]},"properties":{"Number":"D32071","Name":"Rutherford Ave at Main St","Latitude":42.383850000000002,"Longitude":-71.073114000000004,"District":"Boston","Public_":"Yes","Total_docks":16,"ObjectId":445}},{"type":"Feature","id":446,"geometry":{"type":"Point","coordinates":[-71.125175472671302,42.366782974150709]},"properties":{"Number":"A32015","Name":"N. Harvard St at Harvard Way","Latitude":42.366782974081097,"Longitude":-71.125175473022097,"District":"Boston","Public_":"Yes","Total_docks":20,"ObjectId":446}},{"type":"Feature","id":447,"geometry":{"type":"Point","coordinates":[-71.135675800077308,42.347755670142391]},"properties":{"Number":"D32072","Name":"Walbridge St at Commonwealth Ave","Latitude":42.347755669999998,"Longitude":-71.135675800000001,"District":"Boston","Public_":"Yes","Total_docks":19,"ObjectId":447}},{"type":"Feature","id":448,"geometry":{"type":"Point","coordinates":[-71.126577999747994,42.352995580122254]},"properties":{"Number":"D32073","Name":"39 Brighton Ave","Latitude":42.352995579999998,"Longitude":-71.126577999999995,"District":"Boston","Public_":"Yes","Total_docks":16,"ObjectId":448}},{"type":"Feature","id":449,"geometry":{"type":"Point","coordinates":[-71.159358005064178,42.35334878116133]},"properties":{"Number":"D32003","Name":"Faneuil St at Bothwell Rd","Latitude":42.353348781020102,"Longitude":-71.159358004733207,"District":"Boston","Public_":"Yes","Total_docks":20,"ObjectId":449}},{"type":"Feature","id":450,"geometry":{"type":"Point","coordinates":[-71.151396955353263,42.352621987109671]},"properties":{"Number":"D32074","Name":"Market St at Mapleton St","Latitude":42.352621987403502,"Longitude":-71.151396955234006,"District":"Boston","Public_":"Yes","Total_docks":16,"ObjectId":450}},{"type":"Feature","id":451,"geometry":{"type":"Point","coordinates":[-71.131932345116908,42.353507644339039]},"properties":{"Number":"D32075","Name":"Gardner St at Harvard Ave","Latitude":42.353507644472003,"Longitude":-71.131932345025902,"District":"Boston","Public_":"Yes","Total_docks":15,"ObjectId":451}},{"type":"Feature","id":452,"geometry":{"type":"Point","coordinates":[-71.137183359973648,42.352255640012153]},"properties":{"Number":"A32070","Name":"Ringer Park - Webley St at Armington St","Latitude":42.352255640000003,"Longitude":-71.137183359999995,"District":"Boston","Public_":"Yes","Total_docks":16,"ObjectId":452}},{"type":"Feature","id":453,"geometry":{"type":"Point","coordinates":[-71.167442928859515,42.350622976651685]},"properties":{"Number":"A32076","Name":"Oak Square - Washington St at Bigelow St","Latitude":42.3506229763655,"Longitude":-71.167442929137295,"District":"Boston","Public_":"Yes","Total_docks":20,"ObjectId":453}},{"type":"Feature","id":454,"geometry":{"type":"Point","coordinates":[-71.173223828461332,42.352982477468082]},"properties":{"Number":"D32077","Name":"Washington St at Mina Way","Latitude":42.352982477185499,"Longitude":-71.173223828324694,"District":"Boston","Public_":"Yes","Total_docks":15,"ObjectId":454}},{"type":"Feature","id":455,"geometry":{"type":"Point","coordinates":[-71.132864746076166,42.355792471215345]},"properties":{"Number":"D32078","Name":"Franklin St at Cambridge St","Latitude":42.355792471485103,"Longitude":-71.132864746069799,"District":"Boston","Public_":"Yes","Total_docks":19,"ObjectId":455}},{"type":"Feature","id":456,"geometry":{"type":"Point","coordinates":[-71.110833208898597,42.332681366838223]},"properties":{"Number":"B32039","Name":"Huntington Ave at Colburn St","Latitude":42.332681366654498,"Longitude":-71.110833209280102,"District":"Boston","Public_":"Yes","Total_docks":19,"ObjectId":456}},{"type":"Feature","id":457,"geometry":{"type":"Point","coordinates":[-71.076549999616873,42.350412999973642]},"properties":{"Number":"D32055","Name":"Boylston St at Dartmouth St","Latitude":42.350413000000003,"Longitude":-71.076549999999997,"District":"Boston","Public_":"Yes","Total_docks":19,"ObjectId":457}},{"type":"Feature","id":458,"geometry":{"type":"Point","coordinates":[-71.054597460285393,42.355854360325026]},"properties":{"Number":"D32012","Name":"Post Office Square","Latitude":42.355854360000002,"Longitude":-71.054597459999997,"District":"Boston","Public_":"Yes","Total_docks":19,"ObjectId":458}},{"type":"Feature","id":459,"geometry":{"type":"Point","coordinates":[-71.090179000155672,42.341813999823096]},"properties":{"Number":"B32012","Name":"Northeastern University - North Parking Lot","Latitude":42.341813999999999,"Longitude":-71.090179000000006,"District":"Boston","Public_":"Yes","Total_docks":15,"ObjectId":459}},{"type":"Feature","id":460,"geometry":{"type":"Point","coordinates":[-71.089810880433717,42.350826809697566]},"properties":{"Number":"B32016","Name":"Beacon St at Massachusetts Ave","Latitude":42.350826810000001,"Longitude":-71.089810880000002,"District":"Boston","Public_":"Yes","Total_docks":19,"ObjectId":460}},{"type":"Feature","id":461,"geometry":{"type":"Point","coordinates":[-71.069556139921232,42.277194700294032]},"properties":{"Number":"C32083","Name":"Washington St at Walsh Playground","Latitude":42.277194700000003,"Longitude":-71.069556140000003,"District":"Boston","Public_":"Yes","Total_docks":19,"ObjectId":461}},{"type":"Feature","id":462,"geometry":{"type":"Point","coordinates":[-71.07147924968821,42.281986280132003]},"properties":{"Number":"C32084","Name":"Washington St at Fuller St","Latitude":42.281986279999998,"Longitude":-71.071479249999996,"District":"Boston","Public_":"Yes","Total_docks":15,"ObjectId":462}},{"type":"Feature","id":463,"geometry":{"type":"Point","coordinates":[-71.073379010444327,42.270947070237277]},"properties":{"Number":"C32088","Name":"Central Ave at River St","Latitude":42.270947069999998,"Longitude":-71.073379009999996,"District":"Boston","Public_":"Yes","Total_docks":15,"ObjectId":463}},{"type":"Feature","id":464,"geometry":{"type":"Point","coordinates":[-71.134237570357982,42.280728149814799]},"properties":{"Number":"C32081","Name":"Washington St at Denton Terr","Latitude":42.280728150000002,"Longitude":-71.134237569999996,"District":"Boston","Public_":"Yes","Total_docks":19,"ObjectId":464}},{"type":"Feature","id":465,"geometry":{"type":"Point","coordinates":[-71.146369279642457,42.286114209973235]},"properties":{"Number":"C32095","Name":"Bellevue T Stop","Latitude":42.286114210000001,"Longitude":-71.146369280000002,"District":"Boston","Public_":"Yes","Total_docks":19,"ObjectId":465}},{"type":"Feature","id":466,"geometry":{"type":"Point","coordinates":[-71.13656579965685,42.293766560178113]},"properties":{"Number":"C32096","Name":"Knoll St at Centre St","Latitude":42.293766560000002,"Longitude":-71.1365658,"District":"Boston","Public_":"Yes","Total_docks":19,"ObjectId":466}},{"type":"Feature","id":467,"geometry":{"type":"Point","coordinates":[-71.117736660347433,42.291180350238065]},"properties":{"Number":"C32078","Name":"Northbourne Rd at Hyde Park Ave","Latitude":42.291180349999998,"Longitude":-71.117736660000006,"District":"Boston","Public_":"Yes","Total_docks":19,"ObjectId":467}},{"type":"Feature","id":468,"geometry":{"type":"Point","coordinates":[-71.118745170170826,42.284844719981216]},"properties":{"Number":"C32080","Name":"Mt. Hope St at Hyde Park Ave","Latitude":42.284844720000002,"Longitude":-71.118745169999997,"District":"Boston","Public_":"Yes","Total_docks":19,"ObjectId":468}},{"type":"Feature","id":469,"geometry":{"type":"Point","coordinates":[-71.121631260447643,42.262867460182697]},"properties":{"Number":"C32100","Name":"Hyde Park Ave at Arlington St","Latitude":42.262867460000002,"Longitude":-71.121631260000001,"District":"Boston","Public_":"Yes","Total_docks":19,"ObjectId":469}},{"type":"Feature","id":470,"geometry":{"type":"Point","coordinates":[-71.056998509716138,42.330733329997109]},"properties":{"Number":"C32012","Name":"Andrew T Stop - Dorchester Ave at Dexter St","Latitude":42.330733330000001,"Longitude":-71.05699851,"District":"Boston","Public_":"Yes","Total_docks":15,"ObjectId":470}},{"type":"Feature","id":471,"geometry":{"type":"Point","coordinates":[-71.067645549974344,42.34385240026964]},"properties":{"Number":"C32067","Name":"Washington St at Peters Park","Latitude":42.343852400000003,"Longitude":-71.067645549999995,"District":"Boston","Public_":"Yes","Total_docks":19,"ObjectId":471}},{"type":"Feature","id":472,"geometry":{"type":"Point","coordinates":[-71.049300130089222,42.351004499684905]},"properties":{"Number":"C32010","Name":"Congress St at Sleeper St","Latitude":42.351004500000002,"Longitude":-71.049300130000006,"District":"Boston","Public_":"Yes","Total_docks":19,"ObjectId":472}},{"type":"Feature","id":473,"geometry":{"type":"Point","coordinates":[-71.0804485496094,42.348278389686975]},"properties":{"Number":"C32058","Name":"Ring Rd","Latitude":42.348278389999997,"Longitude":-71.08044855,"District":"Boston","Public_":"Yes","Total_docks":15,"ObjectId":473}},{"type":"Feature","id":474,"geometry":{"type":"Point","coordinates":[-71.035285589698489,42.36501119969688]},"properties":{"Number":"A32029","Name":"Piers Park","Latitude":42.365011199999998,"Longitude":-71.035285590000001,"District":"Boston","Public_":"Yes","Total_docks":15,"ObjectId":474}},{"type":"Feature","id":475,"geometry":{"type":"Point","coordinates":[-71.031317710427288,42.375353769936048]},"properties":{"Number":"A32055","Name":"Airport T Stop - Bremen St at Brooks St","Latitude":42.375353769999997,"Longitude":-71.031317709999996,"District":"Boston","Public_":"Yes","Total_docks":15,"ObjectId":475}},{"type":"Feature","id":476,"geometry":{"type":"Point","coordinates":[-71.030243039683214,42.382403780279077]},"properties":{"Number":"A32034","Name":"Glendon St at Condor St","Latitude":42.382403779999997,"Longitude":-71.030243040000002,"District":"Boston","Public_":"Yes","Total_docks":19,"ObjectId":476}},{"type":"Feature","id":477,"geometry":{"type":"Point","coordinates":[-71.141278410146356,42.342868350224961]},"properties":{"Number":"A32037","Name":"Washington St at Egremont Rd","Latitude":42.342868350000003,"Longitude":-71.141278409999998,"District":"Boston","Public_":"Yes","Total_docks":15,"ObjectId":477}},{"type":"Feature","id":478,"geometry":{"type":"Point","coordinates":[-71.143931110027552,42.361787410080737]},"properties":{"Number":"A32043","Name":"Western Ave at Richardson St","Latitude":42.361787409999998,"Longitude":-71.143931109999997,"District":"Boston","Public_":"Yes","Total_docks":19,"ObjectId":478}},{"type":"Feature","id":479,"geometry":{"type":"Point","coordinates":[-71.039073160024188,42.380669309770347]},"properties":{"Number":"A32048","Name":"Marion St at White St","Latitude":42.380669310000002,"Longitude":-71.039073160000001,"District":"Boston","Public_":"Yes","Total_docks":19,"ObjectId":479}},{"type":"Feature","id":480,"geometry":{"type":"Point","coordinates":[-71.085953999693956,42.348716999795819]},"properties":{"Number":"B32000","Name":"Newbury St at Hereford St","Latitude":42.348717000000001,"Longitude":-71.085954000000001,"District":"Boston","Public_":"Yes","Total_docks":23,"ObjectId":480}},{"type":"Feature","id":481,"geometry":{"type":"Point","coordinates":[-71.069781479615301,42.31869734018602]},"properties":{"Number":"B32025","Name":"Uphams Corner T Stop - Magnolia St at Dudley St","Latitude":42.31869734,"Longitude":-71.069781480000003,"District":"Boston","Public_":"Yes","Total_docks":15,"ObjectId":481}},{"type":"Feature","id":482,"geometry":{"type":"Point","coordinates":[-71.083234999653243,42.324081000212651]},"properties":{"Number":"B32030","Name":"Walnut Ave at Warren St","Latitude":42.324081,"Longitude":-71.083235000000002,"District":"Boston","Public_":"Yes","Total_docks":15,"ObjectId":482}},{"type":"Feature","id":483,"geometry":{"type":"Point","coordinates":[-71.077986289873508,42.317860209710055]},"properties":{"Number":"B32057","Name":"Blue Hill Ave at Southwood St","Latitude":42.317860209999999,"Longitude":-71.077986289999998,"District":"Boston","Public_":"Yes","Total_docks":15,"ObjectId":483}},{"type":"Feature","id":484,"geometry":{"type":"Point","coordinates":[-71.086172419665402,42.280725139727039]},"properties":{"Number":"C23045","Name":"Morton St T","Latitude":42.280725140000001,"Longitude":-71.086172419999997,"District":"Boston","Public_":"Yes","Total_docks":15,"ObjectId":484}},{"type":"Feature","id":485,"geometry":{"type":"Point","coordinates":[-71.073067109987775,42.336399150248518]},"properties":{"Number":"C32002","Name":"Boston Medical Center - E Concord St at Harrison Ave","Latitude":42.336399149999998,"Longitude":-71.073067109999997,"District":"Boston","Public_":"Yes","Total_docks":19,"ObjectId":485}},{"type":"Feature","id":486,"geometry":{"type":"Point","coordinates":[-71.06198000034324,42.320560999920097]},"properties":{"Number":"C32018","Name":"E Cottage St at Columbia Rd","Latitude":42.320560999999998,"Longitude":-71.061980000000005,"District":"Boston","Public_":"Yes","Total_docks":19,"ObjectId":486}},{"type":"Feature","id":487,"geometry":{"type":"Point","coordinates":[-71.065370040104568,42.317274739688287]},"properties":{"Number":"C32019","Name":"Uphams Corner","Latitude":42.317274740000002,"Longitude":-71.065370040000005,"District":"Boston","Public_":"Yes","Total_docks":15,"ObjectId":487}},{"type":"Feature","id":488,"geometry":{"type":"Point","coordinates":[-71.056663999562218,42.317642000016107]},"properties":{"Number":"C32031","Name":"Ryan Playground - Dorchester Ave at Harbor View St","Latitude":42.317641999999999,"Longitude":-71.056663999999998,"District":"Boston","Public_":"Yes","Total_docks":15,"ObjectId":488}},{"type":"Feature","id":489,"geometry":{"type":"Point","coordinates":[-71.078217609652441,42.2944257903115]},"properties":{"Number":"C32039","Name":"Park St at Norwell St","Latitude":42.294425789999998,"Longitude":-71.078217609999996,"District":"Boston","Public_":"Yes","Total_docks":15,"ObjectId":489}},{"type":"Feature","id":490,"geometry":{"type":"Point","coordinates":[-71.073458719756118,42.299164980276458]},"properties":{"Number":"C32042","Name":"Washington St at Bowdoin St","Latitude":42.29916498,"Longitude":-71.073458720000005,"District":"Boston","Public_":"Yes","Total_docks":15,"ObjectId":490}},{"type":"Feature","id":491,"geometry":{"type":"Point","coordinates":[-71.079429310308271,42.286212950142364]},"properties":{"Number":"C32049","Name":"Thetford Ave at Norfolk St","Latitude":42.286212949999999,"Longitude":-71.079429309999995,"District":"Boston","Public_":"Yes","Total_docks":15,"ObjectId":491}},{"type":"Feature","id":492,"geometry":{"type":"Point","coordinates":[-71.057263459724368,42.291679430237821]},"properties":{"Number":"C32065","Name":"Adams St at Lonsdale St","Latitude":42.291679430000002,"Longitude":-71.057263460000001,"District":"Boston","Public_":"Yes","Total_docks":15,"ObjectId":492}},{"type":"Feature","id":493,"geometry":{"type":"Point","coordinates":[-71.05660500001099,42.377021999905715]},"properties":{"Number":"D32026","Name":"Hayes Square - Vine St at Moulton St","Latitude":42.377021999999997,"Longitude":-71.056605000000005,"District":"Boston","Public_":"Yes","Total_docks":19,"ObjectId":493}},{"type":"Feature","id":494,"geometry":{"type":"Point","coordinates":[-71.069593690398406,42.364355890219841]},"properties":{"Number":"D32050","Name":"Blossom St at Charles St","Latitude":42.364355889999999,"Longitude":-71.069593690000005,"District":"Boston","Public_":"Yes","Total_docks":15,"ObjectId":494}},{"type":"Feature","id":495,"geometry":{"type":"Point","coordinates":[-71.015136700370888,42.385181469738988]},"properties":{"Number":"A32054","Name":"Addison St at Saratoga St","Latitude":42.385181469999999,"Longitude":-71.015136699999999,"District":"Boston","Public_":"Yes","Total_docks":19,"ObjectId":495}},{"type":"Feature","id":496,"geometry":{"type":"Point","coordinates":[-71.075353999715588,42.325332999770801]},"properties":{"Number":"C32015","Name":"Dudley Town Common - Mt Pleasant Ave at Blue Hill Ave","Latitude":42.325333000000001,"Longitude":-71.075354000000004,"District":"Boston","Public_":"Yes","Total_docks":15,"ObjectId":496}},{"type":"Feature","id":497,"geometry":{"type":"Point","coordinates":[-71.060921999635909,42.365300999886294]},"properties":{"Number":"A32046","Name":"Canal St at Causeway St","Latitude":42.365301000000002,"Longitude":-71.060922000000005,"District":"Boston","Public_":"Yes","Total_docks":23,"ObjectId":497}},{"type":"Feature","id":498,"geometry":{"type":"Point","coordinates":[-71.123338000198672,42.341597999947595]},"properties":{"Number":"K32001","Name":"Coolidge Corner - Beacon St at Centre St","Latitude":42.341597999999998,"Longitude":-71.123338000000004,"District":"Brookline","Public_":"Yes","Total_docks":19,"ObjectId":498}},{"type":"Feature","id":499,"geometry":{"type":"Point","coordinates":[-71.138946820250027,42.338266800273558]},"properties":{"Number":"K32002","Name":"Beacon St at Tappan St","Latitude":42.3382668,"Longitude":-71.138946820000001,"District":"Brookline","Public_":"Yes","Total_docks":15,"ObjectId":499}},{"type":"Feature","id":500,"geometry":{"type":"Point","coordinates":[-71.116266809930096,42.332743920200436]},"properties":{"Number":"K32003","Name":"Brookline Village - Station Street at MBTA","Latitude":42.332743919999999,"Longitude":-71.116266809999999,"District":"Brookline","Public_":"Yes","Total_docks":19,"ObjectId":500}},{"type":"Feature","id":501,"geometry":{"type":"Point","coordinates":[-71.128332110358883,42.346551240057224]},"properties":{"Number":"K32004","Name":"JFK Crossing at Harvard St. / Thorndike St.","Latitude":42.346551239999997,"Longitude":-71.128332110000002,"District":"Brookline","Public_":"Yes","Total_docks":15,"ObjectId":501}},{"type":"Feature","id":502,"geometry":{"type":"Point","coordinates":[-71.120464470166141,42.333764730003452]},"properties":{"Number":"K32005","Name":"Brookline Town Hall","Latitude":42.333764729999999,"Longitude":-71.120464470000002,"District":"Brookline","Public_":"Yes","Total_docks":15,"ObjectId":502}},{"type":"Feature","id":503,"geometry":{"type":"Point","coordinates":[-71.121262459802693,42.351547350199858]},"properties":{"Number":"K32006","Name":"Commonwealth Ave At Babcock St","Latitude":42.351547349999997,"Longitude":-71.121262459999997,"District":"Brookline","Public_":"Yes","Total_docks":15,"ObjectId":503}},{"type":"Feature","id":504,"geometry":{"type":"Point","coordinates":[-71.107286810175552,42.346197079943266]},"properties":{"Number":"K32007","Name":"St Mary's","Latitude":42.346197080000003,"Longitude":-71.107286810000005,"District":"Brookline","Public_":"Yes","Total_docks":15,"ObjectId":504}},{"type":"Feature","id":505,"geometry":{"type":"Point","coordinates":[-71.126883610200892,42.331370169738271]},"properties":{"Number":"K32008","Name":"Tappan St at Brookline Hills MBTA","Latitude":42.33137017,"Longitude":-71.126883609999993,"District":"Brookline","Public_":"Yes","Total_docks":15,"ObjectId":505}},{"type":"Feature","id":506,"geometry":{"type":"Point","coordinates":[-71.125362219842472,42.327843170264835]},"properties":{"Number":"K32009","Name":"Cypress St at Clark Playground","Latitude":42.327843170000001,"Longitude":-71.12536222,"District":"Brookline","Public_":"Yes","Total_docks":15,"ObjectId":506}},{"type":"Feature","id":507,"geometry":{"type":"Point","coordinates":[-71.121352310195732,42.324645109898093]},"properties":{"Number":"K32010","Name":"High St at Cypress St","Latitude":42.324645109999999,"Longitude":-71.121352310000006,"District":"Brookline","Public_":"Yes","Total_docks":15,"ObjectId":507}},{"type":"Feature","id":508,"geometry":{"type":"Point","coordinates":[-71.120705639972158,42.340122430244271]},"properties":{"Number":"K32012","Name":"Marion St at Harvard St","Latitude":42.340122430000001,"Longitude":-71.120705639999997,"District":"Brookline","Public_":"Yes","Total_docks":15,"ObjectId":508}},{"type":"Feature","id":509,"geometry":{"type":"Point","coordinates":[-71.134211709657592,42.339858269882754]},"properties":{"Number":"K32011","Name":"Washington Sq","Latitude":42.339858270000001,"Longitude":-71.134211710000002,"District":"Brookline","Public_":"Yes","Total_docks":15,"ObjectId":509}},{"type":"Feature","id":510,"geometry":{"type":"Point","coordinates":[-71.114673610044463,42.344148990054471]},"properties":{"Number":"K32015","Name":"1200 Beacon St","Latitude":42.344148990000001,"Longitude":-71.114673609999997,"District":"Brookline","Public_":"Yes","Total_docks":15,"ObjectId":510}},{"type":"Feature","id":511,"geometry":{"type":"Point","coordinates":[-71.12490355982132,42.344351759857034]},"properties":{"Number":"K32017","Name":"Harvard St and Stedman St","Latitude":42.344351760000002,"Longitude":-71.124903560000007,"District":"Brookline","Public_":"Yes","Total_docks":15,"ObjectId":511}},{"type":"Feature","id":512,"geometry":{"type":"Point","coordinates":[-71.091689999701231,42.366277000235719]},"properties":{"Number":"M32002","Name":"One Kendall Square at Hampshire St / Portland St","Latitude":42.366276999999997,"Longitude":-71.09169,"District":"Cambridge","Public_":"Yes","Total_docks":19,"ObjectId":512}},{"type":"Feature","id":513,"geometry":{"type":"Point","coordinates":[-71.083110720428621,42.362241789897702]},"properties":{"Number":"M32003","Name":"One Broadway / Kendall Sq at Main St / 3rd St","Latitude":42.362241789999999,"Longitude":-71.083110719999993,"District":"Cambridge","Public_":"Yes","Total_docks":23,"ObjectId":513}},{"type":"Feature","id":514,"geometry":{"type":"Point","coordinates":[-71.084954739823047,42.362427840228932]},"properties":{"Number":"M32004","Name":"Kendall T","Latitude":42.362427840000002,"Longitude":-71.084954740000001,"District":"Cambridge","Public_":"Yes","Total_docks":23,"ObjectId":514}},{"type":"Feature","id":515,"geometry":{"type":"Point","coordinates":[-71.091156009655322,42.36213122982344]},"properties":{"Number":"M32005","Name":"MIT Stata Center at Vassar St / Main St","Latitude":42.362131230000003,"Longitude":-71.091156010000006,"District":"Cambridge","Public_":"Yes","Total_docks":35,"ObjectId":515}},{"type":"Feature","id":516,"geometry":{"type":"Point","coordinates":[-71.093197999772045,42.358100000256549]},"properties":{"Number":"M32006","Name":"MIT at Mass Ave / Amherst St","Latitude":42.3581,"Longitude":-71.093198000000001,"District":"Cambridge","Public_":"Yes","Total_docks":27,"ObjectId":516}},{"type":"Feature","id":517,"geometry":{"type":"Point","coordinates":[-71.09444499972696,42.372968999764758]},"properties":{"Number":"M32007","Name":"Cambridge St - at Columbia St / Webster Ave","Latitude":42.372968999999998,"Longitude":-71.094444999999993,"District":"Cambridge","Public_":"Yes","Total_docks":15,"ObjectId":517}},{"type":"Feature","id":518,"geometry":{"type":"Point","coordinates":[-71.1005732401199,42.363464690221811]},"properties":{"Number":"M32009","Name":"Lafayette Square at Mass Ave / Main St / Columbia St","Latitude":42.363464690000001,"Longitude":-71.100573240000003,"District":"Cambridge","Public_":"Yes","Total_docks":15,"ObjectId":518}},{"type":"Feature","id":519,"geometry":{"type":"Point","coordinates":[-71.10309999979151,42.365069999997303]},"properties":{"Number":"M32011","Name":"Central Square at Mass Ave / Essex St","Latitude":42.365070000000003,"Longitude":-71.103099999999998,"District":"Cambridge","Public_":"Yes","Total_docks":19,"ObjectId":519}},{"type":"Feature","id":520,"geometry":{"type":"Point","coordinates":[-71.105494999967121,42.366425999702955]},"properties":{"Number":"M32012","Name":"Central Sq Post Office / Cambridge City Hall at Mass Ave / Pleasant St","Latitude":42.366425999999997,"Longitude":-71.105495000000005,"District":"Cambridge","Public_":"Yes","Total_docks":17,"ObjectId":520}},{"type":"Feature","id":521,"geometry":{"type":"Point","coordinates":[-71.111075000338786,42.373379000282519]},"properties":{"Number":"M32013","Name":"Cambridge Main Library at Broadway / Trowbridge St","Latitude":42.373379,"Longitude":-71.111075,"District":"Cambridge","Public_":"Yes","Total_docks":19,"ObjectId":521}},{"type":"Feature","id":522,"geometry":{"type":"Point","coordinates":[-71.114213999605767,42.366620999834929]},"properties":{"Number":"M32014","Name":"Harvard University Housing - 115 Putnam Ave at Peabody Terrace","Latitude":42.366621000000002,"Longitude":-71.114214000000004,"District":"Cambridge","Public_":"Yes","Total_docks":15,"ObjectId":522}},{"type":"Feature","id":523,"geometry":{"type":"Point","coordinates":[-71.121880710025636,42.372216800132279]},"properties":{"Number":"M32016","Name":"Harvard Kennedy School at Bennett St / Eliot St","Latitude":42.372216799999997,"Longitude":-71.121880709999999,"District":"Cambridge","Public_":"Yes","Total_docks":23,"ObjectId":523}},{"type":"Feature","id":524,"geometry":{"type":"Point","coordinates":[-71.120986009562216,42.373328800005837]},"properties":{"Number":"M32017","Name":"Harvard Square at Brattle St / Eliot St","Latitude":42.373328800000003,"Longitude":-71.120986009999996,"District":"Cambridge","Public_":"Yes","Total_docks":15,"ObjectId":524}},{"type":"Feature","id":525,"geometry":{"type":"Point","coordinates":[-71.118578999809571,42.373267999899923]},"properties":{"Number":"M32018","Name":"Harvard Square at Mass Ave/ Dunster","Latitude":42.373268000000003,"Longitude":-71.118578999999997,"District":"Cambridge","Public_":"Yes","Total_docks":19,"ObjectId":525}},{"type":"Feature","id":526,"geometry":{"type":"Point","coordinates":[-71.076792780102195,42.367074069700642]},"properties":{"Number":"M32019","Name":"CambridgeSide Galleria - CambridgeSide PL at Land Blvd","Latitude":42.367074070000001,"Longitude":-71.076792780000005,"District":"Cambridge","Public_":"Yes","Total_docks":15,"ObjectId":526}},{"type":"Feature","id":527,"geometry":{"type":"Point","coordinates":[-71.119944999590174,42.379010999781784]},"properties":{"Number":"M32020","Name":"Harvard Law School at Mass Ave / Jarvis St","Latitude":42.379010999999998,"Longitude":-71.119945000000001,"District":"Cambridge","Public_":"Yes","Total_docks":19,"ObjectId":527}},{"type":"Feature","id":528,"geometry":{"type":"Point","coordinates":[-71.114025000358197,42.376368999684381]},"properties":{"Number":"M32021","Name":"Harvard University Gund Hall at Quincy St / Kirkland St","Latitude":42.376368999999997,"Longitude":-71.114024999999998,"District":"Cambridge","Public_":"Yes","Total_docks":15,"ObjectId":528}},{"type":"Feature","id":529,"geometry":{"type":"Point","coordinates":[-71.11387163009141,42.357218500180927]},"properties":{"Number":"M32022","Name":"Lower Cambridgeport at Magazine St / Riverside Rd","Latitude":42.357218500000002,"Longitude":-71.113871630000006,"District":"Cambridge","Public_":"Yes","Total_docks":19,"ObjectId":529}},{"type":"Feature","id":530,"geometry":{"type":"Point","coordinates":[-71.116864999874423,42.377944999675975]},"properties":{"Number":"M32023","Name":"Harvard University / SEAS Cruft-Pierce Halls at 29 Oxford St","Latitude":42.377944999999997,"Longitude":-71.116865000000004,"District":"Cambridge","Public_":"Yes","Total_docks":17,"ObjectId":530}},{"type":"Feature","id":531,"geometry":{"type":"Point","coordinates":[-71.125107000385398,42.380287000023067]},"properties":{"Number":"M32024","Name":"Harvard University Radcliffe Quadrangle at Shepard St / Garden St","Latitude":42.380287000000003,"Longitude":-71.125107,"District":"Cambridge","Public_":"Yes","Total_docks":19,"ObjectId":531}},{"type":"Feature","id":532,"geometry":{"type":"Point","coordinates":[-71.130516000154529,42.397828000131639]},"properties":{"Number":"M32025","Name":"Linear Park - Mass. Ave at Cameron Ave","Latitude":42.397827999999997,"Longitude":-71.130516,"District":"Cambridge","Public_":"Yes","Total_docks":19,"ObjectId":532}},{"type":"Feature","id":533,"geometry":{"type":"Point","coordinates":[-71.104412000043752,42.370802999960844]},"properties":{"Number":"M32026","Name":"359 Broadway - Broadway at Fayette Street","Latitude":42.370803000000002,"Longitude":-71.104411999999996,"District":"Cambridge","Public_":"Yes","Total_docks":23,"ObjectId":533}},{"type":"Feature","id":534,"geometry":{"type":"Point","coordinates":[-71.086336039709565,42.36608796989843]},"properties":{"Number":"M32027","Name":"Binney St / Sixth St","Latitude":42.366087970000002,"Longitude":-71.086336040000006,"District":"Cambridge","Public_":"Yes","Total_docks":19,"ObjectId":534}},{"type":"Feature","id":535,"geometry":{"type":"Point","coordinates":[-71.119084000322957,42.387995000269449]},"properties":{"Number":"M32029","Name":"Porter Square Station","Latitude":42.387994999999997,"Longitude":-71.119084000000001,"District":"Cambridge","Public_":"Yes","Total_docks":19,"ObjectId":535}},{"type":"Feature","id":536,"geometry":{"type":"Point","coordinates":[-71.108099519606341,42.361780439836217]},"properties":{"Number":"M32030","Name":"Dana Park","Latitude":42.361780439999997,"Longitude":-71.108099519999996,"District":"Cambridge","Public_":"Yes","Total_docks":19,"ObjectId":536}},{"type":"Feature","id":537,"geometry":{"type":"Point","coordinates":[-71.132788000306505,42.38896600027909]},"properties":{"Number":"M32031","Name":"Danehy Park","Latitude":42.388966000000003,"Longitude":-71.132788000000005,"District":"Cambridge","Public_":"Yes","Total_docks":17,"ObjectId":537}},{"type":"Feature","id":538,"geometry":{"type":"Point","coordinates":[-71.08216791967331,42.363560160231252]},"properties":{"Number":"M32032","Name":"Kendall Street","Latitude":42.363560159999999,"Longitude":-71.082167920000003,"District":"Cambridge","Public_":"Yes","Total_docks":17,"ObjectId":538}},{"type":"Feature","id":539,"geometry":{"type":"Point","coordinates":[-71.139459000099137,42.396105000176277]},"properties":{"Number":"M32033","Name":"Alewife Station at Russell Field","Latitude":42.396104999999999,"Longitude":-71.139459000000002,"District":"Cambridge","Public_":"Yes","Total_docks":23,"ObjectId":539}},{"type":"Feature","id":540,"geometry":{"type":"Point","coordinates":[-71.069956999642031,42.36988500027946]},"properties":{"Number":"M32034","Name":"EF - North Point Park","Latitude":42.369884999999996,"Longitude":-71.069957000000002,"District":"Cambridge","Public_":"Yes","Total_docks":23,"ObjectId":540}},{"type":"Feature","id":541,"geometry":{"type":"Point","coordinates":[-71.076546010198697,42.366446740303061]},"properties":{"Number":"M32035","Name":"Rogers St & Land Blvd","Latitude":42.366446740000001,"Longitude":-71.076546010000001,"District":"Cambridge","Public_":"Yes","Total_docks":19,"ObjectId":541}},{"type":"Feature","id":542,"geometry":{"type":"Point","coordinates":[-71.129042000418877,42.392765999704402]},"properties":{"Number":"M32036","Name":"Rindge Avenue - O'Neill Library","Latitude":42.392766000000002,"Longitude":-71.129041999999998,"District":"Cambridge","Public_":"Yes","Total_docks":19,"ObjectId":542}},{"type":"Feature","id":543,"geometry":{"type":"Point","coordinates":[-71.088219999998145,42.362499999831954]},"properties":{"Number":"M32037","Name":"Ames St at Main St","Latitude":42.362499999999997,"Longitude":-71.088220000000007,"District":"Cambridge","Public_":"Yes","Total_docks":19,"ObjectId":543}},{"type":"Feature","id":544,"geometry":{"type":"Point","coordinates":[-71.116870340358787,42.369239069817922]},"properties":{"Number":"M32038","Name":"Harvard University River Houses at DeWolfe St / Cowperthwaite St","Latitude":42.369239069999999,"Longitude":-71.116870340000006,"District":"Cambridge","Public_":"Yes","Total_docks":21,"ObjectId":544}},{"type":"Feature","id":545,"geometry":{"type":"Point","coordinates":[-71.119018789819847,42.386748019849435]},"properties":{"Number":"M32039","Name":"Lesley University","Latitude":42.386748019999999,"Longitude":-71.119018789999998,"District":"Cambridge","Public_":"Yes","Total_docks":15,"ObjectId":545}},{"type":"Feature","id":546,"geometry":{"type":"Point","coordinates":[-71.100060939896508,42.362647790256794]},"properties":{"Number":"M32040","Name":"University Park","Latitude":42.362647789999997,"Longitude":-71.100060940000006,"District":"Cambridge","Public_":"Yes","Total_docks":19,"ObjectId":546}},{"type":"Feature","id":547,"geometry":{"type":"Point","coordinates":[-71.101294759769587,42.359573199770907]},"properties":{"Number":"M32041","Name":"MIT Pacific St at Purrington St","Latitude":42.3595732,"Longitude":-71.101294760000002,"District":"Cambridge","Public_":"Yes","Total_docks":19,"ObjectId":547}},{"type":"Feature","id":548,"geometry":{"type":"Point","coordinates":[-71.103944779976274,42.355601210048064]},"properties":{"Number":"M32042","Name":"MIT Vassar St","Latitude":42.355601210000003,"Longitude":-71.103944780000006,"District":"Cambridge","Public_":"Yes","Total_docks":53,"ObjectId":548}},{"type":"Feature","id":549,"geometry":{"type":"Point","coordinates":[-71.133202309603746,42.374786289973478]},"properties":{"Number":"M32043","Name":"Mt Auburn","Latitude":42.374786290000003,"Longitude":-71.133202310000001,"District":"Cambridge","Public_":"Yes","Total_docks":19,"ObjectId":549}},{"type":"Feature","id":550,"geometry":{"type":"Point","coordinates":[-71.134269809995203,42.381650610058514]},"properties":{"Number":"M32044","Name":"Huron Ave At Vassal Lane","Latitude":42.381650610000001,"Longitude":-71.134269810000006,"District":"Cambridge","Public_":"Yes","Total_docks":19,"ObjectId":550}},{"type":"Feature","id":551,"geometry":{"type":"Point","coordinates":[-71.071162819926016,42.367690180165283]},"properties":{"Number":"M32045","Name":"Museum of Science","Latitude":42.367690179999997,"Longitude":-71.071162819999998,"District":"Cambridge","Public_":"Yes","Total_docks":19,"ObjectId":551}},{"type":"Feature","id":552,"geometry":{"type":"Point","coordinates":[-71.142606139899243,42.39558846015364]},"properties":{"Number":"M32046","Name":"Alewife MBTA at Steel Place","Latitude":42.395588459999999,"Longitude":-71.142606139999998,"District":"Cambridge","Public_":"Yes","Total_docks":19,"ObjectId":552}},{"type":"Feature","id":553,"geometry":{"type":"Point","coordinates":[-71.103934049600184,42.357753090315249]},"properties":{"Number":"M32047","Name":"Sidney Research Campus/Erie Street at Waverly","Latitude":42.357753090000003,"Longitude":-71.103934050000007,"District":"Cambridge","Public_":"Yes","Total_docks":19,"ObjectId":553}},{"type":"Feature","id":554,"geometry":{"type":"Point","coordinates":[-71.082771419559293,42.365444859745175]},"properties":{"Number":"M32048","Name":"Third at Binney","Latitude":42.365444859999997,"Longitude":-71.08277142,"District":"Cambridge","Public_":"Yes","Total_docks":15,"ObjectId":554}},{"type":"Feature","id":555,"geometry":{"type":"Point","coordinates":[-71.072004959962143,42.371976779963099]},"properties":{"Number":"M32049","Name":"Child Street at Brian P. Murphy Staircase","Latitude":42.371976779999997,"Longitude":-71.072004960000001,"District":"Cambridge","Public_":"Yes","Total_docks":23,"ObjectId":555}},{"type":"Feature","id":556,"geometry":{"type":"Point","coordinates":[-71.11305356041332,42.372508650297725]},"properties":{"Number":"M32050","Name":"Verizon Innovation Hub 10 Ware Street","Latitude":42.37250865,"Longitude":-71.113053559999997,"District":"Cambridge","Public_":"Yes","Total_docks":19,"ObjectId":556}},{"type":"Feature","id":557,"geometry":{"type":"Point","coordinates":[-71.143478950215794,42.3826782797438]},"properties":{"Number":"M32051","Name":"Fresh Pond Reservation","Latitude":42.38267828,"Longitude":-71.143478950000002,"District":"Cambridge","Public_":"Yes","Total_docks":17,"ObjectId":557}},{"type":"Feature","id":558,"geometry":{"type":"Point","coordinates":[-71.097598670279154,42.371197280328289]},"properties":{"Number":"M32052","Name":"Cambridge Dept. of Public Works -147 Hampshire St.","Latitude":42.371197279999997,"Longitude":-71.097598669999996,"District":"Cambridge","Public_":"Yes","Total_docks":19,"ObjectId":558}},{"type":"Feature","id":559,"geometry":{"type":"Point","coordinates":[-71.080435509664738,42.361619320171741]},"properties":{"Number":"M32053","Name":"One Memorial Drive","Latitude":42.361619320000003,"Longitude":-71.080435510000001,"District":"Cambridge","Public_":"Yes","Total_docks":19,"ObjectId":559}},{"type":"Feature","id":560,"geometry":{"type":"Point","coordinates":[-71.148716140000303,42.375002349669806]},"properties":{"Number":"M32054","Name":"699 Mt Auburn St","Latitude":42.375002350000003,"Longitude":-71.148716140000005,"District":"Cambridge","Public_":"Yes","Total_docks":25,"ObjectId":560}},{"type":"Feature","id":561,"geometry":{"type":"Point","coordinates":[-71.095222220314156,42.365994330301795]},"properties":{"Number":"M32055","Name":"Harvard St at Greene-Rose Heritage Park","Latitude":42.365994329999999,"Longitude":-71.095222219999997,"District":"Cambridge","Public_":"Yes","Total_docks":19,"ObjectId":561}},{"type":"Feature","id":562,"geometry":{"type":"Point","coordinates":[-71.122607550396751,42.391209720175496]},"properties":{"Number":"M32056","Name":"Mass Ave at Hadley/Walden","Latitude":42.391209719999999,"Longitude":-71.122607549999998,"District":"Cambridge","Public_":"Yes","Total_docks":19,"ObjectId":562}},{"type":"Feature","id":563,"geometry":{"type":"Point","coordinates":[-71.137756709703737,42.385367649855937]},"properties":{"Number":"M32057","Name":"Vassal Lane at Tobin/VLUS","Latitude":42.385367649999999,"Longitude":-71.137756710000005,"District":"Cambridge","Public_":"Yes","Total_docks":19,"ObjectId":563}},{"type":"Feature","id":564,"geometry":{"type":"Point","coordinates":[-71.143940999580508,42.393600000045282]},"properties":{"Number":"M32058","Name":"84 Cambridgepark Dr","Latitude":42.393599999999999,"Longitude":-71.143940999999998,"District":"Cambridge","Public_":"Yes","Total_docks":27,"ObjectId":564}},{"type":"Feature","id":565,"geometry":{"type":"Point","coordinates":[-71.087567199671071,42.363692900300833]},"properties":{"Number":"M32059","Name":"Ames St at Broadway","Latitude":42.363692899999997,"Longitude":-71.087567199999995,"District":"Cambridge","Public_":"Yes","Total_docks":19,"ObjectId":565}},{"type":"Feature","id":566,"geometry":{"type":"Point","coordinates":[-71.15412890999869,42.380788170315391]},"properties":{"Number":"M32060","Name":"700 Huron Ave","Latitude":42.380788170000002,"Longitude":-71.154128909999997,"District":"Cambridge","Public_":"Yes","Total_docks":19,"ObjectId":566}},{"type":"Feature","id":567,"geometry":{"type":"Point","coordinates":[-71.09670274002211,42.361358379834279]},"properties":{"Number":"M32061","Name":"Mass Ave at Albany St","Latitude":42.361358379999999,"Longitude":-71.096702739999998,"District":"Cambridge","Public_":"Yes","Total_docks":18,"ObjectId":567}},{"type":"Feature","id":568,"geometry":{"type":"Point","coordinates":[-71.100264790092368,42.374267140290137]},"properties":{"Number":"M32062","Name":"Inman Square at Springfield St.","Latitude":42.374267140000001,"Longitude":-71.100264789999997,"District":"Cambridge","Public_":"Yes","Total_docks":25,"ObjectId":568}},{"type":"Feature","id":569,"geometry":{"type":"Point","coordinates":[-71.099301859888172,42.368605239885639]},"properties":{"Number":"M32063","Name":"Sennott Park Broadway at Norfolk Street","Latitude":42.368605240000001,"Longitude":-71.099301859999997,"District":"Cambridge","Public_":"Yes","Total_docks":19,"ObjectId":569}},{"type":"Feature","id":570,"geometry":{"type":"Point","coordinates":[-71.080137599570435,42.365507290244359]},"properties":{"Number":"M32064","Name":"75 Binney St","Latitude":42.365507289999996,"Longitude":-71.0801376,"District":"Cambridge","Public_":"Yes","Total_docks":19,"ObjectId":570}},{"type":"Feature","id":571,"geometry":{"type":"Point","coordinates":[-71.085790149681074,42.369552980195316]},"properties":{"Number":"M32065","Name":"Kennedy-Longfellow School 158 Spring St","Latitude":42.369552980000002,"Longitude":-71.085790149999994,"District":"Cambridge","Public_":"Yes","Total_docks":19,"ObjectId":571}},{"type":"Feature","id":572,"geometry":{"type":"Point","coordinates":[-71.147971309967332,42.397908169939207]},"properties":{"Number":"M32066","Name":"Discovery Park - 30 Acorn Park Drive","Latitude":42.397908170000001,"Longitude":-71.147971310000003,"District":"Cambridge","Public_":"Yes","Total_docks":23,"ObjectId":572}}]}