{"type":"FeatureCollection","features":[{"type":"Feature","id":1,"geometry":{"type":"Polygon","coordinates":[[[-71.011866101508048,42.395763519171823],[-71.012129211766549,42.395555318717207],[-71.013672389863899,42.395393047095979],[-71.013981264794566,42.395234551219659],[-71.015031129460368,42.394414679002018],[-71.015432370066861,42.393867194615098],[-71.015432053859882,42.39329047045964],[-71.015279033037757,42.392861019813559],[-71.015032156234739,42.392586562218774],[-71.014970265904935,42.392263279013903],[-71.019388129268251,42.386575169051341],[-71.020282453337572,42.386460153215957],[-71.020683852945865,42.386551854715968],[-71.021084519528884,42.386500046009097],[-71.022412158551916,42.385981147102015],[-71.023708181368505,42.385174640766529],[-71.024633932998043,42.384510006070421],[-71.026146810920835,42.383780802205266],[-71.026979525833028,42.383307076022703],[-71.026979762089937,42.382820922007099],[-71.028029072495229,42.382757169676474],[-71.02827552798837,42.382797522670465],[-71.028553226887112,42.38296350356368],[-71.028676410167066,42.383510933098471],[-71.029725413348515,42.383555198500879],[-71.029941658498657,42.383461551767581],[-71.029972144624452,42.383281079098673],[-71.030188861390116,42.383123873752879],[-71.030435813651607,42.383146758721374],[-71.031392176272774,42.382958806986316],[-71.032318273753674,42.382987332815929],[-71.033181849389123,42.383260385860552],[-71.033336033529537,42.383446650635953],[-71.033334788464558,42.384355935668658],[-71.035093087021323,42.384702912365896],[-71.035186478573195,42.384107479943467],[-71.035741733538515,42.384151314955723],[-71.035896135969551,42.384292652686568],[-71.035988902293994,42.38484049130755],[-71.036512806055896,42.385020409432421],[-71.036574604757561,42.384541795758636],[-71.037654835174919,42.384171442570015],[-71.039352129140724,42.384060043237042],[-71.039414180268977,42.383627073727055],[-71.040061955420356,42.383488950013955],[-71.040092424478146,42.383056393935213],[-71.040432627256038,42.382897412376423],[-71.040494395414981,42.382184722232246],[-71.041851443483765,42.382097314189437],[-71.04172852251186,42.381045739985439],[-71.041698611307851,42.379308606158091],[-71.041760069548019,42.379055059990328],[-71.042562265096734,42.378914746330643],[-71.042562691796491,42.378049931818076],[-71.042068974123083,42.377932640810037],[-71.042038055907625,42.37759094879015],[-71.041822047014406,42.37752310733466],[-71.041914789084345,42.377359173880528],[-71.041883991243139,42.376900534862536],[-71.04132900217914,42.376928663288012],[-71.041081744490441,42.376833686749841],[-71.041205405674148,42.376056601251015],[-71.041729955324755,42.375804360568459],[-71.041915811367147,42.37544102411443],[-71.041853444930211,42.375099836831339],[-71.041268771037664,42.374769981873257],[-71.041237533021956,42.374473302322215],[-71.041793298230388,42.373949478682363],[-71.042564220729105,42.373927158438683],[-71.042718324919448,42.373789396973038],[-71.042688090321946,42.373537736501369],[-71.04244084880294,42.373307719899387],[-71.04247213263271,42.373028214698401],[-71.042687773216656,42.372825966793357],[-71.043058483679886,42.372737951089043],[-71.043798991019727,42.37280616139585],[-71.04410734582585,42.372323478639409],[-71.044014886725236,42.372045733069754],[-71.04460084700527,42.371638963199693],[-71.04546438760643,42.371632295352349],[-71.045495309415145,42.3713166864191],[-71.044970505541315,42.371037772316924],[-71.044909544069498,42.370381491030543],[-71.044415882989966,42.370129166495957],[-71.044415999770948,42.369742042581898],[-71.044230854295932,42.369556119437213],[-71.043397770176185,42.369417771638368],[-71.043212592361826,42.369051879522296],[-71.04290473881565,42.368895356670066],[-71.042905229295798,42.368642736793625],[-71.042596563672603,42.368414186961061],[-71.042689282386334,42.368133755356858],[-71.04330606296547,42.367590990373927],[-71.043398625372333,42.367382040733375],[-71.04302859673038,42.366875868546423],[-71.042689219504268,42.366899818062777],[-71.042380594305243,42.367103406503311],[-71.042010326711434,42.367218429920612],[-71.042164757888557,42.366764938308314],[-71.042165253758597,42.366377815563517],[-71.041085305412238,42.365784361838763],[-71.041085341344854,42.365595301478777],[-71.041579644719832,42.364847780503098],[-71.041734219627401,42.364457940534571],[-71.040746683669269,42.364016190575363],[-71.04040841316754,42.364274213342824],[-71.040377114964741,42.364454776479498],[-71.040006514994275,42.364984466416445],[-71.039389611345953,42.364976865977511],[-71.038866027384287,42.364824599476179],[-71.038865220697161,42.364635534900358],[-71.039513292292597,42.363813194813204],[-71.039513549210767,42.363561114704922],[-71.038803996018984,42.363375422837336],[-71.037909379997203,42.364427423027621],[-71.03781684274314,42.36468084306766],[-71.037538824942501,42.364748867648743],[-71.036922409079367,42.364525816679105],[-71.036922457588389,42.36433675585036],[-71.03778615000482,42.36303318765215],[-71.037786291938659,42.362781106405521],[-71.037138959656701,42.362621492061479],[-71.035935037512928,42.364066109565634],[-71.035626777029933,42.364152643996142],[-71.034979402527156,42.363948003246733],[-71.035009876076558,42.36365049001683],[-71.035287959454209,42.363176710206538],[-71.035010164435761,42.363082767580444],[-71.03467072342923,42.363332306105605],[-71.034547817728679,42.363586681053825],[-71.034301128673562,42.363653834652361],[-71.033992295963728,42.3635873122806],[-71.033715364226254,42.363376241908284],[-71.033653709255049,42.362764964446882],[-71.032789900057622,42.362626955475946],[-71.032142421350287,42.362620361676917],[-71.032049967639551,42.36317141410607],[-71.031401229494193,42.363219459325109],[-71.031371044304009,42.362967795001559],[-71.031123826141197,42.362827782589129],[-71.030723180219425,42.362898171490734],[-71.030537713147567,42.363630612032395],[-71.030321682694762,42.363769815537445],[-71.029858875151973,42.36374208610539],[-71.029859555176643,42.362850260105233],[-71.029551095267635,42.362783728253781],[-71.029305086237187,42.363085399372423],[-71.029242174522892,42.363284916761579],[-71.028532753383445,42.363558310357647],[-71.028285736443266,42.363814961047005],[-71.028223647585776,42.364131518994128],[-71.028347497415666,42.364291288136585],[-71.027823439143532,42.364841106624901],[-71.027422295555098,42.364910942369555],[-71.026619932021418,42.364654930692147],[-71.026003461361057,42.364152730282918],[-71.025880103807921,42.363830997863751],[-71.026127917553794,42.362853491944428],[-71.028042063032558,42.358595688678498],[-71.028041864504885,42.358117902505782],[-71.025667930720985,42.356881486933766],[-71.017158837719833,42.352807718059196],[-71.011424915515818,42.349261636045647],[-71.01025417085043,42.348462144396514],[-71.007634137306226,42.346860312885617],[-71.005969727069726,42.346952746758603],[-71.005166897310417,42.347137816593722],[-71.005042935191099,42.34850906424866],[-71.005072220269369,42.350102713755092],[-71.00488636153203,42.35145685828946],[-71.003989559010833,42.353696978731989],[-71.003464476659275,42.354562417330726],[-71.003587260188951,42.355064231033147],[-71.00411237847311,42.355046240286995],[-71.004420815025924,42.354797738305663],[-71.004884228931544,42.354086880820404],[-71.005130776052852,42.354037255290351],[-71.005747202695744,42.354387060205191],[-71.006455715638424,42.355023190403557],[-71.006425086680508,42.355230666267616],[-71.005838311628494,42.355574219842602],[-71.005097901306698,42.355524310701441],[-71.003370800341457,42.35649143357152],[-71.002630310967916,42.356666582359111],[-70.999509928386885,42.356904046899466],[-70.998337201139677,42.356600669282436],[-70.996825636553808,42.355572771354211],[-70.996671058052968,42.355305427087451],[-70.996732668108407,42.355006889121505],[-70.997441387663613,42.354796708684525],[-70.997440730096827,42.354589097291019],[-70.997040646520418,42.354407289633876],[-70.995529243631324,42.35443388999834],[-70.994726907945406,42.354024694556237],[-70.994448858703706,42.353975036448318],[-70.992938586793528,42.354073631682695],[-70.992413436170025,42.353884503555037],[-70.991858872907471,42.35395740918144],[-70.986650542399786,42.35746235584071],[-70.986496349276209,42.35764568740467],[-70.986651178406987,42.358057093651112],[-70.987113442469052,42.359057942984585],[-70.987423312733057,42.360935268890898],[-70.987732468836398,42.361389044198468],[-70.988350326495549,42.361784052734201],[-70.988874491667204,42.361891537516378],[-70.991989054063509,42.361432142350594],[-70.993561875666913,42.361548824961382],[-70.993839008627006,42.361201180674783],[-70.995843766270156,42.360949981540962],[-70.997477803568614,42.360588012177267],[-70.997940915640285,42.360633969123114],[-70.998248832068541,42.36076360490015],[-70.998558897266946,42.361433965072081],[-70.99914233058611,42.361708305957556],[-70.999479316496945,42.361954562963717],[-71.000557790707944,42.362800395240882],[-71.00148295394095,42.363324328454951],[-71.001852432813948,42.363732231424613],[-71.001821803856018,42.364029735638752],[-71.001672503855801,42.364689723894728],[-71.01036066792399,42.365047722395886],[-71.006518375824442,42.375108983627875],[-71.006124096263108,42.37606096918973],[-70.999494339023443,42.377945433006033],[-71.002794935328566,42.378625419711952],[-71.00356575811432,42.379089066829579],[-71.004398267312297,42.379290719900894],[-71.005292648873777,42.379220835775321],[-71.006003342925965,42.3790376195916],[-71.00646592499163,42.378858466693565],[-71.00686734705782,42.378518078362568],[-71.007608810205113,42.377235460527686],[-71.008256923123056,42.376773502550151],[-71.008627294921425,42.376253997668826],[-71.008720627184488,42.375540376042828],[-71.008658979399812,42.375082675385592],[-71.010233991095873,42.373960607941939],[-71.010481381735232,42.37368599205638],[-71.010481322446424,42.373505393070353],[-71.009987633519103,42.373208446067764],[-71.009988451884325,42.372820694734258],[-71.010327832703723,42.372472736527669],[-71.010883548504779,42.372174674339824],[-71.011500179065266,42.372037749225299],[-71.012487398816432,42.371974955556517],[-71.012949994356816,42.372084409903806],[-71.013721433386834,42.372340835290963],[-71.015972164127831,42.374030539730867],[-71.016342281702975,42.374375287260669],[-71.016032552474485,42.375088004326884],[-71.016094776079285,42.375366275970897],[-71.016525586529966,42.375682648293314],[-71.018406770126006,42.376352252017995],[-71.019086402232318,42.376763556344478],[-71.019517845995281,42.377287527059195],[-71.016091092986599,42.380211527051721],[-71.015751610657588,42.380190922384543],[-71.015380934330324,42.379962579140724],[-71.015165398849248,42.379407993109808],[-71.014394395502151,42.379430669740465],[-71.014394676674826,42.379710300397505],[-71.01457938826357,42.379913644924933],[-71.014609951644459,42.380282352349973],[-71.014239429827441,42.380208225102983],[-71.013930968121798,42.380006608157053],[-71.013715242197904,42.379731108277838],[-71.013344850636571,42.379593328355519],[-71.013374956775024,42.380115083003851],[-71.013313753656391,42.380872777269936],[-71.013097145586869,42.381011405740523],[-71.012665465566982,42.381010118421642],[-71.012171571823771,42.380919706764779],[-71.01167823683268,42.380694161790842],[-71.01109188398884,42.380830676527033],[-71.010906522019866,42.3814190372578],[-71.01106011596714,42.382677843792216],[-71.011028907595858,42.383227427024252],[-71.010626986066384,42.383756888321379],[-71.00991687232586,42.384345805538743],[-71.009453700965352,42.384597082971204],[-71.008805381434939,42.384779416367003],[-71.007879469006966,42.384849733560003],[-71.006954651625335,42.384685972508613],[-71.006153120829907,42.384348257950009],[-71.005227044908565,42.384067440315988],[-71.003776563067092,42.383885637008348],[-71.001093960965036,42.382968705099003],[-70.999644331624751,42.38219266231927],[-70.999504561851381,42.381916386380396],[-70.997930796118609,42.381547702485356],[-70.995554580613899,42.381778135481888],[-70.994937251164117,42.382077564800241],[-70.994752668932804,42.382305787548603],[-70.994629472178119,42.382830205696791],[-70.995154610225228,42.383082341186444],[-70.995278354952248,42.38358425555446],[-70.994908152935437,42.383744143093395],[-70.99487747636681,42.383996629240393],[-70.995248033218132,42.384431474656012],[-70.995587322409364,42.384569717057801],[-70.995557150693926,42.385002893721762],[-70.995033031336334,42.385579030508971],[-70.994693536430916,42.385602837535956],[-70.994508934436652,42.385786585944331],[-70.993768829542049,42.385943673815873],[-70.992874018585866,42.38626554776058],[-70.991917344249316,42.386426170274262],[-70.991640339748301,42.386818282420599],[-70.990375370792762,42.387362943399339],[-70.987937787777724,42.387432606806499],[-70.987568398736286,42.387681963006131],[-70.987352418589154,42.387568464626042],[-70.986920587652278,42.387071380560009],[-70.986580566334098,42.387113708016869],[-70.986487658974141,42.387547683228959],[-70.986673514118209,42.387751617433828],[-70.987167994461302,42.388580468073719],[-70.987847455887717,42.389289050335506],[-70.988064097194894,42.389861697727461],[-70.987848634477359,42.390568005763015],[-70.987786848352101,42.391163631013562],[-70.987540628217573,42.391303249861089],[-70.98744840896714,42.391547537811306],[-70.987479177163934,42.39214186468557],[-70.987695468128152,42.392353855455916],[-70.98859119177267,42.392698869270262],[-70.989115612964184,42.392761337695923],[-70.994361041198175,42.392481290139656],[-70.994546467845865,42.392622189819683],[-70.994271731590942,42.39330628147988],[-70.994580100770094,42.393337525349736],[-70.994931338452929,42.393506161304643],[-70.995236823141695,42.393685848265456],[-70.995462898555999,42.393938920041386],[-70.995565099885866,42.394282017792207],[-70.996476342825247,42.396316785836362],[-70.997670628740963,42.396750181294998],[-70.998306813828549,42.396938055915129],[-70.998768748208903,42.396982291947523],[-70.999146344258804,42.396986186754845],[-70.999495120557754,42.396948271581458],[-71.001407782019669,42.396748968599638],[-71.005385763744556,42.39409678627937],[-71.005601000984939,42.393970590844887],[-71.005862557157997,42.393900772153216],[-71.00894595699711,42.39520084038503],[-71.00989515016397,42.395483975274175],[-71.011866101508048,42.395763519171823]]]},"properties":{"FID":1,"OBJECTID":243,"TOWNS_ID":231,"TOWN_ID":35,"TOWN":"BOSTON","FIPS_STCO":25025,"CCD_MCD":"440","FIPS_PLACE":"07000","POP1980":570719,"POP1990":574283,"POP2000":588957,"POPCH80_90":3564,"POPCH90_00":14674,"FOURCOLOR":1,"TYPE":"C","ISLAND":1,"FIPS_MCD":25025440,"FIPS_COUNT":25,"SHAPE_AREA":12159817.4145,"SHAPE_LEN":30305.628481899999,"test":0,"Shape__Area":22294651.06640625,"Shape__Length":41031.785770419883}},{"type":"Feature","id":3,"geometry":{"type":"Polygon","coordinates":[[[-70.869300685632467,42.364468750888953],[-70.868653717168215,42.364884382281794],[-70.868685260611102,42.365154105769918],[-70.868931842766699,42.365383955766575],[-70.869178397074535,42.365434194252131],[-70.869610347487324,42.365336989439967],[-70.869764040249279,42.364947370876344],[-70.869763516531464,42.364488213770066],[-70.869300685632467,42.364468750888953]]]},"properties":{"FID":3,"OBJECTID":256,"TOWNS_ID":244,"TOWN_ID":35,"TOWN":"BOSTON","FIPS_STCO":25025,"CCD_MCD":"440","FIPS_PLACE":"07000","POP1980":570719,"POP1990":574283,"POP2000":588957,"POPCH80_90":3564,"POPCH90_00":14674,"FOURCOLOR":1,"TYPE":"C","ISLAND":1,"FIPS_MCD":25025440,"FIPS_COUNT":25,"SHAPE_AREA":7383.7127499999997,"SHAPE_LEN":325.73107023599999,"test":0,"Shape__Area":13534.484375,"Shape__Length":441.07699673220429}},{"type":"Feature","id":5,"geometry":{"type":"Polygon","coordinates":[[[-70.892309473956487,42.352376697962761],[-70.891816271916056,42.352646431992639],[-70.891722939652965,42.35312534982463],[-70.891907885701983,42.35335644540956],[-70.89233920549745,42.353565254488899],[-70.892679432529846,42.353451633369446],[-70.892679472055718,42.353055500316692],[-70.892309473956487,42.352376697962761]]]},"properties":{"FID":5,"OBJECTID":262,"TOWNS_ID":250,"TOWN_ID":35,"TOWN":"BOSTON","FIPS_STCO":25025,"CCD_MCD":"440","FIPS_PLACE":"07000","POP1980":570719,"POP1990":574283,"POP2000":588957,"POPCH80_90":3564,"POPCH90_00":14674,"FOURCOLOR":1,"TYPE":"C","ISLAND":1,"FIPS_MCD":25025440,"FIPS_COUNT":25,"SHAPE_AREA":7073.26685,"SHAPE_LEN":332.59167342699999,"test":0,"Shape__Area":12960.5625,"Shape__Length":450.49725630487103}},{"type":"Feature","id":6,"geometry":{"type":"Polygon","coordinates":[[[-70.894257015204246,42.345489479417949],[-70.893948778077444,42.345575094643046],[-70.89391770984335,42.34610719048672],[-70.89462668092682,42.346086797050276],[-70.894719166078573,42.345895969775661],[-70.894257015204246,42.345489479417949]]]},"properties":{"FID":6,"OBJECTID":270,"TOWNS_ID":258,"TOWN_ID":35,"TOWN":"BOSTON","FIPS_STCO":25025,"CCD_MCD":"440","FIPS_PLACE":"07000","POP1980":570719,"POP1990":574283,"POP2000":588957,"POPCH80_90":3564,"POPCH90_00":14674,"FOURCOLOR":1,"TYPE":"C","ISLAND":1,"FIPS_MCD":25025440,"FIPS_COUNT":25,"SHAPE_AREA":3286.4555,"SHAPE_LEN":226.33095158500001,"test":0,"Shape__Area":6020.50390625,"Shape__Length":306.35449185711832}},{"type":"Feature","id":7,"geometry":{"type":"Polygon","coordinates":[[[-70.896728490756658,42.338538617439418],[-70.895587421038343,42.338882033165632],[-70.895525134551505,42.339838279460125],[-70.895000510340722,42.340359947994955],[-70.895215382865118,42.341050441486786],[-70.895245703700894,42.341941272809144],[-70.895153114344566,42.342537237113795],[-70.895646701762274,42.342700267477134],[-70.896077973048705,42.343314740573078],[-70.896386015241092,42.343337154688605],[-70.897495767891954,42.342696466906048],[-70.897527393979843,42.342038780732125],[-70.897343236651665,42.341050901630894],[-70.8977131071901,42.34059422456076],[-70.898361754605631,42.340159892358173],[-70.898362024100194,42.339952823579331],[-70.89774492102589,42.33958496906024],[-70.89762236207504,42.339316486412109],[-70.897129418749415,42.338973407055846],[-70.89694481226357,42.338607275236562],[-70.896728490756658,42.338538617439418]]]},"properties":{"FID":7,"OBJECTID":271,"TOWNS_ID":259,"TOWN_ID":35,"TOWN":"BOSTON","FIPS_STCO":25025,"CCD_MCD":"440","FIPS_PLACE":"07000","POP1980":570719,"POP1990":574283,"POP2000":588957,"POPCH80_90":3564,"POPCH90_00":14674,"FOURCOLOR":1,"TYPE":"C","ISLAND":1,"FIPS_MCD":25025440,"FIPS_COUNT":25,"SHAPE_AREA":90742.335949999993,"SHAPE_LEN":1340.5805967199999,"test":0,"Shape__Area":166206.34375,"Shape__Length":1815.5562852344251}},{"type":"Feature","id":8,"geometry":{"type":"Polygon","coordinates":[[[-70.880507967404142,42.340816833931882],[-70.880014976467805,42.340932836382123],[-70.877362936848357,42.34104850928],[-70.87668415634495,42.3412491105424],[-70.876252038845507,42.341688997397306],[-70.87532707683512,42.342190397968146],[-70.874863455418662,42.342648204812548],[-70.874894078986699,42.342963478375488],[-70.875110154355255,42.343031636021237],[-70.876034970838575,42.34298939239229],[-70.876374343573133,42.342848804954976],[-70.877053390876185,42.34315300852942],[-70.877545869772803,42.343054390853013],[-70.877823751029553,42.342761585184341],[-70.878224647581277,42.342485199545173],[-70.879612595000907,42.342488825503992],[-70.881524995053056,42.341691644692858],[-70.881864429771383,42.341344061202747],[-70.881062440835166,42.341276094947531],[-70.880846810132681,42.341162395838943],[-70.880785313264965,42.340911149142563],[-70.880507967404142,42.340816833931882]]]},"properties":{"FID":8,"OBJECTID":272,"TOWNS_ID":260,"TOWN_ID":35,"TOWN":"BOSTON","FIPS_STCO":25025,"CCD_MCD":"440","FIPS_PLACE":"07000","POP1980":570719,"POP1990":574283,"POP2000":588957,"POPCH80_90":3564,"POPCH90_00":14674,"FOURCOLOR":1,"TYPE":"C","ISLAND":1,"FIPS_MCD":25025440,"FIPS_COUNT":25,"SHAPE_AREA":81397.8226,"SHAPE_LEN":1379.9462256300001,"test":0,"Shape__Area":149095.64453125,"Shape__Length":1865.9531259105922}},{"type":"Feature","id":9,"geometry":{"type":"Polygon","coordinates":[[[-70.891117053841626,42.338163588553641],[-70.888434732912245,42.338325450962571],[-70.886923798943712,42.338512680339733],[-70.886029358991735,42.338833637997858],[-70.885473779734582,42.33914919761957],[-70.885967661799697,42.339564266738158],[-70.887014732704984,42.33967338910719],[-70.887292307636187,42.339794699705912],[-70.888032759280492,42.339674310743483],[-70.890406859252707,42.339012864540678],[-70.891548337704464,42.338832098154029],[-70.891979949452391,42.338671695887371],[-70.89182614799428,42.33826016341343],[-70.891117053841626,42.338163588553641]]]},"properties":{"FID":9,"OBJECTID":274,"TOWNS_ID":262,"TOWN_ID":35,"TOWN":"BOSTON","FIPS_STCO":25025,"CCD_MCD":"440","FIPS_PLACE":"07000","POP1980":570719,"POP1990":574283,"POP2000":588957,"POPCH80_90":3564,"POPCH90_00":14674,"FOURCOLOR":1,"TYPE":"C","ISLAND":1,"FIPS_MCD":25025440,"FIPS_COUNT":25,"SHAPE_AREA":55233.741800000003,"SHAPE_LEN":1176.9881745499999,"test":0,"Shape__Area":101161.5,"Shape__Length":1590.788581854657}},{"type":"Feature","id":10,"geometry":{"type":"Polygon","coordinates":[[[-70.896795261633386,42.330069879121965],[-70.896487376646178,42.330165046557688],[-70.896238616076019,42.331439384564206],[-70.89562196305765,42.332152427979764],[-70.895559639739872,42.332910068550682],[-70.89528214655536,42.333797661668079],[-70.894294784870368,42.334507666846662],[-70.8942950804161,42.334831778618138],[-70.89460330406817,42.335033719848859],[-70.895528298417929,42.335009867756177],[-70.896823456156909,42.334393748977227],[-70.897100736440706,42.334163374576967],[-70.897286385870572,42.333845369420182],[-70.897440779318472,42.332680822295146],[-70.897595027239262,42.332308544295046],[-70.897995597702561,42.331833480278434],[-70.899815400313557,42.330506040879428],[-70.899846915010357,42.33025357946488],[-70.899508374115754,42.330114514235881],[-70.898767911691678,42.330505608550332],[-70.89827485427999,42.330576763497319],[-70.897750602870062,42.330279167996686],[-70.89707278446231,42.330092222250933],[-70.896795261633386,42.330069879121965]]]},"properties":{"FID":10,"OBJECTID":275,"TOWNS_ID":263,"TOWN_ID":35,"TOWN":"BOSTON","FIPS_STCO":25025,"CCD_MCD":"440","FIPS_PLACE":"07000","POP1980":570719,"POP1990":574283,"POP2000":588957,"POPCH80_90":3564,"POPCH90_00":14674,"FOURCOLOR":1,"TYPE":"C","ISLAND":1,"FIPS_MCD":25025440,"FIPS_COUNT":25,"SHAPE_AREA":96870.876050000006,"SHAPE_LEN":1668.3947518800001,"test":0,"Shape__Area":177384.21484375,"Shape__Length":2258.4508441035437}},{"type":"Feature","id":11,"geometry":{"type":"Polygon","coordinates":[[[-70.924510331815753,42.325199520506011],[-70.924016766855942,42.325334345347905],[-70.923524298739096,42.325774736703892],[-70.923555060647686,42.326207037680071],[-70.925219604733172,42.327376767351439],[-70.925619687411256,42.327811454158081],[-70.92639120908629,42.328951401591311],[-70.927592219790228,42.330165506781448],[-70.927870068707605,42.330367747894407],[-70.928146982478779,42.330687023787647],[-70.928332189937535,42.330963707663926],[-70.929102589616761,42.331995594066029],[-70.929349263400539,42.332225225994335],[-70.93005821292445,42.333023801174775],[-70.930089265887162,42.333483110474631],[-70.930613016037171,42.333545935971294],[-70.931476370687065,42.333207012766934],[-70.932062330068788,42.332773802298625],[-70.932093432438876,42.332431300192987],[-70.931414807344012,42.331766762187819],[-70.931075619662394,42.331286212666484],[-70.931014380611174,42.3306478639077],[-70.93156925648745,42.329431237099918],[-70.931353696751856,42.328885486681692],[-70.930182461606321,42.328859969971695],[-70.92867216544164,42.328101889444966],[-70.9270074722358,42.32730133508403],[-70.926328870497144,42.326619299884221],[-70.926298009773873,42.326115515068409],[-70.926082861466682,42.32567779266391],[-70.925466390806335,42.325291543230648],[-70.924510331815753,42.325199520506011]]]},"properties":{"FID":11,"OBJECTID":276,"TOWNS_ID":264,"TOWN_ID":35,"TOWN":"BOSTON","FIPS_STCO":25025,"CCD_MCD":"440","FIPS_PLACE":"07000","POP1980":570719,"POP1990":574283,"POP2000":588957,"POPCH80_90":3564,"POPCH90_00":14674,"FOURCOLOR":1,"TYPE":"C","ISLAND":1,"FIPS_MCD":25025440,"FIPS_COUNT":25,"SHAPE_AREA":209956.13005000001,"SHAPE_LEN":2559.4932711400002,"test":0,"Shape__Area":384421.97265625,"Shape__Length":3464.4332220132646}},{"type":"Feature","id":12,"geometry":{"type":"Polygon","coordinates":[[[-70.883261772670551,42.329934505252027],[-70.88227506136586,42.330184713980607],[-70.881965993297399,42.330361403733512],[-70.882088977151369,42.330503323382437],[-70.8827366849291,42.330501671765823],[-70.883569639691473,42.330316536359156],[-70.883661926315554,42.330134718934602],[-70.883261772670551,42.329934505252027]]]},"properties":{"FID":12,"OBJECTID":279,"TOWNS_ID":267,"TOWN_ID":35,"TOWN":"BOSTON","FIPS_STCO":25025,"CCD_MCD":"440","FIPS_PLACE":"07000","POP1980":570719,"POP1990":574283,"POP2000":588957,"POPCH80_90":3564,"POPCH90_00":14674,"FOURCOLOR":1,"TYPE":"C","ISLAND":1,"FIPS_MCD":25025440,"FIPS_COUNT":25,"SHAPE_AREA":5338.7505000000001,"SHAPE_LEN":323.24445849799997,"test":0,"Shape__Area":9775.34765625,"Shape__Length":436.95100383161895}},{"type":"Feature","id":13,"geometry":{"type":"Polygon","coordinates":[[[-70.959436265920331,42.326090490695741],[-70.958604649647739,42.326861377470898],[-70.9576799140128,42.327481018873193],[-70.957125551972865,42.328076023087078],[-70.956261687079902,42.32844214449365],[-70.955830117552779,42.328737832703411],[-70.954844715991754,42.329196189085415],[-70.954412692815438,42.329500872449117],[-70.9542282399415,42.329728944197818],[-70.954258806915689,42.330250724487733],[-70.954536623493695,42.330480540101135],[-70.955430736458936,42.330735153608892],[-70.956293290709894,42.330864738158134],[-70.957588160987996,42.330797120516877],[-70.958144087893132,42.330616891013428],[-70.958698336745357,42.330291972552253],[-70.959252671835827,42.329246269219752],[-70.959406541565883,42.328874538047238],[-70.959992456031856,42.328305599592071],[-70.961009230355856,42.32757662456725],[-70.96335171951155,42.326248384697216],[-70.965323842258741,42.325349349261032],[-70.965323145166082,42.324871645119138],[-70.967912092509863,42.322836010079371],[-70.967942848130249,42.322655551205315],[-70.968127293817645,42.322535404405961],[-70.968219598408041,42.32233551390587],[-70.968435138380684,42.322196423866316],[-70.968589480624587,42.32171664542124],[-70.968712220136808,42.321417231944949],[-70.968866140172523,42.321117512176471],[-70.969481008238418,42.318233167702964],[-70.970775366476786,42.316336702160214],[-70.971298408754336,42.315309971956211],[-70.9716985435347,42.314807641665048],[-70.97176034133804,42.314554129484485],[-70.97188378512945,42.314326829739386],[-70.973115174161364,42.312909370326409],[-70.974069632354102,42.3121721610229],[-70.975240888160883,42.311530376528871],[-70.976874498759571,42.310772025410543],[-70.976997090948089,42.310409670130326],[-70.976441915932824,42.310248418134762],[-70.975055681600438,42.310299533736774],[-70.974038334151288,42.310478904695685],[-70.971049421808729,42.311557886524263],[-70.970772012167529,42.311760888288909],[-70.970094646510674,42.312952921544991],[-70.968893560348249,42.313613062815904],[-70.968091894805553,42.31379778902771],[-70.966797141308462,42.313937548621531],[-70.966305059467174,42.314306099839555],[-70.965196067689362,42.316793618474463],[-70.964642036229463,42.31771331099516],[-70.963441481869694,42.320211098453484],[-70.96072955246855,42.32359093149627],[-70.960299228006434,42.324643347212643],[-70.960114639486903,42.324763480688389],[-70.959837020538245,42.325335580011128],[-70.959436265920331,42.326090490695741]]]},"properties":{"FID":13,"OBJECTID":280,"TOWNS_ID":268,"TOWN_ID":35,"TOWN":"BOSTON","FIPS_STCO":25025,"CCD_MCD":"440","FIPS_PLACE":"07000","POP1980":570719,"POP1990":574283,"POP2000":588957,"POPCH80_90":3564,"POPCH90_00":14674,"FOURCOLOR":1,"TYPE":"C","ISLAND":1,"FIPS_MCD":25025440,"FIPS_COUNT":25,"SHAPE_AREA":911283.1274,"SHAPE_LEN":6347.4427599000001,"test":0,"Shape__Area":1668067.71484375,"Shape__Length":8590.3538338636281}},{"type":"Feature","id":14,"geometry":{"type":"Polygon","coordinates":[[[-70.890384288182887,42.327663208575515],[-70.889644633344261,42.328143739287448],[-70.889675035926729,42.328350431209969],[-70.891648304924217,42.328282114864521],[-70.892233509721123,42.328128196771281],[-70.892203551804712,42.327785921073357],[-70.891648319297261,42.327687371610544],[-70.890384288182887,42.327663208575515]]]},"properties":{"FID":14,"OBJECTID":282,"TOWNS_ID":270,"TOWN_ID":35,"TOWN":"BOSTON","FIPS_STCO":25025,"CCD_MCD":"440","FIPS_PLACE":"07000","POP1980":570719,"POP1990":574283,"POP2000":588957,"POPCH80_90":3564,"POPCH90_00":14674,"FOURCOLOR":1,"TYPE":"C","ISLAND":1,"FIPS_MCD":25025440,"FIPS_COUNT":25,"SHAPE_AREA":12643.1926,"SHAPE_LEN":507.48194754500003,"test":0,"Shape__Area":23148.203125,"Shape__Length":685.93484500565}},{"type":"Feature","id":15,"geometry":{"type":"Polygon","coordinates":[[[-70.986341821979352,42.319120032032885],[-70.985910727661008,42.319307708478718],[-70.985387278446652,42.319857431614082],[-70.984186000044744,42.321572164741703],[-70.984185985671715,42.321797240506655],[-70.984988728294425,42.323350439995302],[-70.985112921280773,42.323951948299687],[-70.984866958962712,42.324955853170486],[-70.984806302918102,42.325894145425508],[-70.984559452166238,42.326528831865595],[-70.984436173664861,42.326783244195447],[-70.983573688584158,42.327284621491522],[-70.983542768572079,42.32756474658575],[-70.983974793545045,42.327836147110425],[-70.984684003580384,42.328040275853319],[-70.985886550403464,42.328244267124283],[-70.987335489837619,42.328228230524722],[-70.988568843485027,42.328044661740982],[-70.989584540729027,42.327738572003724],[-70.99063312529556,42.327143983003324],[-70.991156735308365,42.326530676187666],[-70.991155910654925,42.325999495247657],[-70.990292075406373,42.325456027637863],[-70.989737216598073,42.32502430197485],[-70.989182220347544,42.324836104610633],[-70.988503218858597,42.324424618419435],[-70.988349703064742,42.324264671553294],[-70.988534137074041,42.323676334779044],[-70.988225134582621,42.323375609583934],[-70.987762671992883,42.32310399853236],[-70.988038749432505,42.321955092812068],[-70.987790930296768,42.319896798139027],[-70.987297648306267,42.319689239539478],[-70.987050697841411,42.31941408558194],[-70.98658901678597,42.319125098039642],[-70.986341821979352,42.319120032032885]]]},"properties":{"FID":15,"OBJECTID":283,"TOWNS_ID":271,"TOWN_ID":35,"TOWN":"BOSTON","FIPS_STCO":25025,"CCD_MCD":"440","FIPS_PLACE":"07000","POP1980":570719,"POP1990":574283,"POP2000":588957,"POPCH80_90":3564,"POPCH90_00":14674,"FOURCOLOR":1,"TYPE":"C","ISLAND":1,"FIPS_MCD":25025440,"FIPS_COUNT":25,"SHAPE_AREA":340874.11680000002,"SHAPE_LEN":2798.0263395799998,"test":0,"Shape__Area":624033.39453125,"Shape__Length":3787.3365816535875}},{"type":"Feature","id":16,"geometry":{"type":"Polygon","coordinates":[[[-70.940262535562866,42.324878383016006],[-70.939676476468122,42.324761909284518],[-70.939183266342852,42.324860788104282],[-70.93795085682477,42.325611564829416],[-70.937087749211599,42.325815491583825],[-70.933480853445758,42.325867544939449],[-70.933881593690614,42.326274656270641],[-70.934529220619964,42.32648041258048],[-70.936932785333511,42.326664440200972],[-70.940170799606037,42.32758227034337],[-70.941218483162359,42.327582236472715],[-70.941526525354746,42.327487581159794],[-70.941927244040059,42.32711977260594],[-70.942111864898919,42.326711660571775],[-70.941926820035249,42.326273484055406],[-70.941372258569317,42.325679470973228],[-70.940756523629176,42.325158171471223],[-70.940262535562866,42.324878383016006]]]},"properties":{"FID":16,"OBJECTID":284,"TOWNS_ID":272,"TOWN_ID":35,"TOWN":"BOSTON","FIPS_STCO":25025,"CCD_MCD":"440","FIPS_PLACE":"07000","POP1980":570719,"POP1990":574283,"POP2000":588957,"POPCH80_90":3564,"POPCH90_00":14674,"FOURCOLOR":1,"TYPE":"C","ISLAND":1,"FIPS_MCD":25025440,"FIPS_COUNT":25,"SHAPE_AREA":109047.82115,"SHAPE_LEN":1668.1532959799999,"test":0,"Shape__Area":199643.2421875,"Shape__Length":2254.9257809952728}},{"type":"Feature","id":17,"geometry":{"type":"Polygon","coordinates":[[[-70.928457115050833,42.317331990473924],[-70.928087344225375,42.317401095204794],[-70.927255243760854,42.317766617822215],[-70.926515656295862,42.317788228685174],[-70.9260224946796,42.318246633625961],[-70.925868458761215,42.318564303166497],[-70.925713715868682,42.319414320050505],[-70.925929535217364,42.320698334764209],[-70.926329398706542,42.321313710290063],[-70.926822894496055,42.321584553291501],[-70.928610364045042,42.322085831211247],[-70.929935701584313,42.321973121588307],[-70.930491271858287,42.32176538386404],[-70.930614633902991,42.321565136902016],[-70.930614323085905,42.320925377697591],[-70.930645565593181,42.319663933640634],[-70.930830444268537,42.319300224732373],[-70.930768851281087,42.319067010638847],[-70.930275591748469,42.319066817350624],[-70.929874883842928,42.318704167750177],[-70.928857943330598,42.317424014077943],[-70.928457115050833,42.317331990473924]]]},"properties":{"FID":17,"OBJECTID":286,"TOWNS_ID":274,"TOWN_ID":35,"TOWN":"BOSTON","FIPS_STCO":25025,"CCD_MCD":"440","FIPS_PLACE":"07000","POP1980":570719,"POP1990":574283,"POP2000":588957,"POPCH80_90":3564,"POPCH90_00":14674,"FOURCOLOR":1,"TYPE":"C","ISLAND":1,"FIPS_MCD":25025440,"FIPS_COUNT":25,"SHAPE_AREA":167020.07010000001,"SHAPE_LEN":1556.6875839100001,"test":0,"Shape__Area":305716.19921875,"Shape__Length":2106.6613549946151}},{"type":"Feature","id":18,"geometry":{"type":"Polygon","coordinates":[[[-70.999269304756567,42.31998005970604],[-70.999226820731835,42.320489085084148],[-70.999381330062391,42.320648481624779],[-70.999566173703457,42.320883904969023],[-71.003371693266857,42.321293122837339],[-71.0056525319429,42.321019360086325],[-71.006578014077832,42.320651422719997],[-71.008088892350841,42.319760388787337],[-71.009322697850862,42.31861273717891],[-71.009508023887236,42.318132406665612],[-71.010001689458349,42.317358002732078],[-71.010772223884871,42.316560646840728],[-71.011975077931794,42.315873068909625],[-71.016260828761219,42.314113091636266],[-71.016692723478471,42.313772254241321],[-71.01706256796578,42.313216702011317],[-71.017125109574181,42.312603048852822],[-71.016632334233506,42.311386740039161],[-71.016355528260164,42.311022032670209],[-71.016355933400348,42.310841974372146],[-71.016047687290381,42.310433289741368],[-71.015493559710748,42.309884650822625],[-71.014569463676295,42.309513878131213],[-71.013583102714534,42.309513037764511],[-71.013552029090576,42.309721146768211],[-71.014291772862407,42.309788917268314],[-71.014783890636295,42.31008647550226],[-71.014198737941712,42.310294944660811],[-71.013459353495946,42.310290195485059],[-71.012719956473802,42.309924691224943],[-71.012165774995239,42.309402954940822],[-71.01191903204122,42.308966340625361],[-71.011641844283886,42.308781771630343],[-71.011426445346743,42.308920943138787],[-71.010839474462003,42.310290867770142],[-71.010376575291048,42.3108127827008],[-71.008094255293074,42.313122395755698],[-71.007724207786509,42.313678458319046],[-71.006704976570205,42.315614779698187],[-71.006551222722806,42.315824610203848],[-71.006519852654762,42.316005076712564],[-71.006056677701011,42.316598996473651],[-71.005440207938975,42.317078006886923],[-71.004761435520408,42.318107550489167],[-71.003342630072453,42.319276321506564],[-71.002695224128658,42.319548744811996],[-71.001708912574244,42.31973740766481],[-71.000907149115207,42.319706379582499],[-71.000290803320652,42.319546148393201],[-70.99952080518834,42.319072930837564],[-70.998917755358349,42.319134494760299],[-70.999269304756567,42.31998005970604]]]},"properties":{"FID":18,"OBJECTID":287,"TOWNS_ID":275,"TOWN_ID":35,"TOWN":"BOSTON","FIPS_STCO":25025,"CCD_MCD":"440","FIPS_PLACE":"07000","POP1980":570719,"POP1990":574283,"POP2000":588957,"POPCH80_90":3564,"POPCH90_00":14674,"FOURCOLOR":1,"TYPE":"C","ISLAND":1,"FIPS_MCD":25025440,"FIPS_COUNT":25,"SHAPE_AREA":687464.50139999995,"SHAPE_LEN":4853.4934321000001,"test":0,"Shape__Area":1258164.93359375,"Shape__Length":6565.8895214156082}},{"type":"Feature","id":19,"geometry":{"type":"Polygon","coordinates":[[[-70.954838770042883,42.309729321881377],[-70.954499434139265,42.310005185822284],[-70.954437694726408,42.310483675779494],[-70.95453039727046,42.310761590455847],[-70.954746237280403,42.311037208065507],[-70.953760228458265,42.311765645325302],[-70.953267534864267,42.311819030927325],[-70.952990277936664,42.3113377583947],[-70.953020910487851,42.311147669341743],[-70.952712616767187,42.310945883273],[-70.95240394665241,42.310942162492687],[-70.952003430088027,42.311291372807297],[-70.951541802931516,42.311497411285266],[-70.949815427805035,42.311698480136499],[-70.949476592262997,42.311857202096604],[-70.949507667683619,42.312063881095277],[-70.951140540765465,42.313009090821225],[-70.952404690457456,42.313212107833792],[-70.952928319334887,42.313005280484468],[-70.954499441325794,42.311834428670025],[-70.955671150781768,42.311444479792407],[-70.957273852148177,42.311291085164179],[-70.958013216830977,42.310647524622809],[-70.957797716384206,42.310344905649501],[-70.95715068683451,42.310716558305245],[-70.956565117321603,42.310879807337344],[-70.955763298167,42.310461331665508],[-70.955455030497461,42.309917436880887],[-70.955146949677527,42.309733034097185],[-70.954838770042883,42.309729321881377]]]},"properties":{"FID":19,"OBJECTID":289,"TOWNS_ID":277,"TOWN_ID":35,"TOWN":"BOSTON","FIPS_STCO":25025,"CCD_MCD":"440","FIPS_PLACE":"07000","POP1980":570719,"POP1990":574283,"POP2000":588957,"POPCH80_90":3564,"POPCH90_00":14674,"FOURCOLOR":1,"TYPE":"C","ISLAND":1,"FIPS_MCD":25025440,"FIPS_COUNT":25,"SHAPE_AREA":87622.640650000001,"SHAPE_LEN":1956.3981176100001,"test":0,"Shape__Area":160344.45703125,"Shape__Length":2645.415809465133}},{"type":"Feature","id":20,"geometry":{"type":"Polygon","coordinates":[[[-71.077764529965847,42.38566837449239],[-71.07971330819376,42.382929244021042],[-71.08047633899271,42.382587435200371],[-71.080813010493216,42.38242934094955],[-71.08097168980332,42.382332009157253],[-71.08070224911701,42.381048658348952],[-71.075657736282835,42.380204215783202],[-71.072932885514675,42.373848392131286],[-71.072728826011357,42.373331402168084],[-71.072466373319642,42.372667032333787],[-71.067115826926027,42.371824383095259],[-71.064574306137686,42.369483612865437],[-71.064615042939195,42.369486171383578],[-71.06459576149993,42.369467870178234],[-71.064594126566121,42.369467767306524],[-71.064579702317602,42.36946688991047],[-71.064564165056453,42.3694660085322],[-71.064530504284434,42.369463961717059],[-71.064499452220019,42.369459453281202],[-71.06446321597808,42.369454926261774],[-71.064446577382398,42.369452941169314],[-71.064431050901021,42.369450413843175],[-71.064415525317955,42.369448432732675],[-71.064399625137426,42.369446727052903],[-71.064368571276361,42.369441941857644],[-71.064337157190877,42.369435787472149],[-71.064322747315416,42.369432988032919],[-71.06430981427026,42.369430196557857],[-71.064295398106594,42.36942767122185],[-71.064279874320178,42.36942486979121],[-71.064254381929047,42.36941928418544],[-71.064237759503015,42.369414830832604],[-71.064220773259322,42.369409552513986],[-71.064195651872382,42.369403145259746],[-71.064166832121444,42.3693967253948],[-71.064139473031162,42.36939305452993],[-71.064125062257361,42.369390255088788],[-71.064110635313895,42.369389377691604],[-71.064093613137587,42.369389313313746],[-71.064076961067158,42.369389250263289],[-71.064062509869188,42.369391939532029],[-71.0640539947386,42.369392730649565],[-71.064046958234982,42.369393527076639],[-71.064044366595397,42.369393517121281],[-71.064029001810766,42.369367664430584],[-71.063840237921795,42.369373259332598],[-71.063734414584701,42.369370938410697],[-71.063601156698823,42.369376742374556],[-71.063502692360544,42.36938075902254],[-71.063381276965046,42.369386611434784],[-71.063262090289783,42.369390549766813],[-71.063060357423055,42.369398014942803],[-71.063024079858621,42.369399522844546],[-71.062847532159196,42.369404341891212],[-71.06244962969231,42.369417922295789],[-71.061960096371493,42.369357059335641],[-71.06186968183647,42.369374550872188],[-71.061849309842444,42.369377218239833],[-71.061824103115555,42.369383434354177],[-71.06181328021303,42.369343328924018],[-71.061795853794848,42.369294965834811],[-71.0619414473462,42.369271648401273],[-71.061966712463573,42.369256651649252],[-71.061966744802916,42.369251987231237],[-71.061932033900334,42.369241152479724],[-71.061786476281569,42.369259532066586],[-71.06164075786441,42.368766962854032],[-71.062067912171898,42.368697244224315],[-71.062040757897492,42.36861070145234],[-71.061984447902219,42.368619542565689],[-71.061958438979801,42.36868804605308],[-71.061946573133199,42.368691568954816],[-71.061894941563935,42.368666400910428],[-71.061910536317257,42.368658501589643],[-71.061928159466518,42.368572130662031],[-71.061874311753442,42.368509827983942],[-71.061863912855699,42.368497795792038],[-71.061845788446533,42.368496903781057],[-71.061843216569869,42.368494148767802],[-71.061877154921305,42.368456135413176],[-71.061889377399055,42.368454259799478],[-71.061920265071791,42.368482915666256],[-71.061936679986985,42.36849703320226],[-71.061989450620032,42.36848620694861],[-71.061960186203009,42.3684358713489],[-71.061923301377448,42.368418718037702],[-71.061830682376709,42.368433732245947],[-71.061704350501685,42.368454654700464],[-71.061690746415024,42.368495489439162],[-71.061678899433048,42.368496267957688],[-71.061671508094889,42.368494594109599],[-71.061674142853619,42.368488290962773],[-71.061670856816292,42.368428456499672],[-71.061638680959462,42.368372355292124],[-71.061634996070183,42.368370419279195],[-71.061641341769331,42.368362487399921],[-71.061653188751308,42.368361708215964],[-71.061689230957128,42.36839395142232],[-71.061735903826033,42.368386993857314],[-71.061734824949383,42.368382599500599],[-71.061772271221997,42.368372041362001],[-71.061824980769615,42.368348918050053],[-71.06184800279371,42.368337479175409],[-71.061884473495923,42.368307433453097],[-71.061876051790136,42.368294779998443],[-71.061838738468182,42.368285855213088],[-71.061747402261673,42.368276453225377],[-71.061704456502895,42.3682790317037],[-71.061657419816285,42.368285164300417],[-71.061641588806026,42.368326815500893],[-71.061630474849352,42.368328695100573],[-71.061622348689298,42.368326742493842],[-71.06162459807075,42.368322360079482],[-71.061622793355355,42.368262530767922],[-71.061588400456372,42.368205597793867],[-71.061585831274655,42.368202844095258],[-71.061591806867938,42.368194908212594],[-71.061604023955795,42.368193858899936],[-71.061639687072585,42.368227196636241],[-71.061685624221269,42.368220237061678],[-71.061685656560627,42.368215572566712],[-71.06173009711604,42.368210528434012],[-71.061780590519845,42.368186573444042],[-71.061801034379059,42.368173206485331],[-71.061813302670913,42.368165294492165],[-71.061811861773208,42.368159252810948],[-71.061790418089046,42.36815642610307],[-71.061765275142562,42.368153586120975],[-71.061703860919835,42.368151705188637],[-71.061692007649683,42.368153306702332],[-71.061888814155381,42.368001758726813],[-71.061932171342576,42.367992868412372],[-71.061980315651908,42.367987015206559],[-71.062001798861928,42.367984353089504],[-71.062058437640587,42.367981002047514],[-71.062107658131637,42.367980365555219],[-71.062223100628799,42.367982450913601],[-71.062250466905596,42.367984477202199],[-71.062278196101815,42.367988149476794],[-71.062301110328065,42.367992627487851],[-71.062323649956866,42.367997104834856],[-71.062345456560379,42.368000754542813],[-71.062366894854648,42.368004404250506],[-71.062393499360098,42.368009991309506],[-71.062416025514153,42.368016937633257],[-71.062440038380018,42.368022518054111],[-71.062458153806034,42.368025331493968],[-71.062475145439649,42.368029786272743],[-71.062484747531698,42.368032565863359],[-71.062492875488417,42.368034245033385],[-71.062496563970953,42.36803617840183],[-71.062500250656882,42.368037837660651],[-71.062501354686361,42.368038667290044],[-71.062503933749554,42.368040597339878],[-71.062505030592519,42.368042246643014],[-71.062506133723687,42.368043349718207],[-71.062507242244749,42.368043354364112],[-71.062508714583501,42.368045005658324],[-71.062509822206238,42.368045009640511],[-71.062510928032353,42.368045836615011],[-71.062512029366886,42.368046939026428],[-71.062514614718282,42.368047772637951],[-71.062517938484831,42.368048608240493],[-71.062521626069056,42.36805054426334],[-71.06252420692887,42.368052200203266],[-71.062527522610608,42.368054132243721],[-71.062531211093145,42.368055794820592],[-71.062534904965588,42.368056631086809],[-71.062538591651531,42.368058563790839],[-71.062540811388587,42.368058572419031],[-71.062543397638294,42.368059408021438],[-71.06254672679475,42.368059420631809],[-71.062562600025814,42.368064967863702],[-71.06258880837423,42.368074671204297],[-71.062613893828541,42.368085470317048],[-71.062640449824968,42.36809819283895],[-71.062665534380955,42.36810981427535],[-71.062671430922478,42.368113404243488],[-71.06267511401515,42.368116161264588],[-71.062677321175798,42.36811781720278],[-71.062682119077735,42.368119755214536],[-71.062686917877969,42.368121419117116],[-71.062696523563318,42.368123377703547],[-71.062706134638532,42.368125059525994],[-71.062716860523039,42.36812592366676],[-71.062725361280556,42.368127053952264],[-71.062733868326305,42.368127910128585],[-71.062738678804649,42.368127928712234],[-71.062744600498988,42.368127951278154],[-71.062750521295058,42.368127973844025],[-71.062753117426212,42.368127159480977],[-71.062755337163281,42.368127168109112],[-71.062759038222254,42.368127182046855],[-71.062760148539951,42.368127186692753],[-71.062760161116358,42.368125265273761],[-71.062761644234897,42.368124448255877],[-71.062762760840783,42.368123629246838],[-71.062763871158481,42.368123633892786],[-71.06276387834501,42.36812253679232],[-71.062765002137425,42.368120892800903],[-71.06276648615426,42.368120075782954],[-71.062767603658486,42.368118983992041],[-71.062768725654266,42.36811733933682],[-71.062768731044159,42.36811651700922],[-71.062769853039953,42.368114602226903],[-71.062769871904578,42.368111857152435],[-71.062935355952959,42.368155293163291],[-71.063231560146519,42.368238466950785],[-71.063332421190012,42.368261900915549],[-71.063442901393543,42.368285642828759],[-71.06352783800196,42.368310935801453],[-71.063559266460487,42.368314623985768],[-71.06359658696897,42.368322723123676],[-71.063691047516045,42.368362323465988],[-71.063828652349585,42.368423487382103],[-71.063972557068212,42.368483582019877],[-71.064094701895698,42.368533164283853],[-71.064267471281028,42.368593365008344],[-71.064419545278867,42.368649369782446],[-71.064560924833216,42.368700672880664],[-71.064587485321226,42.368712296860387],[-71.064672273707629,42.36875981750444],[-71.064776556434026,42.36882359931122],[-71.064917635951062,42.368918530221642],[-71.064934208071435,42.368930118321607],[-71.065335051622569,42.368864676722374],[-71.065376918504697,42.368857699962376],[-71.06585704376954,42.368779385911132],[-71.065860747523459,42.368778577529788],[-71.06586408476474,42.368777766493608],[-71.065867794806877,42.368776682014854],[-71.065871497662471,42.368775872306074],[-71.065875210399554,42.368774240941939],[-71.065878553929025,42.368772334144055],[-71.065881155450086,42.368770696142903],[-71.06588486908548,42.368768790672277],[-71.065887101398957,42.368767150679908],[-71.065890815034336,42.368765245209225],[-71.065893050941085,42.368762782233922],[-71.065895661445296,42.368760049797977],[-71.065896786136037,42.368758133044203],[-71.065899389453719,42.36875567405081],[-71.065900518636042,42.368752932986553],[-71.065902760830994,42.368750197231698],[-71.065904257424251,42.368747457494564],[-71.065904281678769,42.368743892783101],[-71.065905409064442,42.368741425824808],[-71.065905427030742,42.368738680777696],[-71.065905445895368,42.368735938385285],[-71.065905471048211,42.3687323716821],[-71.065905489912836,42.368729626634625],[-71.065905506980812,42.368727158348371],[-71.065904421815944,42.368723586335115],[-71.065902962951924,42.368720835977655],[-71.065901870600541,42.368718086947489],[-71.065900776452523,42.368715341235692],[-71.065899683202829,42.368712865648234],[-71.065897114919423,42.368710113962933],[-71.065894909555396,42.3687073602864],[-71.06589233408549,42.368705705027452],[-71.065890132314721,42.368702952014424],[-71.065887555048178,42.368701019993928],[-71.065883864768992,42.368699360088918],[-71.065881656710019,42.368697706157114],[-71.065877968227468,42.368695770817972],[-71.06587428243985,42.36869411091282],[-71.065872071685945,42.368692180883123],[-71.065868380508434,42.368691343961665],[-71.065863575419968,42.368690503058048],[-71.065859880649214,42.368689392693582],[-71.065856556882665,42.368688554444724],[-71.06585286211191,42.368687717523215],[-71.065849160154627,42.3686877035856],[-71.065844348777944,42.36868768566579],[-71.065840648617311,42.368687671728168],[-71.065837319460854,42.368687659117917],[-71.065833612113664,42.368688468164123],[-71.065828804330266,42.368688449580659],[-71.065825098779726,42.368689261281652],[-71.065821757046876,42.368690345098251],[-71.065818053292958,42.368691154144429],[-71.065814342352525,42.368692786174385],[-71.065810632310388,42.368693870654639],[-71.065807291475849,42.368695504675642],[-71.065804687259842,42.368697415458051],[-71.065800975421084,42.368699047487844],[-71.065798735921092,42.368701783908598],[-71.065796137993289,42.368703420584175],[-71.065792785480653,42.368706152358868],[-71.065791296073897,42.368707792352787],[-71.065789053878959,42.3687105287732],[-71.06578644606968,42.368713260547544],[-71.065785318683993,42.368716000949867],[-71.06578419129832,42.368718469236569],[-71.065783059421065,42.368721206320181],[-71.065781562827809,42.368723945394791],[-71.065780428255593,42.368727508779976],[-71.065780410289292,42.368730253827536],[-71.065780393221303,42.368732722777381],[-71.065780374356663,42.368735466497341],[-71.065310244645985,42.368812994788073],[-71.065149649229383,42.368704545549726],[-71.065030448181076,42.3686033875058],[-71.065083589818343,42.368570658580119],[-71.065028248206957,42.368385223106173],[-71.065534672550058,42.368302344196117],[-71.065693467742832,42.36825315532478],[-71.065788135800716,42.368183665765706],[-71.06644824392265,42.368070758010468],[-71.066624729638306,42.368013722652272],[-71.066805559606692,42.367920263135304],[-71.066969989032927,42.367829777544692],[-71.067200167951441,42.367706133029422],[-71.067360271091275,42.36764903694273],[-71.067594189696308,42.367577032588002],[-71.06777063229282,42.367526069718522],[-71.067873216305031,42.367496086660466],[-71.067984032478464,42.367460061175926],[-71.068115553022594,42.367390708127573],[-71.068214290448722,42.367324269357972],[-71.068280537607677,42.36721822881578],[-71.068311306702782,42.367137805431774],[-71.068357834044619,42.36710365738697],[-71.068434043520043,42.367065930578988],[-71.068450333569402,42.36705786645588],[-71.068573896836739,42.367046513628978],[-71.068850974101281,42.367196099984007],[-71.068941782996731,42.367231888674716],[-71.069123357668474,42.367032257050745],[-71.069977982490443,42.366075525069874],[-71.069999206985671,42.366087248430304],[-71.070037963900276,42.366045625612507],[-71.070132400192847,42.365943532743415],[-71.070220626431833,42.365847591127462],[-71.070315055537876,42.365746412553371],[-71.070325614335729,42.365735704632982],[-71.070328431452467,42.365729311606025],[-71.070324797767128,42.365719465865368],[-71.070312820529452,42.365712332116246],[-71.070297086537238,42.365713415984203],[-71.070289946727371,42.365720478714351],[-71.070269651090157,42.365712170830356],[-71.070210973135787,42.365679937530871],[-71.070127106420856,42.36563343205345],[-71.070100734579071,42.365611838292821],[-71.070086732538741,42.365585030266573],[-71.070089036717434,42.365563543349808],[-71.070100306981004,42.365538660119775],[-71.070128160144691,42.365478394740883],[-71.070205099052146,42.36531906800812],[-71.070293917280921,42.365136003750216],[-71.070363333696179,42.364994484843528],[-71.070412102334643,42.364896565834066],[-71.070485361742698,42.36491559051651],[-71.0706149302477,42.364952433855684],[-71.070804222346069,42.365003905907059],[-71.070959066748202,42.365042214721647],[-71.070961254145928,42.365037877875906],[-71.070964047906472,42.365035143950486],[-71.070964991137501,42.365032403387588],[-71.070966243389009,42.365029664152011],[-71.070967494742206,42.365027153241329],[-71.070968736213942,42.365026014935239],[-71.070971226343886,42.365022365054465],[-71.070973703897451,42.365020773417008],[-71.070975876023795,42.365018952790763],[-71.070978660801174,42.365017361816967],[-71.070980832927546,42.365015312201884],[-71.070984538478086,42.365014639837845],[-71.070986708807823,42.365012818547747],[-71.070990415256674,42.365011917858673],[-71.070994117213971,42.365011931797106],[-71.070996280357164,42.36501102513445],[-71.07099998051784,42.36501103907289],[-71.071003681576784,42.365011052347569],[-71.071007072716995,42.365011064958566],[-71.071026202340974,42.36500953571192],[-71.071062619144271,42.365004869651102],[-71.071090077049234,42.36500268529727],[-71.071123736922942,42.364995493058011],[-71.071155230958496,42.364989436469756],[-71.071186429448304,42.364981549297589],[-71.071214228713089,42.364974564141498],[-71.071227530965814,42.364968210861278],[-71.071240505333463,42.364964829126521],[-71.071255027498339,42.364960309748],[-71.071269550561539,42.364956018694379],[-71.071286546686736,42.364950593979088],[-71.071303227503222,42.364946311553375],[-71.071338137831802,42.364936608393357],[-71.07135604664532,42.364933016916169],[-71.071388779457635,42.364926049675574],[-71.071423658345168,42.364920920320479],[-71.071433236182727,42.364918211611936],[-71.071442799647244,42.3649175611502],[-71.071477686619616,42.364911287512562],[-71.071487256372336,42.364909723749257],[-71.071496828820003,42.364907701343867],[-71.071515044857335,42.364904338190456],[-71.071531713995753,42.364901656694421],[-71.071548690357972,42.364899204187395],[-71.071564446808068,42.364894690114085],[-71.071582670930241,42.364890184668994],[-71.071599344560227,42.364886816204745],[-71.071633015213706,42.364878022355065],[-71.07164970321675,42.364872597633095],[-71.071666697545282,42.364867628897997],[-71.071675348321463,42.36486491819597],[-71.071684933345551,42.364861294855309],[-71.071716141716834,42.364851578407389],[-71.07173159543467,42.364846376698814],[-71.071747056339021,42.364840031370512],[-71.0717631245045,42.364835059977835],[-71.071779817897422,42.364828719294536],[-71.071798055494327,42.364822383256737],[-71.071814753378831,42.364815356931217],[-71.071844748126168,42.36480312092791],[-71.071860829766393,42.364796091945294],[-71.071876290670744,42.364789745948116],[-71.071907523296531,42.364776599291389],[-71.071914942482479,42.36477388327549],[-71.071922984200896,42.364770253955989],[-71.071950806821889,42.364759839241451],[-71.071979876304468,42.364747370255202],[-71.071993177658868,42.364741245941715],[-71.072006169992832,42.364735119636414],[-71.072020710124022,42.364728085336289],[-71.072034012376761,42.364721730703636],[-71.072060615085576,42.364709253744991],[-71.072088152940609,42.364695406826911],[-71.072100525437023,42.364689964168214],[-71.072111359119333,42.36468360156686],[-71.07214136464647,42.364669535609224],[-71.072155897591131,42.364663643596884],[-71.072169199843856,42.364657290285173],[-71.072184671527992,42.36464934466224],[-71.072200439656186,42.36464322896785],[-71.072210959826478,42.36463777966722],[-71.072220862854167,42.36463255736507],[-71.072234170496785,42.364625517743498],[-71.072247478139417,42.364618249794738],[-71.072256159458306,42.364611192914388],[-71.072265761550383,42.36460505464909],[-71.072300756320587,42.364582774891559],[-71.072312513471019,42.364576644588396],[-71.072324895848894,42.364569601641911],[-71.072340391787563,42.364557996807761],[-71.072357120214775,42.364546625608092],[-71.072387453626973,42.364529587389541],[-71.072417786140861,42.36451300714743],[-71.072430796441111,42.364504137578976],[-71.072445059891194,42.364492528086579],[-71.072459643141514,42.364479090649013],[-71.07247917431242,42.364463384540869],[-71.072499623561555,42.364449054364819],[-71.072510790518862,42.364439262850361],[-71.072518874458098,42.364429460050729],[-71.07252757284499,42.364419886904244],[-71.072538123558004,42.364410094057732],[-71.072552681655495,42.364400315148316],[-71.072567246939514,42.364389621600765],[-71.072579653571907,42.364378919422741],[-71.072631181834922,42.364328345566996],[-71.072660364505225,42.364299183360309],[-71.072670001631607,42.364287557900219],[-71.072679645046179,42.364275015808481],[-71.072688368585887,42.364261785412353],[-71.072707635652108,42.364239676115211],[-71.072727212637105,42.364217338482398],[-71.072745585879602,42.36419065199],[-71.072769888901306,42.364153468366901],[-71.072780530344161,42.364130182875833],[-71.072790541169681,42.36410895365831],[-71.072796471847184,42.364098228201399],[-71.072801157459722,42.36408932737838],[-71.07281963850005,42.364046633942571],[-71.072826856463365,42.364028138002418],[-71.072832841938109,42.364009409081966],[-71.072841606800338,42.363989776133465],[-71.072860046518173,42.363953256801921],[-71.072878165537432,42.363918564744758],[-71.072898866314858,42.363866962373379],[-71.072902340100057,42.363854626623251],[-71.07290617410969,42.36383497437771],[-71.072909081057958,42.363815318807276],[-71.07291226019575,42.363801153092993],[-71.072916051984564,42.363787675682623],[-71.072921068177095,42.363775345890673],[-71.072927114737283,42.36374769876592],[-71.072934856418414,42.363696961783411],[-71.072937189343193,42.363671130643297],[-71.072938906922019,42.363645296837561],[-71.072944159371474,42.363597980742171],[-71.072949042613359,42.363559810434573],[-71.072962518240942,42.363482111713914],[-71.072969128943114,42.363462012646849],[-71.072973907082115,42.363439391315389],[-71.072988909845662,42.363363756053637],[-71.072992457292742,42.363340674042121],[-71.072995121695868,42.363311412477728],[-71.072996470965421,42.363294267059771],[-71.072997816641731,42.363277578963597],[-71.07300037863692,42.363263411136771],[-71.073002635204901,42.363249012984141],[-71.073017823919727,42.363145708863371],[-71.073021775608652,42.363108449617457],[-71.073024183093608,42.363071641039724],[-71.073029290016009,42.363045820926359],[-71.073034083426379,42.363020913467622],[-71.073036972408318,42.363004231272605],[-71.073039251434196,42.362986402101271],[-71.073049166139995,42.36293361614851],[-71.073054267672489,42.362908708645293],[-71.073060595405337,42.362884950097218],[-71.073074074626192,42.362806565542911],[-71.073081831578662,42.362753770810194],[-71.073087082231496,42.36270668304055],[-71.073091101294082,42.362659362919473],[-71.073101190273022,42.362580964144747],[-71.073104615549212,42.362575717776167],[-71.073137425616636,42.362374606430379],[-71.073137509159977,42.362362258439489],[-71.073137767874769,42.362323842452227],[-71.073138027487886,42.362285426441488],[-71.07313546998428,42.362253174126025],[-71.073133442486679,42.362233729137955],[-71.073124149415065,42.362194362560295],[-71.073121749116638,42.362184520911988],[-71.073118121719503,42.362173758619477],[-71.073114855445141,42.362155224293325],[-71.073111256794093,42.362140119639903],[-71.073102827003481,42.362109902356885],[-71.07307829760633,42.362043725500456],[-71.073048521149602,42.361978442005487],[-71.073043968487738,42.361967677686344],[-71.073038187828899,42.361956222383171],[-71.073033320756693,42.361946371404805],[-71.073021365078574,42.361890302243275],[-71.073014880140533,42.361845915366132],[-71.073012269636322,42.361821665890787],[-71.073011420728378,42.36181022914645],[-71.073015380502156,42.361771826760872],[-71.073016378530426,42.361761082319468],[-71.073017684680863,42.361750339867513],[-71.073018705167016,42.361736166386152],[-71.073018813863158,42.361720158240587],[-71.073022718839709,42.361689760210005],[-71.073043777146609,42.361584648730279],[-71.073047579715208,42.361569569163002],[-71.073050449832522,42.361555402942372],[-71.073057899561178,42.361502606494533],[-71.07308728255579,42.361347217808195],[-71.07311545462143,42.361198226872617],[-71.073115477977638,42.361194797143064],[-71.073116438276656,42.361189540702121],[-71.073116475107597,42.361184053266705],[-71.073115585775454,42.361178790187147],[-71.073115617216502,42.361174216106662],[-71.073114103555241,42.36116986571836],[-71.073112889931295,42.361167117685298],[-71.07311198892107,42.361163454968626],[-71.073109231093142,42.361160929964079],[-71.073108317506495,42.36115909661428],[-71.073103433366299,42.361151989562103],[-71.073101323223696,42.361144664790523],[-71.073098602226707,42.361136878693515],[-71.073096497473983,42.36112886757526],[-71.073094116040167,42.361116281707488],[-71.073093003027523,42.36109844204374],[-71.073095346732103,42.361071008804856],[-71.073097069700822,42.361044031569087],[-71.073097196363278,42.361025281181959],[-71.073095779720077,42.361006753154761],[-71.073095841703832,42.360997606295953],[-71.073095906382534,42.360988002756521],[-71.073096344760401,42.36092306067443],[-71.073095865958337,42.36085697151443],[-71.073096287268214,42.360794545023296],[-71.073098975925873,42.360761626170806],[-71.073100431196607,42.360728703318365],[-71.073101561277241,42.360698293523846],[-71.073102998581703,42.360668113382943],[-71.073105639628636,42.360642284316476],[-71.073109514062466,42.360616457894452],[-71.073109603893982,42.36060319486635],[-71.073108646289882,42.360562258749063],[-71.073106457095534,42.360521089617258],[-71.073106650233328,42.360492505789978],[-71.073109295771843,42.360465989635372],[-71.073109338890987,42.360459586779207],[-71.073111893699647,42.360446333010962],[-71.073114143081114,42.360433078576136],[-71.073115770828409,42.360420278830546],[-71.073114282319992,42.360412498617784],[-71.073113405564285,42.360405177078917],[-71.073112278178584,42.360389394280936],[-71.073110107848862,42.360345710619164],[-71.073110632464989,42.36026796345007],[-71.07312507917139,42.360228912930481],[-71.073055861283791,42.360205559606321],[-71.07310117949325,42.360206642905496],[-71.07315900674304,42.360044498963227],[-71.073276643824443,42.360066431177742],[-71.073207039661284,42.360237220875824],[-71.073250428289512,42.360524368041105],[-71.073281902562115,42.360520826095431],[-71.073236869118602,42.36024899444584],[-71.073407041474439,42.359796165435753],[-71.07358617362695,42.35943140812654],[-71.073556013589595,42.359423064229787],[-71.073391610214514,42.359752430249664],[-71.073303832234814,42.359966601405212],[-71.0732089512762,42.359953901132933],[-71.073296929580195,42.359710003366153],[-71.073399231521378,42.359536819260178],[-71.07351006655945,42.35928683220191],[-71.07342852737942,42.359261603967028],[-71.073417449355333,42.359304325878625],[-71.073325095357603,42.359282716002944],[-71.0733180840068,42.359270798871897],[-71.073310708838321,42.359267112811821],[-71.073302407506802,42.359263651778399],[-71.073294111565133,42.359259276033576],[-71.073275970087991,42.359251891299699],[-71.073255691518753,42.359241297109151],[-71.073237874333401,42.359231626921641],[-71.073225905180564,42.359223350041823],[-71.073210259223245,42.359211629383317],[-71.073197387263548,42.359200148353366],[-71.073190941851379,42.359195779242064],[-71.073182998049333,42.359185002497888],[-71.073159237610071,42.359142152392252],[-71.07314980619789,42.359123365592538],[-71.073140084629898,42.35910183464658],[-71.073134351581757,42.359083289457324],[-71.073128318496316,42.359063373518985],[-71.073127152483053,42.359053536690681],[-71.073126291897026,42.359043928871365],[-71.073126383525178,42.359030437164527],[-71.073130372045043,42.358987690506176],[-71.073135241812182,42.35895134948445],[-71.073137495685245,42.358936950343612],[-71.073142532539052,42.358921877442675],[-71.073147550528219,42.358909318348658],[-71.073149744214149,42.358904067026913],[-71.073153485697304,42.358897906298651],[-71.073155964149166,42.358896086158808],[-71.073158145258674,42.35889266426917],[-71.073164330159429,42.358889944016134],[-71.073216986706413,42.358899971380673],[-71.073180646259914,42.35898513288808],[-71.073281339318427,42.359004486613493],[-71.073365731547796,42.358789159155883],[-71.073263787136099,42.358772545536475],[-71.073236778388761,42.358845620735735],[-71.073158572856755,42.358829323100409],[-71.073121642217117,42.358819124463977],[-71.073233930729316,42.358536443544388],[-71.073246251123436,42.358538089778065],[-71.073354829593512,42.358256994092621],[-71.073346521973761,42.358254448393275],[-71.073362225423239,42.358211744354556],[-71.073412398128482,42.35808707457587],[-71.073461288039525,42.357969717080039],[-71.073496077993838,42.357977163698912],[-71.073499841036565,42.35796803033908],[-71.073582358481929,42.357984572479751],[-71.073547272083559,42.358066993697221],[-71.073643308275635,42.358090674410072],[-71.07377604783359,42.357792518090932],[-71.073675371843066,42.357770878487599],[-71.073675382622866,42.357769278036884],[-71.073672662524174,42.357761264497853],[-71.073672686778693,42.357757605565482],[-71.073674251643922,42.357754180958608],[-71.073675509285309,42.357750527336364],[-71.073676464194463,42.357745956989163],[-71.073677721835864,42.357742303366443],[-71.073680212864147,42.357738653726358],[-71.073681470505534,42.357735227127037],[-71.073683954347302,42.35773272189909],[-71.073687381420129,42.357727246110422],[-71.073692350900259,42.357722005310926],[-71.073694835640325,42.357719270403344],[-71.07369855286899,42.357716540142349],[-71.073701969162016,42.357713122835158],[-71.073708159452636,42.357709487133469],[-71.073718055293796,42.357705178989285],[-71.073727642114505,42.357700869517203],[-71.073737230731851,42.357696102677835],[-71.073745265263767,42.357693617362713],[-71.073761018120578,42.357689331123289],[-71.073785103749984,42.357683931669328],[-71.073809182192846,42.357679676628472],[-71.073845298060533,42.35767340625101],[-71.073874297474532,42.357670770913273],[-71.073901752684563,42.357668585640688],[-71.073918723656917,42.357666590882339],[-71.073934169289913,42.357662301985819],[-71.073941568712897,42.357662329202178],[-71.073948671691852,42.357660527613319],[-71.074067206190236,42.357685891908808],[-71.07411895364217,42.357555968324895],[-71.0741199256193,42.357548882107267],[-71.074121241651213,42.357536538478527],[-71.074122862211965,42.357524883223064],[-71.074126339590435,42.357512317875504],[-71.074130116107881,42.357500898269798],[-71.074136052175277,42.357489257611668],[-71.074140732397922,42.357481043564796],[-71.074147265844985,42.357472377458706],[-71.074153199217434,42.357460965811562],[-71.074160376756552,42.357448186702605],[-71.074168777801091,42.357436784344507],[-71.074178727541181,42.357424472556886],[-71.074185591568281,42.357412606851049],[-71.074187160925064,42.357408268151005],[-71.074189343831193,42.357404846180344],[-71.074190607760812,42.35740027713566],[-71.074190625727127,42.357397532920643],[-71.074190640998467,42.357395246074724],[-71.074190659863092,42.357392502523311],[-71.07419068411761,42.357388843569481],[-71.074189469595339,42.357386095371091],[-71.074188562296897,42.357383347836368],[-71.074187363944304,42.357378083774627],[-71.074185852978019,42.357373733123502],[-71.074185877232523,42.357370074832403],[-71.074185908673556,42.357365501138489],[-71.074185925741531,42.357362985938586],[-71.074187488810139,42.357359561310211],[-71.074188759027948,42.357354078187022],[-71.074190961697042,42.357347683643411],[-71.074194695095358,42.357342437501742],[-71.074197198700048,42.357336959023797],[-71.074199682541817,42.357334452452321],[-71.074202161891989,42.357332632267187],[-71.074203406058658,42.357331036452052],[-71.07421021259357,42.357327402719648],[-71.07421763177949,42.35732468638178],[-71.074251623131531,42.357313378263221],[-71.074287464114747,42.357301848427824],[-71.07430661799323,42.357296431681327],[-71.074324850200242,42.357290324564616],[-71.074333507264626,42.35728669813188],[-71.074341552576314,42.35728238199291],[-71.074348987931927,42.357277149785929],[-71.074356116063697,42.357271689225371],[-71.074362009011963,42.357266451706963],[-71.074368525391037,42.357260301439226],[-71.074373178664203,42.357255974013555],[-71.074379090477095,42.357247992272299],[-71.074385305022219,42.357240925934455],[-71.074389041115481,42.357235452094407],[-71.074391234801411,42.357230200632792],[-71.07439279966664,42.357226547643862],[-71.074393749185887,42.357223121016602],[-71.07439501940371,42.357217637217737],[-71.074395062522854,42.35721123469439],[-71.074395102048712,42.357205289541],[-71.074395145167841,42.357198886352613],[-71.074393936933788,42.357195222740799],[-71.074530886895488,42.357186810837653],[-71.07453362496048,42.357192309907049],[-71.07453666665603,42.357198495363804],[-71.074541557982727,42.357204688121932],[-71.074545220414151,42.35721018984502],[-71.07455011802908,42.35721546653339],[-71.074554706623545,42.357220972238459],[-71.074559615916598,42.357224420771793],[-71.074564222477349,42.357227181589799],[-71.074569138058578,42.35722971538204],[-71.074574978006254,42.357232480846569],[-71.074580811665726,42.357236161715463],[-71.074602653303529,42.357243330281705],[-71.074618340583342,42.357248877141032],[-71.074626654491297,42.357250508804405],[-71.074635277419702,42.357252141131617],[-71.074643278713936,42.35725422883749],[-71.074651918710359,42.357253345960281],[-71.074678124363814,42.357253442877635],[-71.074724999353663,42.357251787316898],[-71.074807052370019,42.357245916514877],[-71.074828337950677,42.357244164700404],[-71.074849020761775,42.357240583404568],[-71.074872771319562,42.357239069236655],[-71.074896831796138,42.357237330034486],[-71.074982306495428,42.357226898139629],[-71.075008846322177,42.35722333742121],[-71.075025821786113,42.357220656261184],[-71.075041260232581,42.357217282075212],[-71.075055781499145,42.357212763467011],[-71.075070300969088,42.357208471884242],[-71.075083587950445,42.357204176318255],[-71.075102733744103,42.357199673640771],[-71.075122174185182,42.357197230126616],[-71.075142584806741,42.357188157724686],[-71.075155870889802,42.357183862157306],[-71.07517009032243,42.357178427477542],[-71.075184307958438,42.357173220486992],[-71.075198829224988,42.35716892890153],[-71.075217065923567,42.357161907694476],[-71.075236228785215,42.357154889141896],[-71.075254480755163,42.357145810095695],[-71.075272421908011,42.357137186427757],[-71.075306164426721,42.357116729524087],[-71.075320724320846,42.357106721789556],[-71.075334049031454,42.357096481716766],[-71.075346462850362,42.357084636527389],[-71.075386147724672,42.35705185380575],[-71.075395753409992,42.357044799394664],[-71.075406597872103,42.357036836213503],[-71.075419936955754,42.357024536960118],[-71.07543081824879,42.357011085976616],[-71.075456271114064,42.356985568066186],[-71.07546960929939,42.356973726175013],[-71.075482635769333,42.356962340326319],[-71.075505601199566,42.356940015374114],[-71.075527644060017,42.356917229058382],[-71.075538490318749,42.356909036842815],[-71.075549345560631,42.356899472507806],[-71.075564857668965,42.356885123347226],[-71.07557356234409,42.356874407942129],[-71.075578223702081,42.356868936725448],[-71.075583190487279,42.356863924872783],[-71.075589091520399,42.356857543555705],[-71.075594973688879,42.356853906476857],[-71.075601477491531,42.356849585661429],[-71.075612007543285,42.356842535874364],[-71.075630293649212,42.35682842501285],[-71.075646125557782,42.356812247669986],[-71.075649854464515,42.356808902006428],[-71.075662875544566,42.356797216080224],[-71.07567621103496,42.35678560383608],[-71.075683331980215,42.356781285671246],[-71.075690768234139,42.356775825067601],[-71.075708745319602,42.356761713527312],[-71.075708750709509,42.356760798779696],[-71.075794713193986,42.356815540227579],[-71.07568860329431,42.356916731192655],[-71.075713352778706,42.356985602584885],[-71.076062427318334,42.356663315018984],[-71.075997926484291,42.356626718408343],[-71.075833501549639,42.356778409328555],[-71.075747533675269,42.35672458193266],[-71.075772977557364,42.356700437356317],[-71.075780132638613,42.356690858385441],[-71.075787599435245,42.356681053713103],[-71.075798159131409,42.356669429498673],[-71.075811802743956,42.356657818558595],[-71.075844021719931,42.356634840295428],[-71.075875633434777,42.356610717590833],[-71.075892377133357,42.356596601366668],[-71.075907881156837,42.356583395242808],[-71.075922447339181,42.356572015297814],[-71.075939484786872,42.356560187269018],[-71.075955265491459,42.35655155555488],[-71.075970734480649,42.356543609570657],[-71.076022717291195,42.356516131194553],[-71.076034797835135,42.35650748619782],[-71.076039448413354,42.356503844451908],[-71.076044410706984,42.356499289282027],[-71.076055565087884,42.356491327359421],[-71.076062698609547,42.356484950651321],[-71.076069515924232,42.356479716386431],[-71.076078178378509,42.356475403511183],[-71.076100146678797,42.356463821743581],[-71.076113137216112,42.356457695295028],[-71.076127673754044,42.356450660068163],[-71.076207486372098,42.356410936711676],[-71.076209658498456,42.356408886151989],[-71.076212143238521,42.356406151851097],[-71.076217091159108,42.356403882892423],[-71.076222967937696,42.356401160540194],[-71.076227919451554,42.356398434868652],[-71.076237494594167,42.356395725792737],[-71.076248302225338,42.356393250383604],[-71.076267465086985,42.356386232409022],[-71.076293743503982,42.356375581310047],[-71.076308276448657,42.356369231807065],[-71.076321575108125,42.356363106676959],[-71.076353105076279,42.35635087433819],[-71.076385555817595,42.356339331049625],[-71.076404712391025,42.356333227159041],[-71.076433742347746,42.356326017331696],[-71.076463707450685,42.356317209671076],[-71.076482864024115,42.356311105114557],[-71.076503259374334,42.356304091777567],[-71.076574609862405,42.356284688097233],[-71.076595918799256,42.35627950692195],[-71.07661197618495,42.356275908311616],[-71.076627410139849,42.356273221136718],[-71.0766468613607,42.356268947413149],[-71.076693500991951,42.356256541133142],[-71.076717602791007,42.356248626311583],[-71.076740464915005,42.356241622925062],[-71.076810272097404,42.356222442271736],[-71.07683311895002,42.356217724443518],[-71.076856271229843,42.356213464656555],[-71.076925759510345,42.356195883157831],[-71.076959428367189,42.356186402356684],[-71.076993408041133,42.356176694524663],[-71.077012560122981,42.356171277681185],[-71.077031704119989,42.356167003286849],[-71.077053328365523,42.356160678988275],[-71.07707526522475,42.356153670945169],[-71.077128074485358,42.356140602140869],[-71.07718088015271,42.356128219069561],[-71.077195398724328,42.356123927412725],[-71.077212390357928,42.356118730292209],[-71.077227842279129,42.356113300167173],[-71.077248226849562,42.356108115658543],[-71.077264287828527,42.356103600289792],[-71.077280955170309,42.356101146111712],[-71.07729424215168,42.356096621448785],[-71.077308761621609,42.356092329789796],[-71.07736498717523,42.35607538619773],[-71.077380734642162,42.356072013941748],[-71.077388133166849,42.356072041158789],[-71.077392771168661,42.356070228903029],[-71.077396469532687,42.356070242179655],[-71.077401408470124,42.356069574366693],[-71.077404812186742,42.356067529106546],[-71.077413140467726,42.356066873242547],[-71.077421780464135,42.356065990348654],[-71.077437208130846,42.356064217922558],[-71.077454164730128,42.356064280322535],[-71.077487454497941,42.356065545582538],[-71.077542003795244,42.356068947711229],[-71.077595956611205,42.356069145532544],[-71.077613826797162,42.356071040767048],[-71.077629567975876,42.356068354911073],[-71.077640371115479,42.35606679358294],[-71.077651172458459,42.356065003897285],[-71.077669397478942,42.356059811418731],[-71.07768856752709,42.356051877985124],[-71.077707728592131,42.356044859308582],[-71.077723490432092,42.356039429177159],[-71.077764256877998,42.35602883112584],[-71.077841145479809,42.356011276792536],[-71.077917107918552,42.355993719135164],[-71.07794737934698,42.355985141113479],[-71.07796530702511,42.355978117782676],[-71.078014762874773,42.355959547773608],[-71.078062995219014,42.355939144256894],[-71.07807012335077,42.355933681588546],[-71.078076010010832,42.35592935871837],[-71.078080971406152,42.355925032528731],[-71.078085626475939,42.355920475989208],[-71.07809058876957,42.355916149135119],[-71.078107639691993,42.355902034082625],[-71.078148551664981,42.355869941129434],[-71.078164026044064,42.355861078970676],[-71.078172693888234,42.355855851292169],[-71.078198039853987,42.35584611220898],[-71.078243770390159,42.355831186601286],[-71.078282386269265,42.355819666451403],[-71.078322222958846,42.355809979805336],[-71.078348470833134,42.3558039017528],[-71.078375027727873,42.355797596005026],[-71.078393868094338,42.355792406159757],[-71.07840994164971,42.355786290267055],[-71.078425409740589,42.355778343522282],[-71.078441159004143,42.355774741564126],[-71.078453204513792,42.355771356679163],[-71.078465235650398,42.355770485066266],[-71.0784880932828,42.355764167366182],[-71.078507545401962,42.355759892944157],[-71.078525155076477,42.355754468762562],[-71.07854120347902,42.355752013243155],[-71.078555712169191,42.355749321399038],[-71.078565286413479,42.3557466122951],[-71.078593710007397,42.355738026937495],[-71.078624293151222,42.355728992827252],[-71.0786505401272,42.355722914766886],[-71.078677095225316,42.355716838033629],[-71.078692848980452,42.35571232130907],[-71.078709536983496,42.35570643775042],[-71.078724970938396,42.355703749887319],[-71.078741958080414,42.355699238472489],[-71.07876729865626,42.355690412800506],[-71.078792323923452,42.355682501226816],[-71.078832160613047,42.355672813895815],[-71.078858715711149,42.355666737157712],[-71.078886504196149,42.355660664401981],[-71.078902252561392,42.355657063100885],[-71.078916471095695,42.355651626961446],[-71.078929454446495,42.355646415197562],[-71.078960967346674,42.35563669798843],[-71.079000811222798,42.35562609588618],[-71.0790236580754,42.35562114899021],[-71.079045276931026,42.355615739401046],[-71.079065659704852,42.355610554851381],[-71.079084816278268,42.355604221867011],[-71.0791005637452,42.355600849585734],[-71.079142542018431,42.355593685478965],[-71.079184826617166,42.355586751722129],[-71.079201503840423,42.355582467994331],[-71.079221894699046,42.355576139653955],[-71.079241358496304,42.355570036353093],[-71.079255575233987,42.355564829229266],[-71.079269177524026,42.355559390426457],[-71.079355674506104,42.355533866615936],[-71.079382235892425,42.355526875098811],[-71.079410029767317,42.355519888227732],[-71.079430425117536,42.355512873474808],[-71.079450814179538,42.355506774150768],[-71.079481083811345,42.355498652781812],[-71.079512274216313,42.355490763090543],[-71.079544693516624,42.355483791483699],[-71.079590408781428,42.355470925010174],[-71.079609559964965,42.35546550744202],[-71.079626234493261,42.355461909448969],[-71.079644451428905,42.355457631023349],[-71.079668547838111,42.355450630204025],[-71.07969264694222,42.355442713953259],[-71.07971889661313,42.355436408169247],[-71.07974792477323,42.355429425271154],[-71.079778183625251,42.355422447019166],[-71.079796103218555,42.355417023472299],[-71.079813106530253,42.355409997422669],[-71.079829796329904,42.355403884148082],[-71.079863472373276,42.35539325877226],[-71.079947794534064,42.355370241544136],[-71.079975581222428,42.355364398447534],[-71.08000337509732,42.355357411558401],[-71.080020056812145,42.355352670430939],[-71.080061160126277,42.355337728110122],[-71.080101949928391,42.355323697898967],[-71.080128210379087,42.355315790262104],[-71.080164659521742,42.355305175492823],[-71.080183792738964,42.355302501553155],[-71.080204157546476,42.355300288980878],[-71.080224535828691,42.355295561125857],[-71.080243987947853,42.355291287335746],[-71.080263149012865,42.355284268574302],[-71.080277669381118,42.355279976859791],[-71.080292195139265,42.355274542679233],[-71.080312578811373,42.355269357437614],[-71.080458050191865,42.355230555406528],[-71.080546057241904,42.355209609960511],[-71.08055809915831,42.355206909463213],[-71.080563963360476,42.355206016599617],[-71.080570140176363,42.355204437990295],[-71.080574778178175,42.355202397348855],[-71.080576011565071,42.355202401331908],[-71.080578481932093,42.355201724216016],[-71.080580645973612,42.355200817411742],[-71.080583420869544,42.355200828033148],[-71.080585579521156,42.355200835999256],[-71.080592986130682,42.355199719421812],[-71.080609657065708,42.355196349774189],[-71.080625096410515,42.355192747782674],[-71.080639614982132,42.355188455398114],[-71.080661551841374,42.355181446582748],[-71.080674849602531,42.355175322000669],[-71.080687828461748,42.355170795279577],[-71.080713167240972,42.355162197894188],[-71.080731386871562,42.355157690423539],[-71.080748381200095,42.355152264198466],[-71.080763829528024,42.355147290047796],[-71.080779588673067,42.355141859174921],[-71.080793812597278,42.355135508219632],[-71.080808326677328,42.355131902241581],[-71.080846935369934,42.355121524432128],[-71.080863608101595,42.355117926419332],[-71.080884292709328,42.355113656600253],[-71.080905890903708,42.355110991282359],[-71.080939556167294,42.355102196064436],[-71.080962417392968,42.355095189230951],[-71.080994860049429,42.355084560483768],[-71.081027301807609,42.355074160095882],[-71.081051391928597,42.355067844981157],[-71.081065898822118,42.3550653821327],[-71.08108040661395,42.355062690922978],[-71.081094926083878,42.355058399193382],[-71.081122425311349,42.355049352372454],[-71.081151162417299,42.355039623785721],[-71.081199343557557,42.35502676518729],[-71.08124875628809,42.355014138266839],[-71.081282394602212,42.35500923115314],[-71.081288578604628,42.355006509404355],[-71.081346012392331,42.354993226604584],[-71.081382451653511,42.354984441327815],[-71.081412414959814,42.354975632151515],[-71.081421063939359,42.354973148056509],[-71.081429097572951,42.354970432944533],[-71.081455967979736,42.354963441364717],[-71.081482219447281,42.354956447792631],[-71.081507258189191,42.35494647755305],[-71.081532910480433,42.354936966026663],[-71.081542487419682,42.354934256887702],[-71.081566580235602,42.354927256010072],[-71.081590670356576,42.354921169906078],[-71.081608593543137,42.354914831541507],[-71.081625589668306,42.354908948572003],[-71.081653070929477,42.354902645389792],[-71.081689502105831,42.354894774211303],[-71.081726545933208,42.354887821125956],[-71.081782133682978,42.354873845249422],[-71.081812099684214,42.35486480703193],[-71.081840828705324,42.354856220890007],[-71.081903526620579,42.354839298871511],[-71.081920204742147,42.354835014428915],[-71.081935951310754,42.354831413744357],[-71.081958813434738,42.354824408208387],[-71.081982907148969,42.354817406654668],[-71.08200205743421,42.354812216728448],[-71.082021514943264,42.354806798439654],[-71.082038203844604,42.354800685106397],[-71.082051503402383,42.354794559159565],[-71.082064799366904,42.354788433212121],[-71.082084264960798,42.354782100808706],[-71.082104654921125,42.354775773051543],[-71.082255968944196,42.354739048547522],[-71.082271720902725,42.354734760778904],[-71.082287462979764,42.354732073538109],[-71.082317733509882,42.354723494016511],[-71.082360965831242,42.354712903709405],[-71.082404206237456,42.354701169596616],[-71.082427980151436,42.354695996256901],[-71.082452056797692,42.354691739022165],[-71.082472753083508,42.354685639618495],[-71.082488513126862,42.354680208705723],[-71.082503037986697,42.354675002172023],[-71.0825425764356,42.354663483137912],[-71.082584884390542,42.354653117864125],[-71.08262658149107,42.354641606792121],[-71.082648512062121,42.354635512030484],[-71.082663030633739,42.354630991245116],[-71.082677558188522,42.354625556344587],[-71.082687133331135,42.354622846528343],[-71.08269793377579,42.354621285164349],[-71.082713360544147,42.354619512033644],[-71.082729101722904,42.354617053814515],[-71.082749485394999,42.354611639491978],[-71.08277018347745,42.354605311717705],[-71.082810954414924,42.354594025680541],[-71.082854185837988,42.354583434687811],[-71.082864994367483,42.354580958543472],[-71.082877344406029,42.35457825934683],[-71.08289865334288,42.35457284834019],[-71.082920281181657,42.354565838128451],[-71.082942209057748,42.354559972386319],[-71.08295642310047,42.354555221240979],[-71.082970935383884,42.354551842928807],[-71.083035801832239,42.354533328261368],[-71.083099747507433,42.354514121860511],[-71.08313125411938,42.354505089565897],[-71.083163364399212,42.354498116521995],[-71.083181593911277,42.354492238160447],[-71.083200749586396,42.354485903735657],[-71.083287545707478,42.354461292942545],[-71.083311630438544,42.354455891883511],[-71.083334170965642,42.354450713876645],[-71.083357339415144,42.354443709625954],[-71.083378961864057,42.354437384490105],[-71.083454617977253,42.354419135991755],[-71.083469135650574,42.354414843554352],[-71.08348456960546,42.354412155636027],[-71.083508658828137,42.354405839790914],[-71.083531828175936,42.354398834871319],[-71.083543567360067,42.354395218893266],[-71.083554688503284,42.354391828623271],[-71.083566724131472,42.354390042872971],[-71.08357876604785,42.354387343668165],[-71.083606245512385,42.354381268797297],[-71.083628180575005,42.354374259228038],[-71.083648574128574,42.35436747204708],[-71.083666794657475,42.354362736155707],[-71.083684396247151,42.354358454999861],[-71.083714974899451,42.354349876091113],[-71.083743404781544,42.354339917040726],[-71.083756680983129,42.354337221153017],[-71.083769029225024,42.354334521945944],[-71.083850561218526,42.354313550311161],[-71.083902446112702,42.35429978873006],[-71.083952793091129,42.354285564443309],[-71.083983060028004,42.354277441588806],[-71.084012094476279,42.354269543114242],[-71.084098568102149,42.354246988841282],[-71.084185050711199,42.354223061719566],[-71.084223652217261,42.354213368852768],[-71.08424032405064,42.354209770124172],[-71.084257303107819,42.354206401087332],[-71.084303007592851,42.354194903874344],[-71.084332977187344,42.354185179802272],[-71.084363555839616,42.35417660020601],[-71.084386103553257,42.354170279026391],[-71.084401844731985,42.354167591761453],[-71.084416350727196,42.354165128877725],[-71.084443836479934,42.354158138535993],[-71.08446577154254,42.354151128941865],[-71.084486173180949,42.35414319991429],[-71.08450749918579,42.354135044512716],[-71.084517403111818,42.354129134916235],[-71.084528534136496,42.35412437311669],[-71.084537799360348,42.35412189097962],[-71.084548909723779,42.354120101902396],[-71.084570228542105,42.354113089648614],[-71.084590641858611,42.354103329715969],[-71.084599302516267,42.354098788312946],[-71.084627161968172,42.354081966995842],[-71.08465472767098,42.354062629014507],[-71.084696831708342,42.354036025837509],[-71.084720030700552,42.354024448267296],[-71.084730861687945,42.354018312950856],[-71.084741383654858,42.35401217696996],[-71.084752231710212,42.354003297289083],[-71.084780136976221,42.353979387998599],[-71.084793476059872,42.353966857790098],[-71.084808047632094,42.353954562582828],[-71.084815173967257,42.353949099742017],[-71.0848263211616,42.353941823255873],[-71.084837157538871,42.353934773806472],[-71.084844276687505,42.353930454781889],[-71.084850163347554,42.35392613044619],[-71.084867236727845,42.353908355126435],[-71.084907008738739,42.353861163141616],[-71.084944935610025,42.353813278721852],[-71.084966418820045,42.353781342035425],[-71.084986965087225,42.353751002566625],[-71.084998150909144,42.353737779912251],[-71.085006533089071,42.353728891562511],[-71.085014909879078,42.35372091866725],[-71.085024543412203,42.353709289922136],[-71.085032012005485,42.35369879769469],[-71.085035439078283,42.353693322882258],[-71.085039174273234,42.353688077099328],[-71.085045073509704,42.353681695459777],[-71.085051266495284,42.353677373098563],[-71.08505870274918,42.353671911561342],[-71.085068299451379,42.353666000593599],[-71.08507789705186,42.353659632228883],[-71.085083791796777,42.353654164715465],[-71.085089678456811,42.35364984102457],[-71.085094644343712,42.353644599221177],[-71.08509961921375,42.35363821558564],[-71.085103359798595,42.353632055005008],[-71.085107100383439,42.353625894423715],[-71.085111765334716,42.353619736497294],[-71.085116738408118,42.353613350867633],[-71.085127592751689,42.353603558328395],[-71.085135039785399,42.353596496227766],[-71.085143101266766,42.353589436117964],[-71.085178148139263,42.353557547115429],[-71.085189330367925,42.353545010848151],[-71.085194001607391,42.353537939446952],[-71.085200208966015,42.353531558456012],[-71.085204862239166,42.353527230109719],[-71.085209821837864,42.353522904418575],[-71.085215716582752,42.35351743622936],[-71.085220677079761,42.353513109209821],[-71.085224419461227,42.353506720250088],[-71.085228158249436,42.353500788023368],[-71.085230358223583,42.353494393087622],[-71.085232860031653,42.353488913610398],[-71.085235061802408,42.353482061939665],[-71.085236335613459,42.353475892049659],[-71.085237612119485,42.353469494455993],[-71.085237654340304,42.353463090886919],[-71.085236442512979,42.353459656752058],[-71.085236476648973,42.353454397008626],[-71.08523434854007,42.353450044758127],[-71.085233151085802,42.353444551999864],[-71.085230713058124,42.353440198420991],[-71.08522857327111,42.353437448058315],[-71.085227054219956,42.353433782899529],[-71.085224908144738,42.353432174372031],[-71.085222151215135,42.353429420025897],[-71.085220006038242,42.353427354100234],[-71.085217550044248,42.353425744908748],[-71.085215096745216,42.353423906686231],[-71.085210487489491,42.353421374732093],[-71.085206807091765,42.353418617066197],[-71.085201886120643,42.353416770213315],[-71.085197274169985,42.353414924024243],[-71.08519234601232,42.35341422033477],[-71.085187425939523,42.353412144450715],[-71.085179112031568,42.353410513351548],[-71.085162477029129,42.353408624011486],[-71.085145525819712,42.35340764814012],[-71.085128882732448,42.353406902627491],[-71.085105756503779,42.35340750474677],[-71.085040981683576,42.353412530816101],[-71.085007346064401,42.353416982647843],[-71.084977402521048,42.353423048981782],[-71.08495919367023,42.353425726984582],[-71.084940975836261,42.353430006212356],[-71.0849243102911,42.353432690189578],[-71.084861674359601,42.353440468611105],[-71.084799344753634,42.353448474734847],[-71.084781441330009,42.353451840493022],[-71.084772796842032,42.353453638883245],[-71.084721676414148,42.353351008407245],[-71.084774795593532,42.353337022231059],[-71.084865284688732,42.353313109367804],[-71.084901121180366,42.353301805174432],[-71.084937262200867,42.353291188073435],[-71.084945603956598,42.353288474216477],[-71.084955179099211,42.353285764342637],[-71.085026523299092,42.353266584778773],[-71.085097256644559,42.353246259387078],[-71.085192322656127,42.353229680150662],[-71.085259893033481,42.353221691923288],[-71.085327151695438,42.353214159766807],[-71.085461718426686,42.353191548686958],[-71.085502781316634,42.353182549395264],[-71.085525325437004,42.353176684187893],[-71.085543556745691,42.353170348302783],[-71.085549426337764,42.35316853994653],[-71.085554375156676,42.353166042502899],[-71.085559017650041,42.353163315363354],[-71.085561797935853,42.353162409193537],[-71.085563968265589,42.353160588223687],[-71.08556520704235,42.353159677406836],[-71.085566452107344,42.353157853781468],[-71.085566444920815,42.353158996949624],[-71.085927505681283,42.353058536820448],[-71.085933252204157,42.353075480562005],[-71.085943819985175,42.353109589761111],[-71.086018858955782,42.353090880821242],[-71.086028327198875,42.35310440566856],[-71.085841465043359,42.35315632822951],[-71.085875894773281,42.35321888113981],[-71.086296238952585,42.353104455458165],[-71.086263969670952,42.353041911728063],[-71.086082359066594,42.353092252358948],[-71.086075077322889,42.35307439050132],[-71.086147347685824,42.353054754799885],[-71.086128442640671,42.353022673669912],[-71.0861186761569,42.353007544913694],[-71.086278965247999,42.352964444966503],[-71.086484648007001,42.352910074582987],[-71.086484656091855,42.352908930746423],[-71.086485580458273,42.352908934065752],[-71.086487121068984,42.352908940040528],[-71.086488354455881,42.352908944023724],[-71.086490505920978,42.352910095162756],[-71.086492971796432,42.352910104456846],[-71.086494199793435,42.352911023243664],[-71.086496664770564,42.352911032537762],[-71.086501598318108,42.352911049798202],[-71.086503750681544,42.352911743535401],[-71.086504977780194,42.352912662986064],[-71.086506520187555,42.352912668296959],[-71.086507445452298,42.352912671616281],[-71.086509603205613,42.35291267958263],[-71.086512378101531,42.352912689540602],[-71.086516083652072,42.352911788014246],[-71.086518241405386,42.352911795980596],[-71.086521951447509,42.352910208683369],[-71.086524117285649,42.352909072813212],[-71.086526895774824,42.352908397000313],[-71.086541107122628,42.352903874763015],[-71.086585576424142,42.352892600369863],[-71.086601322992749,42.352888998246314],[-71.08661582988627,42.352886306279522],[-71.086640847966933,42.352879307829262],[-71.086667715678757,42.352872315352954],[-71.086688097554244,42.352867129249262],[-71.086709405592771,42.352861717431423],[-71.086731334367187,42.352855621833299],[-71.086748017878634,42.352850422450928],[-71.086765018495399,42.352843394786603],[-71.086839464577935,42.352821252261577],[-71.086859838368582,42.352816980958707],[-71.086887616073795,42.352812505849208],[-71.086914163087073,42.352807341648081],[-71.086934842304899,42.352803758107875],[-71.086949359978206,42.352799464896272],[-71.086966060557671,42.352791293387554],[-71.086982754848904,42.352784264388916],[-71.087004388077588,42.352776337844354],[-71.087035588364046,42.352766617535998],[-71.087067096772614,42.352757126259526],[-71.08711530216739,42.352740376944602],[-71.087163198541717,42.352723398591714],[-71.087180189276992,42.352718199862281],[-71.087200558576058,42.352714843358946],[-71.087220008898598,42.35271056872952],[-71.087246569386608,42.352703345873053],[-71.087274053342711,42.352696356032666],[-71.0872894863993,42.352693667376954],[-71.087305529411964,42.352691895519577],[-71.087320959773592,42.352689435897339],[-71.087345036419848,42.352684948829179],[-71.087384857838074,42.352677087330903],[-71.087406188334484,42.352668245965631],[-71.087429350495782,42.352662154995834],[-71.087452221602916,42.352653318275507],[-71.087483418296088,42.352644511427918],[-71.087581924855201,42.352619939745701],[-71.087613405416036,42.352614792789325],[-71.087637482960588,42.352610077345744],[-71.08766155152199,42.352606734113941],[-71.087690576987143,42.352599748245979],[-71.087722691758543,42.352591860182372],[-71.087735981434861,42.352586648164745],[-71.087750507193007,42.352581211759663],[-71.08779127633386,42.352569924695196],[-71.087805789515585,42.352566317906117],[-71.087815352980101,42.352565437618495],[-71.087823989383239,42.352564782381783],[-71.08783355374608,42.352563673060061],[-71.0878418838237,42.352562788125361],[-71.087850533701584,42.35256007556471],[-71.087855470842371,42.35255940705062],[-71.087858559250321,42.352558503527568],[-71.08786474774432,42.352555095234024],[-71.08787093084841,42.352552373378956],[-71.087911713463996,42.352539028984722],[-71.087943216482699,42.352530222784999],[-71.087974410480939,42.3525216449544],[-71.088005617953897,42.352511008469463],[-71.088037133549022,42.352500373974266],[-71.088057510932941,42.352495873615226],[-71.088076658523221,42.352490682833412],[-71.088101979336116,42.35248459914893],[-71.088126072152036,42.352477367636276],[-71.088145215250748,42.35247309166293],[-71.088164352061227,42.352469729835576],[-71.088182576183414,42.352464307361593],[-71.08821007720752,42.352454801434412],[-71.088237888150402,42.352444839428259],[-71.088252394145613,42.352442147442432],[-71.088308881108986,42.352431830264706],[-71.088364134685477,42.352421280731342],[-71.088379881254099,42.352417677916904],[-71.088402740683136,42.352410670784124],[-71.088425599213849,42.352403664314444],[-71.088435493258402,42.352399354478806],[-71.088441362850475,42.352397546100363],[-71.088445999055637,42.352395733738653],[-71.088453100237956,42.35239415837804],[-71.088467607131491,42.352391465726164],[-71.088487972837299,42.352388794981884],[-71.088509871068979,42.352387272066778],[-71.088544739176726,42.352382595110484],[-71.088555243177339,42.352379202740288],[-71.088567586927667,42.352377416932804],[-71.088575619662933,42.35237470170874],[-71.088603435995708,42.352364282284093],[-71.088608373136509,42.352363385396941],[-71.088613323752043,42.352360658222565],[-71.088617958160583,42.352359074894665],[-71.088622897098034,42.352358178007435],[-71.08862753330321,42.352356364316819],[-71.088632471342322,42.35235546742954],[-71.088636170604659,42.352355480043073],[-71.088638329256284,42.352355488009493],[-71.08863987076532,42.352355493320488],[-71.088646965659436,42.35235483409835],[-71.08870098584903,42.352344278577227],[-71.088715508013934,42.352339529255985],[-71.088728777927301,42.352337290024572],[-71.088762424326262,42.352331007164445],[-71.088800995289631,42.352325657040325],[-71.088840490619404,42.352320538606172],[-71.088860859918469,42.352317180753843],[-71.088881229217534,42.352313595857922],[-71.08905343535919,42.352286541836776],[-71.089110828722696,42.352278743356344],[-71.089192898807042,42.352269202215929],[-71.089213254631389,42.352267675314692],[-71.089233924866065,42.35226569100687],[-71.089257991630831,42.352262346429029],[-71.089281746680214,42.352259915336404],[-71.089304572871598,42.352257939658642],[-71.089322767349358,42.352257318276131],[-71.089339421216408,42.352256462547352],[-71.089357621084062,42.352254699308013],[-71.089382621198411,42.352250442571787],[-71.089436654862766,42.3522378310264],[-71.089490992157664,42.352225676221451],[-71.089507960435057,42.352224135377845],[-71.089542825847886,42.352219687444787],[-71.089572738848531,42.352218192408145],[-71.089602661730638,42.352215556177754],[-71.08962457433536,42.352211974595406],[-71.0896412452704,42.352208375088324],[-71.089645880577265,42.352206791092705],[-71.089652361922035,42.352205671142706],[-71.089658223429268,42.352205005944207],[-71.089665313831816,42.352205031171273],[-71.08968351369947,42.352203496301996],[-71.089693060095996,42.352205130088009],[-71.089702622662202,42.352204249795335],[-71.089711259065339,42.352203595218739],[-71.089720823428166,42.352202485226762],[-71.089728849875243,42.352200913180674],[-71.089738430407735,42.352197288445886],[-71.089745835220626,42.352196400186671],[-71.089752943589474,42.352193682299252],[-71.089759435714029,42.352190961092347],[-71.089761603348805,42.35218936780214],[-71.089764081800666,42.352187548131816],[-71.089766250333767,42.352185954177628],[-71.089767483720649,42.352185958160817],[-71.089767490907178,42.352184815638893],[-71.089769037806107,42.352183906135615],[-71.089769042297675,42.352183219692996],[-71.089769967562418,42.352183223012354],[-71.089769981037136,42.352181165012176],[-71.089769985528719,42.352180479897243],[-71.089769990918597,42.352179565082935],[-71.089769997206815,42.352178650932501],[-71.089770003495033,42.352177734790452],[-71.089770008884912,42.352176820639997],[-71.08977001517313,42.352175905825632],[-71.089770019664698,42.352175220710649],[-71.089780827295868,42.352172514108169],[-71.089786697786252,42.352170478015353],[-71.089823137945757,42.352161002581781],[-71.089824371332639,42.352161007228908],[-71.089843520719555,42.352155587383777],[-71.089843502753268,42.352158332491584],[-71.089843497363361,42.352159246642316],[-71.089843484786954,42.352161075607619],[-71.089843479397047,42.352161989758308],[-71.089844712783943,42.352161994405442],[-71.08984470649574,42.352162909219999],[-71.089844702004157,42.352163596326719],[-71.0898456272689,42.352163599646033],[-71.089847160693097,42.352164747479399],[-71.089847155303204,42.352165661630039],[-71.089848389588411,42.352165666277116],[-71.089849308564936,42.352166355375402],[-71.089850541951819,42.35216636002253],[-71.089852077172637,42.352167280147988],[-71.08985515300418,42.352168435283801],[-71.089857927001773,42.35216844524188],[-71.08986162626411,42.352168458519294],[-71.089863775932599,42.352170065751366],[-71.0898674733983,42.352170079028816],[-71.089872406047519,42.352170096953344],[-71.089875489065577,42.352170107575262],[-71.08988289837005,42.352168534200651],[-71.089922691042176,42.352165016347243],[-71.089926391202852,42.352165029624636],[-71.089954177891215,42.352158726831114],[-71.089977938330478,42.352155380919818],[-71.090111530389635,42.352123915403709],[-71.090242860490918,42.352092982960997],[-71.09024873008299,42.352091174573744],[-71.090270622924763,42.352090565803117],[-71.090293145485575,42.352087903012496],[-71.090353324524756,42.352078283506259],[-71.090383566308802,42.352073817638328],[-71.090412265685501,42.352069574831162],[-71.090445890524904,42.35206626476424],[-71.090498649479855,42.352060049591955],[-71.090558800671275,42.352055004162189],[-71.090589023590681,42.352053282741117],[-71.090618937489651,42.352051788364342],[-71.090667987300804,42.352047161173566],[-71.090689891820688,42.352044723433877],[-71.09071025572986,42.352042052010972],[-71.09072598343387,42.352041421995985],[-71.090746330275053,42.352041494358076],[-71.0907669861367,42.352041568047937],[-71.090791964691491,42.352040513154513],[-71.090812321414134,42.352038984919957],[-71.090832674543535,42.352038142465688],[-71.090870297784249,42.352036446935173],[-71.090907292204292,42.35203657904583],[-71.090976974520871,42.352035226073525],[-71.091028472241177,42.352033351297372],[-71.091080281676852,42.352030791404587],[-71.091100640196146,42.352029263169797],[-71.091122518664903,42.352030941439821],[-71.091144113266012,42.352028503035612],[-71.091164473581927,42.352026745764725],[-71.091213507223387,42.352024175913563],[-71.091261625481579,42.352020687926363],[-71.091301422645301,42.352016484947953],[-71.091341218910713,42.352012281305448],[-71.091362805426968,42.352011443497908],[-71.091383163946261,42.352009686226545],[-71.091437159881366,42.352002789251159],[-71.091491149528252,42.351996807092064],[-71.091533407177536,42.351993526895548],[-71.091574433236559,42.351990014343329],[-71.091623811831113,42.351981956915594],[-71.091669201007463,42.351971370793663],[-71.091690818066454,42.351965502153845],[-71.09171274773918,42.351959176768638],[-71.091728184389012,42.351955801636286],[-71.091759656864994,42.351951568779278],[-71.091837719564865,42.351941783947588],[-71.091867936196081,42.351941205049826],[-71.091897858179877,42.351938567480104],[-71.091919140167263,42.351937041898552],[-71.091941040195593,42.351935061563552],[-71.091962625813551,42.35193445212758],[-71.091981735674594,42.351935206287983],[-71.091999923864151,42.351935270683732],[-71.092009481040463,42.351935304541314],[-71.092015342547683,42.351934639339902],[-71.092021522058516,42.351932603239433],[-71.092027691687903,42.351931939365755],[-71.092045613976126,42.351925600035834],[-71.092057671163857,42.351920383315807],[-71.092070955450282,42.351916085396766],[-71.092080844104942,42.351912460645565],[-71.092108019040595,42.351905469389401],[-71.092121605160955,42.351902086287694],[-71.092134893040623,42.351897332285937],[-71.092151578348734,42.351891445714649],[-71.092158994839707,42.351888728477938],[-71.092166109496759,42.351885093767017],[-71.092168593338528,42.351882359269254],[-71.0921719943602,42.351880770618308],[-71.092173548445629,42.351878945628108],[-71.092174479100265,42.351878034792627],[-71.092175723266934,42.35187621046623],[-71.092176660209773,42.35187438414814],[-71.092178207108702,42.351873703013126],[-71.092179452173681,42.35187165031379],[-71.092179462953453,42.351870049712836],[-71.092180399896293,42.351868223394561],[-71.092180416065972,42.351865707974646],[-71.092180433133976,42.351862964181841],[-71.0921796174637,42.351846038701908],[-71.092178489179688,42.351830028036773],[-71.0921748932236,42.351813779700386],[-71.09217399041674,42.351810345475343],[-71.092172478552129,42.351805767393536],[-71.092331543239482,42.351760138584446],[-71.092398882749805,42.351739797436473],[-71.092467452053768,42.351719687310677],[-71.092563840385424,42.351688700895089],[-71.092605853692959,42.351675357645213],[-71.092735887525279,42.351637630203363],[-71.092797043033187,42.35162001024743],[-71.092859743643388,42.351601709812478],[-71.092924925400411,42.351581359318885],[-71.092989796340333,42.35156100881877],[-71.093020995728466,42.351551514704717],[-71.093022229115363,42.351551519351894],[-71.093023458010663,42.351552209784636],[-71.093024679719448,42.351554043414787],[-71.093024673431245,42.351554957574301],[-71.093025592407784,42.351555875717089],[-71.093025586119566,42.351556790540471],[-71.093027122238709,42.351557481637059],[-71.093027115052195,42.351558625498214],[-71.093027108763977,42.351559539657671],[-71.093027104272394,42.351560226107097],[-71.093027091695973,42.35156228412761],[-71.093027087204405,42.351562969913125],[-71.093027080916201,42.3515638847364],[-71.093027076424633,42.351564570521894],[-71.093027069238104,42.351565713719033],[-71.093029182973979,42.351572810569458],[-71.093031904869292,42.351580823569883],[-71.093034960937871,42.351585179269165],[-71.093038618877699,42.351591594979375],[-71.093041370417424,42.351595263564988],[-71.093043516492642,42.351596872139488],[-71.093044745387942,42.351597561907859],[-71.093047199585314,42.35159962922144],[-71.09304842219241,42.351601233812559],[-71.093050881779661,42.35160238630327],[-71.09305303863465,42.351602393605951],[-71.093055796462565,42.351604918994568],[-71.093057949724312,42.351605841119863],[-71.093060410209887,42.351606764572914],[-71.093062567963187,42.351606772539434],[-71.093067490730959,42.351608390407932],[-71.093073347746582,42.351608410988121],[-71.093078272310976,42.351609572109098],[-71.093085666344095,42.351610512822894],[-71.093093680214736,42.351610541369602],[-71.093102309431359,42.351611257692959],[-71.093111870200914,42.351610605765671],[-71.093127297867611,42.351608602184697],[-71.093141797574631,42.351607052695556],[-71.093157845078849,42.35160436532103],[-71.093174521403796,42.351600079330169],[-71.093189970630036,42.35159464615915],[-71.09320449369325,42.351589438042112],[-71.093219018553057,42.351584000886888],[-71.09323820027933,42.35157355012894],[-71.093251501633745,42.351566508380429],[-71.093271010346783,42.351553085439328],[-71.093290204649449,42.351540575991187],[-71.09330319788171,42.351533532247323],[-71.093316506422667,42.351525576998284],[-71.09333012218741,42.351517621084348],[-71.093341886524357,42.351509888232414],[-71.093349326371566,42.351503511682708],[-71.093356445520172,42.351499191827202],[-71.093362656472067,42.351492124842956],[-71.09336763044378,42.351485739661072],[-71.09337105482166,42.351480492366107],[-71.093373556629729,42.351475012713315],[-71.093382267593029,42.351462694446667],[-71.093389107365581,42.351453801128045],[-71.093396248972098,42.351445822633096],[-71.093407410539498,42.351436029092291],[-71.093431571627391,42.351418278295675],[-71.093449513678564,42.351408737688537],[-71.093938820623919,42.351209004005327],[-71.093943445151012,42.351209019938501],[-71.093963787500613,42.351209778090912],[-71.093983213568634,42.351209160681293],[-71.093997407848448,42.351207153768101],[-71.094010373232933,42.3512044544266],[-71.094024877431508,42.351202218474164],[-71.094037238249825,42.351197688811382],[-71.094105854266175,42.351170261872298],[-71.094156254245192,42.351147114968292],[-71.094172335885403,42.351139167636909],[-71.094186566996143,42.351131443368942],[-71.09420234141254,42.351123495371688],[-71.094209456069578,42.351119861944248],[-71.094217791537105,42.351118061495576],[-71.094233553377066,42.351111943156361],[-71.094265078853653,42.351099477436676],[-71.094278060407831,42.351094263303658],[-71.094292276247188,42.351088825441757],[-71.094325021635925,42.351078422401002],[-71.094358688696133,42.351068479429323],[-71.094375350648036,42.351066250110883],[-71.094392336891758,42.35106150932355],[-71.094423501245586,42.351057274414636],[-71.09445618914215,42.351055788644707],[-71.094491968141583,42.351053170954302],[-71.094526813791461,42.351051693150808],[-71.094543769492446,42.351051752900297],[-71.094559487314967,42.351052494457548],[-71.09459183924163,42.351055352473608],[-71.09462418128679,42.351059811111163],[-71.094656528721856,42.351063583957448],[-71.094692870964991,42.351068971366431],[-71.094724896803186,42.351074572545194],[-71.094740593066149,42.351078972759758],[-71.094756286634166,42.351083371646183],[-71.094787377326142,42.351090571452872],[-71.094804001548795,42.351094288531179],[-71.094820934791898,42.351098006936994],[-71.094850797486899,42.351104286601],[-71.094866492851523,42.351108686813447],[-71.094882190911122,42.351112400571317],[-71.094914510498413,42.351120517859933],[-71.094931447334787,42.351123322098417],[-71.094946834577286,42.351127720981729],[-71.09496253263687,42.35113143473842],[-71.094977924370951,42.351134919455603],[-71.095010557470275,42.351142123239704],[-71.095041653552144,42.351148635257964],[-71.095070289148481,42.351153996104365],[-71.095105090780891,42.351159606569908],[-71.095141434820647,42.351164993970713],[-71.09517501564261,42.35116854241862],[-71.095193197543963,42.351169749355591],[-71.095212001977799,42.351169815743759],[-71.095227718902009,42.351170785674931],[-71.09524343672453,42.351171527230825],[-71.095279202249259,42.35117096691463],[-71.095310646877451,42.351171077782872],[-71.095328533233072,42.351170226022674],[-71.095345497018911,42.351169142567727],[-71.095378178627257,42.351168571629422],[-71.095394831595996,42.351167715221976],[-71.0954127116634,42.351167778290773],[-71.095446634743482,42.351166068131377],[-71.095476551337399,42.351164344030437],[-71.095493201611177,42.351163716662178],[-71.095510165397002,42.351162632543222],[-71.09554501014857,42.351161154742293],[-71.095560438713562,42.351159151146987],[-71.095576161027665,42.351159206249164],[-71.095610703945283,42.351157040666607],[-71.095645855022369,42.351156020944082],[-71.095680714146965,42.351152485109182],[-71.095716793183726,42.351151011291385],[-71.095750413531533,42.351148384974486],[-71.095786500653148,42.351145767951785],[-71.095821352591216,42.351143375321136],[-71.09585251065684,42.351140054583333],[-71.095888917578662,42.351135609229097],[-71.095923481157541,42.351130242406171],[-71.095957423102234,42.351125330342072],[-71.095972855260513,42.351122640955268],[-71.095988286520466,42.35111995090449],[-71.096005568309891,42.351117267492405],[-71.096022231160106,42.351114810464082],[-71.096040130092135,42.351112129707289],[-71.096058028125853,42.351109448286529],[-71.096074076528396,42.351106760226827],[-71.096090733988731,42.35110521802806],[-71.096108636514018,42.351101622440865],[-71.096126541734264,42.351098026853514],[-71.096142588340172,42.351095338793321],[-71.096159252987022,42.351092653388548],[-71.096174678857082,42.351091106542206],[-71.096190730852896,42.351087732691042],[-71.096207396398029,42.351085047285935],[-71.096224061044865,42.351082361216825],[-71.096239795037093,42.351080587986274],[-71.096255534419186,42.351077898597545],[-71.096272191879493,42.35107635639806],[-71.096289165546779,42.351073672320211],[-71.096305823905396,42.351071901081099],[-71.096321247978821,42.351070354898155],[-71.096356416123882,42.351066819058438],[-71.096373074482528,42.351065048482987],[-71.096388808474714,42.351063273924154],[-71.0964057749555,42.351061733052049],[-71.096423358578875,42.351059965131981],[-71.09645482656326,42.35105641734183],[-71.096489683891221,42.351053109213183],[-71.096520838363602,42.351050474261719],[-71.096554464101331,42.351046933773681],[-71.096571419802302,42.35104699352317],[-71.096588078160948,42.351045450659029],[-71.096605355458806,42.351043453698821],[-71.096622006630895,42.351042825665459],[-71.096637431602645,42.351041279481798],[-71.096654386405319,42.351041338567398],[-71.096670121295844,42.351039335632116],[-71.096687087776601,42.351037794759471],[-71.096718235960779,42.351036074638273],[-71.096748150758046,42.351034349869927],[-71.096781765715974,42.35103263837911],[-71.096797179907938,42.351032692817562],[-71.09681321034418,42.351032748583755],[-71.096845281996465,42.351031260157669],[-71.096863477372537,42.351030180019741],[-71.096880124951383,42.35103023844146],[-71.096911579461064,42.351028748687575],[-71.096947648616336,42.351028875489241],[-71.096965528683754,42.35102893789427],[-71.0969821762626,42.351028996315996],[-71.097014867752435,42.351027052465938],[-71.097049708012406,42.351026488829085],[-71.09706882775491,42.351025641050192],[-71.097087019537724,42.351025018991592],[-71.097103680591303,42.351023019375219],[-71.097120639885546,42.351022392669442],[-71.097151783578141,42.351021586715142],[-71.097168749160588,42.351019816138418],[-71.097185402129327,42.351018959728947],[-71.097221471284627,42.351019085866781],[-71.097258755860494,42.351021961809167],[-71.097275706171587,42.351022935725943],[-71.097291115871968,42.351023675955794],[-71.097309292383429,42.35102579772667],[-71.097327167959264,42.35102654592302],[-71.097345347165657,42.35102821027828],[-71.097361981269785,42.351030326737934],[-71.097379843370888,42.35103313363598],[-71.09739710360077,42.351033879840656],[-71.097412499826419,42.351036678108066],[-71.097427901441961,42.351038560880582],[-71.097444536444385,42.351040448964056],[-71.097461795775942,42.351041422880542],[-71.097479654283788,42.351044916233192],[-71.097497524469745,42.351046579924024],[-71.09753017912864,42.351050352771104],[-71.097565916805578,42.351054136903961],[-71.09758286621836,42.351055110820234],[-71.097601049018024,42.351056088719758],[-71.097617685817099,42.351057747763136],[-71.097634326209416,42.351058949391188],[-71.097651275622198,42.351059923307389],[-71.09766792320103,42.35105998172908],[-71.097699357947761,42.351061692555206],[-71.097731715264302,42.35106363507645],[-71.097750818837142,42.351065302750101],[-71.097769000738495,42.351066509689062],[-71.097801360749969,42.351068223170529],[-71.097818008328815,42.351068281592212],[-71.097835265863736,42.351069256836055],[-71.097867308769921,42.351072112859676],[-71.0978697755437,42.351072121490155],[-71.097885493366235,42.351073091422833],[-71.097891350381872,42.351073111339304],[-71.097924963543193,42.351071399849602],[-71.097940698433689,42.351069625290961],[-71.097956431527564,42.351068079771849],[-71.097972159231574,42.35106722004366],[-71.097987580610067,42.351066130611933],[-71.098002982225594,42.351068242423153],[-71.09801900278039,42.351069899474581],[-71.098048882543367,42.351073662361998],[-71.098082450788894,42.35107926685977],[-71.098099075909857,42.351082756226994],[-71.098116316376775,42.351086475297393],[-71.098149572906934,42.35109253720907],[-71.098184694339594,42.351096318683858],[-71.098201323952125,42.351099120267897],[-71.098216743533982,42.351098259876245],[-71.098233675878774,42.351101977617986],[-71.098249381124887,42.351104776546258],[-71.098266012534054,42.351107350418275],[-71.098282950268739,42.3511101533296],[-71.09829956999981,42.351114556197153],[-71.098316496954695,42.35111918876764],[-71.098333127465565,42.35112176263911],[-71.098350059810343,42.351125480379409],[-71.098383600208123,42.35113543064481],[-71.098399295572747,42.351139830191165],[-71.098414681916964,42.35114445744879],[-71.098423296760529,42.351147002772265],[-71.098432835970527,42.3511497804543],[-71.09843990840676,42.351152548841881],[-71.098448208839983,42.351156236705727],[-71.098462661834589,42.351162232886338],[-71.098477109439301,42.351168685817079],[-71.098491565128853,42.35117422458211],[-71.098506934405052,42.351181367284553],[-71.098522610006768,42.351188510650069],[-71.098553978278161,42.351200968385534],[-71.09856811865906,42.351207420648414],[-71.098582574348598,42.351212731034813],[-71.098598256238517,42.351218959568534],[-71.098612396619401,42.35122541182956],[-71.098629000180793,42.351232559173383],[-71.098646226274695,42.351238564641058],[-71.098660366655579,42.351245016900066],[-71.098674805277142,42.351253070439007],[-71.098689265458262,42.351257694368883],[-71.098702174248899,42.351263913603759],[-71.098715385771783,42.351271048993347],[-71.098728612566021,42.351275668274702],[-71.098745215229101,42.351282815612805],[-71.098760898017346,42.351289044139577],[-71.098788571517971,42.351300574414282],[-71.09880394079417,42.351307717102372],[-71.098819925416336,42.351315090156099],[-71.098832844088435,42.351319708770333],[-71.098847299777987,42.351325018483408],[-71.098861441955506,42.351331242358818],[-71.098875890458544,42.351337695272207],[-71.098904800939337,42.351348543733387],[-71.098934643871388,42.351358252311265],[-71.098949097764304,42.351363791723429],[-71.098963554352167,42.351369102096669],[-71.098993396385922,42.351379037718104],[-71.099009084564031,42.351384352073353],[-71.099023230334808,42.35138988949155],[-71.099054626454006,42.351397773722709],[-71.099087255061733,42.351405891638372],[-71.099101405324092,42.351410743931396],[-71.099117112366841,42.351413085433201],[-71.099148192279046,42.351422340571716],[-71.099162346134662,42.351426734786969],[-71.099176806315796,42.351431129001917],[-71.099209438516795,42.351438561126407],[-71.099240526513839,42.351446444687568],[-71.09925591824792,42.351450157097652],[-71.099272850592712,42.351453873490804],[-71.099288551347243,42.351457359517838],[-71.099303947572892,42.351460156438655],[-71.09933534189544,42.351468270362972],[-71.099351966118093,42.351471986755051],[-71.099367358750499,42.35147547078946],[-71.099383366728858,42.351479185189497],[-71.099398762954493,42.351481982109348],[-71.099415388973796,42.35148547079033],[-71.099433548417238,42.351490107316756],[-71.099464646295743,42.351496390260998],[-71.099499740778953,42.35150451613044],[-71.09951512622483,42.351509142697275],[-71.099530824284429,42.351512856431427],[-71.099547448507067,42.351516572820877],[-71.09956438983501,42.351518918965908],[-71.099581020345866,42.351521720531117],[-71.099597033714119,42.351524520768422],[-71.099613665123286,42.351527093959398],[-71.099630289345939,42.351530810348002],[-71.099647222589041,42.351534299690172],[-71.099662619713001,42.351537097271404],[-71.099696173585514,42.351545217824572],[-71.099713420340649,42.351548022044156],[-71.099728816566312,42.351550818960895],[-71.099744220876801,42.351552474007981],[-71.099758691837707,42.35155526826906],[-71.09977532324686,42.351558070496537],[-71.099793505148227,42.351559048388239],[-71.099823382216272,42.351563497031933],[-71.099852325934705,42.351569086216813],[-71.09986771677049,42.351572798619657],[-71.099883714867374,42.351578113622359],[-71.099913589240472,42.351582790638524],[-71.099945617773585,42.35158816206993],[-71.099979494141294,42.351593767849586],[-71.100013064183457,42.351599143927224],[-71.100031235305025,42.351601951463749],[-71.100049101897682,42.351604300261052],[-71.100065731510242,42.351607102486334],[-71.100082966587266,42.351611735684457],[-71.100099592606554,42.351615223694353],[-71.100117455605996,42.351618029902433],[-71.100133154563892,42.351621742966266],[-71.100148551687866,42.351624540543611],[-71.100164252442397,42.351628025233452],[-71.100178422467678,42.35162990400498],[-71.100213527730659,42.351636200212759],[-71.100227686976183,42.3516399086284],[-71.100243695852853,42.351643393981227],[-71.100275710012951,42.351650822761222],[-71.100305883525039,42.351657101706117],[-71.100323753710981,42.351658764716909],[-71.100341926629184,42.351661572250769],[-71.100357327346401,42.351663683378099],[-71.100373039779043,42.351665339086054],[-71.100389977513728,42.351668142636335],[-71.100406618804371,42.351669114551484],[-71.100440205914524,42.351671975195011],[-71.100457151734034,42.351673635549901],[-71.100473786736472,42.35167552228657],[-71.100489502762372,42.351676491546051],[-71.100506454870086,42.351677236415327],[-71.100524638568075,42.351678214969056],[-71.100542193445364,42.351681019182713],[-71.100577023823874,42.35168205482973],[-71.100591519039284,42.351681190462791],[-71.10060722967529,42.351683074543729],[-71.10062388264403,42.351682217479464],[-71.100642060053815,42.35168411019076],[-71.100659946409422,42.351683257773615],[-71.100679049083951,42.351685153140387],[-71.100710489220575,42.351685949127997],[-71.100728665732035,42.351688069548786],[-71.100745308819313,42.351688813754038],[-71.100778899522737,42.351690987948665],[-71.10079708771228,42.351691051016886],[-71.100813730799544,42.351691795222145],[-71.100830377480079,42.351691852979357],[-71.100847327791172,42.351692826221871],[-71.100882169847779,42.351692032889787],[-71.100897584039743,42.351692085999893],[-71.10091485235445,42.351691459964677],[-71.100931499933296,42.351691517721896],[-71.100949381797349,42.351691580126221],[-71.100966028477885,42.351691637883491],[-71.100983293199334,42.351691697632319],[-71.101016895580841,42.351691813810653],[-71.101048032985219,42.351691922022468],[-71.101063447177182,42.351691975796456],[-71.101080398386586,42.351692720665547],[-71.101115234155003,42.35169284149103],[-71.10114883743482,42.35169295766935],[-71.101182440714666,42.351693074511559],[-71.101198167520337,42.351692443165298],[-71.101213581712301,42.351692496275405],[-71.101230537413301,42.351692555360394],[-71.101247184992133,42.351692613117613],[-71.101279870193736,42.351691582781726],[-71.101314716741939,42.351690103001673],[-71.101347105499499,42.351687471396303],[-71.101383202502561,42.351683023425274],[-71.101415593955082,42.3516797047076],[-71.101449538594707,42.351674562985188],[-71.101463736467778,42.351671868974769],[-71.101479483036414,42.351668264125749],[-71.101513121350536,42.35166289270115],[-71.101543055012442,42.351657965409501],[-71.101561258473353,42.351655970460428],[-71.101577933001636,42.351651683145313],[-71.101593364261589,42.351648992453306],[-71.101609410867525,42.351646532790262],[-71.101627308002918,42.351643850728415],[-71.1016442861618,42.35164047956242],[-71.101677923577597,42.35163510813544],[-71.101710023975969,42.351629044948325],[-71.101724530869504,42.351626350935945],[-71.101740271149907,42.351623661570578],[-71.101757248410451,42.351620290403496],[-71.101775442888211,42.351619438649379],[-71.101789647049486,42.351615829150198],[-71.101805386431579,42.351613139120488],[-71.101822043891886,42.351611596270246],[-71.101840244657865,42.351609829693409],[-71.101855668731304,42.3516082828598],[-71.101871099991257,42.351605592165932],[-71.101905044630897,42.351600449773613],[-71.101941137142376,42.351596915955383],[-71.101974761083468,42.351593602544128],[-71.101992654625604,42.351591606265281],[-71.102011778859691,42.351590072044907],[-71.102044473942769,42.351587441099184],[-71.102061138589605,42.351584754387702],[-71.102077180703944,42.351583209545097],[-71.102112970483176,42.351578531201241],[-71.102131164960937,42.351577907820392],[-71.102147829607773,42.35157522177235],[-71.102181442769094,42.351573737342385],[-71.102199644433369,42.351571741726744],[-71.102217847894295,42.351569289363312],[-71.10223450086302,42.351568432297498],[-71.102251160119977,42.351566660408388],[-71.102284785857691,42.351563346995576],[-71.102302992013549,42.351560665594079],[-71.102320881962427,42.351559126725782],[-71.102335378974487,42.351558033319343],[-71.102351117458269,42.351555572325026],[-71.102385679240513,42.351550204210177],[-71.102415908448137,42.351547564632384],[-71.102449538677419,42.351543335731122],[-71.102467744833291,42.351540654992654],[-71.102484408581802,42.351538196653102],[-71.102518039709409,42.351533740041098],[-71.102549513982026,42.351529274798366],[-71.102583137923105,42.351525961383594],[-71.102614292395472,42.351523553498204],[-71.102632486873233,42.351522472704865],[-71.10264914433354,42.351520929852384],[-71.102664563915397,42.351520068138733],[-71.102680607826386,42.351518294256643],[-71.102697265286707,42.35151675140407],[-71.102712686665186,42.351515661316299],[-71.10272965045101,42.35151411912755],[-71.102746311504575,42.351512117535115],[-71.102763277087035,42.351510576674059],[-71.102779935445653,42.351508804783322],[-71.102812629630421,42.351506402208294],[-71.102847488755032,42.351502863737601],[-71.102862914625078,42.351501086535634],[-71.102879881105864,42.351499545674308],[-71.10291474023046,42.351496005875447],[-71.102948360578281,42.351493378909076],[-71.102964087383967,42.351492747560812],[-71.102978584395998,42.351491654153229],[-71.102996474344906,42.351490113955556],[-71.103014367887042,42.351488119001104],[-71.103030398323298,42.351488174103004],[-71.103047050393698,42.351487545410237],[-71.103081595107952,42.351484920435134],[-71.103098865219309,42.351484065359784],[-71.103116456029198,42.351481382627114],[-71.103151306170645,42.35147898735368],[-71.103181529988376,42.351477261933596],[-71.103198187448683,42.351475719080014],[-71.103215459356647,42.351474634966436],[-71.103246297622036,42.351473140575905],[-71.1032802251937,42.351470513608582],[-71.103311076035496,42.351466960530537],[-71.103343777406792,42.351463415418877],[-71.10336198446096,42.35146073401306],[-71.103378645514539,42.351458504044658],[-71.103395614690257,42.351456505106007],[-71.103411045051885,42.351454043443759],[-71.103443751813074,42.35144958217866],[-71.103460409273396,42.351448039324403],[-71.103477073920217,42.351445352606916],[-71.103512251048429,42.35144021418477],[-71.103530142793929,42.351438446939241],[-71.10354802914955,42.351437593854875],[-71.103581940551535,42.35143771069756],[-71.103612758155677,42.35143941686627],[-71.10363094005703,42.351440623798041],[-71.103647582245969,42.351441595716658],[-71.103665765943958,42.351442344572],[-71.103682716255051,42.351443317154484],[-71.103698438569154,42.351443371592531],[-71.103713845574603,42.351444567902185],[-71.103729255274985,42.351445307463187],[-71.103746519098124,42.351445366548404],[-71.103763161287063,42.35144633846695],[-71.103781036862898,42.35144708533057],[-71.103796760075326,42.351447139768659],[-71.103813708589783,42.351448342053111],[-71.103829122781761,42.351448395163416],[-71.103845764072375,42.351449367081912],[-71.103861477403342,42.35145102213167],[-71.103878437595895,42.351450165728075],[-71.103911111119416,42.351451193412366],[-71.103941922435354,42.351454043443759],[-71.103975822159228,42.351455989272239],[-71.104010333635799,42.351458623542861],[-71.104046684862112,42.351463093437737],[-71.104082416250833,42.351468018752989],[-71.104089496771905,42.351469643263819],[-71.104094415946392,42.351471489510025],[-71.10409811071716,42.351472417612236],[-71.104129549955474,42.351473440649031],[-71.10414712818897,42.351472586237357],[-71.104165317276824,42.351472649305798],[-71.104197989902033,42.351473676325881],[-71.104213392415886,42.35147555842142],[-71.104229104848514,42.3514772128066],[-71.104262690162045,42.351480073458852],[-71.10428087386002,42.35148105068788],[-71.10429844131373,42.351481796223354],[-71.104315384438308,42.351483913331627],[-71.104333569034608,42.351484661522576],[-71.104349285060508,42.351485630785007],[-71.104364692964253,42.351486827093808],[-71.104401979336743,42.351489470657441],[-71.104417689972749,42.351491354080238],[-71.104434332161702,42.351492325998123],[-71.104467914780287,42.351495871772045],[-71.10448332897225,42.351495924882315],[-71.1045002828766,42.351495983303607],[-71.104534199668478,42.351495413032154],[-71.104564997509669,42.351500550122054],[-71.104580705450729,42.351502662582526],[-71.104596412493478,42.351505460829053],[-71.104621675814215,42.351508062567561],[-71.104638317104843,42.35150903448514],[-71.1046537259069,42.35151000241946],[-71.104684221914169,42.351513765944418],[-71.104699626224658,42.3515154196647],[-71.104716262125407,42.351517306406116],[-71.10475139074461,42.351520171039837],[-71.104767105872185,42.351521139637882],[-71.104783754349342,42.351521196731362],[-71.104817340561183,42.351524056717729],[-71.104852166448126,42.351525776825568],[-71.104869105081121,42.351528579054353],[-71.10488666714491,42.351530240076876],[-71.104904849046264,42.351531446343017],[-71.104921799357371,42.351532418924116],[-71.104956618057784,42.351535282893259],[-71.104973261145062,42.351536025772582],[-71.10499143945313,42.351537688786578],[-71.105025025664986,42.351540548772185],[-71.105041667853939,42.351541520689317],[-71.105057383879839,42.351542489286963],[-71.10507310260067,42.351543457884667],[-71.105088812338366,42.351545341305844],[-71.105121165163311,42.351548195980101],[-71.105153526073124,42.351549908120717],[-71.105170479977474,42.351549966541945],[-71.105187120369791,42.351551166832806],[-71.10520529508463,42.351553515632013],[-71.105223162575641,42.351555635393382],[-71.105255512705639,42.351559176516602],[-71.105272456728528,42.351561063920592],[-71.105287876310371,42.351560202207494],[-71.105304506821227,42.351563003770863],[-71.105321765254473,42.351563976351478],[-71.105338408341751,42.351564720558237],[-71.105354118079433,42.351566832352653],[-71.105370761166697,42.351567575895494],[-71.105386470904378,42.351569687689825],[-71.105420069692642,42.351570488326082],[-71.105452429704116,42.35157220046608],[-71.105487265472519,42.351572319964014],[-71.105512544962949,42.35157240693195],[-71.105520868752365,42.351572435478722],[-71.105556930721121,42.351573702820765],[-71.105572344913085,42.35157375526709],[-71.10558837175607,42.35157472519203],[-71.105605018436592,42.351574782285468],[-71.105621973239266,42.351574840042836],[-71.10565557202753,42.351575641342862],[-71.105687930242368,42.351577810894284],[-71.105704874265257,42.351579469260002],[-71.105721511064345,42.351581355999549],[-71.105736920764713,42.351582323268872],[-71.105753857601073,42.351585125495134],[-71.10577172868534,42.351586787843935],[-71.105788670911608,42.351588903620893],[-71.105805308608979,42.351590561322432],[-71.105822260716707,42.351591305528885],[-71.105840436329842,42.351593425952807],[-71.105857080315431,42.351594168831447],[-71.105873710826287,42.351596969729414],[-71.105890660239069,42.351597942973385],[-71.105908837648855,42.351599834359497],[-71.105926706038161,42.351601725081665],[-71.105944884346243,42.351603617131502],[-71.105962759023768,42.351604593030878],[-71.105979396721153,42.351606250732047],[-71.105996638984706,42.351609739406136],[-71.106012040600262,42.351611850535157],[-71.106028678297633,42.351613508236134],[-71.106045605252532,42.35161813944211],[-71.106063473641854,42.351620030163723],[-71.106080413173146,42.351622832388308],[-71.106097050870545,42.351624490089009],[-71.10613065954027,42.35162369078116],[-71.106147615241255,42.351623748538501],[-71.106164266413359,42.351623119847041],[-71.10619817781533,42.351623236025489],[-71.106216055187801,42.351623982887006],[-71.106234225411058,42.351626789094695],[-71.106249927063899,42.351630502158017],[-71.106256703954401,42.351631211178507],[-71.106264092597613,42.351633066050375],[-71.106296455304047,42.351634091076164],[-71.106313416394926,42.35163323467507],[-71.106330052295675,42.351635120749116],[-71.106362724920871,42.351636147766492],[-71.106393532643537,42.351639682910289],[-71.106427417994382,42.351644144161945],[-71.106443116053953,42.351647856560348],[-71.106458823096702,42.35165065413657],[-71.106489640700843,42.351652589336908],[-71.106521073650953,42.351654525865001],[-71.106537716738217,42.351655268742874],[-71.106554974273152,42.351656471687271],[-71.106573773317095,42.351657450241326],[-71.10659195791338,42.351658198430215],[-71.106608901037959,42.35166031486861],[-71.106626480169766,42.351659231422104],[-71.106657908628293,42.351662082771796],[-71.106672393962242,42.351662818347002],[-71.106688109089831,42.351664015980212],[-71.106705983767355,42.351664991214768],[-71.106723860241488,42.351665738739676],[-71.106739878101337,42.351667851194584],[-71.106756521188601,42.351668594736232],[-71.106771929990671,42.351669562004211],[-71.106788880301764,42.351670534583178],[-71.106804597225974,42.351671503178849],[-71.106819999739841,42.351673385268469],[-71.106856374322334,42.351674195197674],[-71.106871787615958,42.351674248307795],[-71.106887201807922,42.351674300754027],[-71.106922032186432,42.351675563446911],[-71.106958392395882,42.351678203019283],[-71.106989501952484,42.351682882683498],[-71.107023061214861,42.351690087068619],[-71.107052922113226,42.3516970484743],[-71.107068306660793,42.351701903400354],[-71.107084008313635,42.351705386758134],[-71.107100939760116,42.351709103800083],[-71.107117564881079,42.351712818850196],[-71.107134499920818,42.35171630685447],[-71.107150184505656,42.351722534674408],[-71.107164331174758,42.351728071398973],[-71.107180015759639,42.351734299217739],[-71.107194478635691,42.351738693411185],[-71.107208629796375,42.351743315313669],[-71.107224319771134,42.351748856683521],[-71.107241244031073,42.351753945289801],[-71.107255705110518,42.351758569182834],[-71.107270166189963,42.351763191083855],[-71.10730216238376,42.351773819728862],[-71.107319083948767,42.351779366407044],[-71.107335692900051,42.351785597540115],[-71.107352621651572,42.351789999032583],[-71.107368311626317,42.35179531202531],[-71.107384925069198,42.35180085670995],[-71.107401848430825,42.351806174348866],[-71.107416304120392,42.351811711729958],[-71.107429538101144,42.35181541681586],[-71.107463064125866,42.351827879074172],[-71.107477216184861,42.351832500306273],[-71.107491674569346,42.351837809312144],[-71.107523977088661,42.351848667645143],[-71.107539672453299,42.351853066477702],[-71.107555379496034,42.351855864044794],[-71.107571062284265,42.351862091850897],[-71.10758645401836,42.351865802244816],[-71.107615378872183,42.351874590613015],[-71.107630770606264,42.351878301670084],[-71.107647700256109,42.351882704483835],[-71.107677546781417,42.351891952914436],[-71.107711397996283,42.351901902394602],[-71.10772555275021,42.351906294584737],[-71.107741242724941,42.351911607567629],[-71.107774794800818,42.351919955117239],[-71.107806823333945,42.351925323864378],[-71.107824991760566,42.35192881584009],[-71.107841930393576,42.351931618050905],[-71.107873021983863,42.351939041485856],[-71.107909047121723,42.351946253144263],[-71.107923207265543,42.351949731177527],[-71.107939215243888,42.351953444885645],[-71.107955835873284,42.351957846366354],[-71.107974002503283,42.351961566048857],[-71.108008784372757,42.351970374983793],[-71.10804109946848,42.351979632031799],[-71.108055560547925,42.351984026208143],[-71.108069715301852,42.35198841972025],[-71.108103268276039,42.351996765931929],[-71.108121434906025,42.352000257903718],[-71.108138373539035,42.352003060111358],[-71.10815500045662,42.352006546771769],[-71.108170391292376,42.352010257821043],[-71.108186094741853,42.352013741161734],[-71.108203026188335,42.352017458185443],[-71.108219651309284,42.352021173217331],[-71.108237813447715,42.352025580004266],[-71.108268603204081,42.352031858911772],[-71.108280923598201,42.352033958740783],[-71.108286777020581,42.352034665101201],[-71.108294168358739,42.352035603817029],[-71.108301242591622,42.352038372829448],[-71.108308636624699,42.352039312872996],[-71.108338506506229,42.352044902679459],[-71.108356681221053,42.35204725146022],[-71.108373315325167,42.352049365893905],[-71.108406892553873,42.352053825124834],[-71.108436762435375,42.352059414930011],[-71.108453993919142,42.352064733210938],[-71.108470619938416,42.352068219867981],[-71.108504183692389,42.352074737101255],[-71.10851866363646,42.352076387487408],[-71.108534065252016,42.352078497936915],[-71.108552239966841,42.352080846052587],[-71.108569795742426,42.352083650248225],[-71.108603678398325,42.352088339176426],[-71.108636037511474,42.352090278346523],[-71.108654210429663,42.352093084533394],[-71.108670848127048,42.352094741557792],[-71.108689023740197,42.352096861964739],[-71.108707208336497,42.352097609484559],[-71.10874295230164,42.35210047541954],[-71.10875744302551,42.352100524546053],[-71.108772851827567,42.352101491807389],[-71.108793187888963,42.352103161445093],[-71.108813831174189,42.352105061446338],[-71.108834182506939,42.352104444709397],[-71.108854531144772,42.352104513752103],[-71.108888431766957,42.352106229860752],[-71.108922018877124,42.3521090878289],[-71.108997539344742,42.35211094534219],[-71.109026214466923,42.352110357151773],[-71.109045647721473,42.352108593908284],[-71.109066314362892,42.352106834647984],[-71.109088819855714,42.35210691099325],[-71.10910115102962,42.352106952817188],[-71.10911163257235,42.352106988666279],[-71.109120274365367,42.352105417281635],[-71.109128297219186,42.352104301313076],[-71.109144328553754,42.352104355750598],[-71.109160975234289,42.352104412179671],[-71.109183771781247,42.352107233634975],[-71.109206580006287,42.352108226123313],[-71.109222285252415,42.352111023679051],[-71.109238944509357,42.352109250477518],[-71.109259291350554,42.352109319520167],[-71.109278725503401,42.352107556276636],[-71.109356730711085,42.352106220566533],[-71.10938911407878,42.352104272766603],[-71.109423025480751,42.352104387616443],[-71.109466195818371,42.352102933737058],[-71.109503219882782,42.35209848579548],[-71.109540544882847,42.352094953996804],[-71.109568306418396,42.352092532855799],[-71.109594516563433,42.352091706999076],[-71.109608091904008,42.352089923838911],[-71.109621360020739,42.352088139350975],[-71.109629381077923,42.352087251754035],[-71.10963677960261,42.352087276981216],[-71.109643864615251,42.352088215696206],[-71.109651264038249,42.352088240923379],[-71.109659888763289,42.352089413321359],[-71.10966791161708,42.352088297352466],[-71.109676543528664,42.352088326562836],[-71.109683331198937,42.352087434982757],[-71.10969074050341,42.352085859614419],[-71.109694446952275,42.352084729040335],[-71.10969784168573,42.352084054546282],[-71.109701541846391,42.352084067159865],[-71.109704315843985,42.352084076454084],[-71.109706473597285,42.352084083756651],[-71.109714797386701,42.352084111639293],[-71.109720968812724,42.352083218067513],[-71.109726831218254,42.352082552203832],[-71.10974010023331,42.352080538679793],[-71.109757065815785,42.352078995841026],[-71.109769088867537,42.352079036337216],[-71.109780798407272,42.352079990985288],[-71.109804840019223,42.352080758421465],[-71.109820875845358,42.352080127079098],[-71.109823033598673,42.352080134381666],[-71.109826732861009,42.352080146995256],[-71.109828902292421,42.35207832466628],[-71.109831368167875,42.352078333296618],[-71.109835068328536,42.352078345910201],[-71.109835073718415,42.352077431094408],[-71.109836312495204,42.352076520925742],[-71.10983755127198,42.352075610093124],[-71.109837555763548,42.352074924313207],[-71.109838487316509,42.352073783780817],[-71.109841272093888,42.352072192479227],[-71.109859196178746,42.352065164727897],[-71.11010882272484,42.352080188819158],[-71.110283259383351,42.352089469750446],[-71.110281655890574,42.352099526082746],[-71.110285351559639,42.352100224475983],[-71.110380171432823,42.352122041294024],[-71.110400491324555,42.352126454712668],[-71.110419896731315,42.352129264881121],[-71.110428203452756,42.352132037208776],[-71.110465127804204,42.352143595875297],[-71.110490351599054,42.352152828998449],[-71.110490345310851,42.352153742485427],[-71.110491774530473,42.35217226980356],[-71.110499705756112,42.352185788873726],[-71.110517813097289,42.352199113426842],[-71.110540571016699,42.352208108212267],[-71.110568307399404,42.352209803738148],[-71.110652639441653,42.352217006735174],[-71.110799714314922,42.3522295665028],[-71.110820053071265,42.352231236801046],[-71.110990761721339,42.352245305543185],[-71.110998150364551,42.352246931361634],[-71.111132502398448,42.352257447066911],[-71.111152894155396,42.352250198267484],[-71.11120246678604,42.352210348112116],[-71.111207399435244,42.352210364708917],[-71.111232364515303,42.35221136383435],[-71.111249322012938,42.352211421591093],[-71.111282627052091,42.352209933856798],[-71.111315326626752,42.3522063848038],[-71.111338163597893,42.352202803220919],[-71.111359764487233,42.352199446026127],[-71.111376737256194,42.352196759340799],[-71.111392471248408,42.352194754450743],[-71.111417470464446,42.352190494391103],[-71.111442771514419,42.352187149809261],[-71.111460976771951,42.352184467106611],[-71.111482568678156,42.352182710503911],[-71.111504152499478,42.352182097750976],[-71.111537772847299,42.352179466830037],[-71.111549809373784,42.352177450653627],[-71.111561843205322,42.352175889892713],[-71.111603795427413,42.352171686260846],[-71.111620758314928,42.352170600167682],[-71.111626609042375,42.352171763933747],[-71.111632466956351,42.352171783186044],[-71.111643560251778,42.352172735841116],[-71.111653424651905,42.352172769034638],[-71.111661440319196,42.352172796253363],[-71.111670077620659,42.35217191064929],[-71.111677483331846,42.352170792026428],[-71.111682108757265,42.352170807959311],[-71.111685503490705,42.35217013280235],[-71.111690437038263,42.352170150063046],[-71.111694130910692,42.352170848455486],[-71.111697831071368,42.352170861069013],[-71.111709538814452,42.352172043423536],[-71.111718165336129,42.352172987448277],[-71.111726494515452,42.352172101180315],[-71.111736063369833,42.352170304081142],[-71.111748090913181,42.352169429762817],[-71.111760131032952,42.352166727143278],[-71.111782972495675,42.352162459779137],[-71.111798399264046,42.352160452896385],[-71.111823969808611,42.35216328297949],[-71.11184306170334,42.35216700729692],[-71.111852608099866,42.352168868791686],[-71.11186246621179,42.352169816135842],[-71.111872017099898,42.352170762816101],[-71.111874176649835,42.352170770118654],[-71.111876647016871,42.352169863934584],[-71.111879113790636,42.352169871901019],[-71.111885908647452,42.352168066171458],[-71.111906876224509,42.352167222391216],[-71.111925995966999,42.352166372636049],[-71.11194264444417,42.35216642840124],[-71.111960826345509,42.352167404955757],[-71.1119858049003,42.352166574452895],[-71.112005242646418,42.352163895068728],[-71.112024374067005,42.352161215020566],[-71.112033006876914,42.352161244230892],[-71.112043796541784,42.352161280743843],[-71.112055504284882,42.352162464426264],[-71.112078308018368,42.352164141364959],[-71.112101429755455,42.352164219037881],[-71.112203499033001,42.35216021854982],[-71.112230947056489,42.352158711562069],[-71.11225870499878,42.352156975538662],[-71.112334565927895,42.352153571870481],[-71.11235583713551,42.352153643568613],[-71.112378965160815,42.352152807090718],[-71.112403941020645,42.352152205623305],[-71.112429232189172,42.352150231933756],[-71.112446187890143,42.352150289026717],[-71.112462829180785,42.352151260270482],[-71.112492717926926,42.352154104959176],[-71.11252168051,42.352156946328329],[-71.112584240084701,42.352160816033972],[-71.112592563874131,42.352160843916536],[-71.112602429172583,42.352160877110116],[-71.112610444839845,42.352160904328855],[-71.112619072259832,42.352161619318167],[-71.112627389761073,42.352162562015302],[-71.112634470282117,42.352164416207643],[-71.112643102193701,42.352164445417984],[-71.112651425983117,42.352164473300547],[-71.112676695592057,42.352166158205691],[-71.112702866211237,42.352171735387302],[-71.112729351240745,42.352176397090247],[-71.112748756647505,42.352179206592588],[-71.112758303942343,42.352180839715352],[-71.112767856627087,42.352181558687683],[-71.112783549296779,42.352186412912474],[-71.112797705847356,42.352190805082714],[-71.112812166926801,42.352195198580368],[-71.112836174402759,42.35220168260696],[-71.112860199845031,42.352205194483481],[-71.112884224388992,42.352208933403624],[-71.11290668586436,42.352216097896239],[-71.112929780651982,42.352220519938555],[-71.112968260885509,42.352229796865856],[-71.113006446471601,42.352237013801869],[-71.113032942280924,42.352239619493339],[-71.113058199313443,42.352243362394624],[-71.113113336108952,42.352251323527646],[-71.113137349873128,42.352256891407563],[-71.113226005506817,42.352278684935783],[-71.113259548599544,42.352288631035378],[-71.113279852321583,42.352295788880241],[-71.113299225389014,42.352303857553508],[-71.113327852900483,42.352311041951388],[-71.11335678763578,42.352318457375112],[-71.113364172685735,42.352320768968909],[-71.113372171285022,42.352323539296513],[-71.113377098544362,42.352324470705497],[-71.113383257393934,42.352325635796483],[-71.113394026397557,42.352329101859091],[-71.113414345390979,42.352333742970359],[-71.113434654502939,42.352339985334233],[-71.113476815134149,42.352352475371028],[-71.113502051505421,42.352359649141455],[-71.113528211344814,42.352367055265262],[-71.113577753432736,42.352382314293934],[-71.113585752930348,42.35238508528272],[-71.113604818773936,42.352392923582109],[-71.11362418645146,42.352402135424832],[-71.113661380297486,42.352420097717669],[-71.113685373400415,42.352428868083919],[-71.113709362910072,42.352438094526477],[-71.113725974556303,42.352444096559665],[-71.113741338442594,42.35245238030722],[-71.113757332047925,42.352458608718102],[-71.11377271300222,42.352464148033292],[-71.113809616692407,42.352479364550867],[-71.11384466536154,42.352495260865339],[-71.113856655175638,42.352500789555435],[-71.113867406212947,42.352507228407489],[-71.113895093188319,42.352516925520646],[-71.11392277926538,42.352526851666482],[-71.11397753607352,42.352546472263931],[-71.114005216760674,42.352557313213914],[-71.114034130834739,42.352568157481421],[-71.114047045015269,42.352573689484451],[-71.114060270012871,42.352578993116786],[-71.114083336952731,42.352587988511686],[-71.114100860388973,42.352596051172696],[-71.114118990188061,42.352605944776613],[-71.114137114597227,42.352616753186922],[-71.114153696599047,42.352627556948285],[-71.114212400604558,42.352657023975681],[-71.114237610026379,42.352668771083536],[-71.114262820346511,42.352680289155543],[-71.11430123140974,42.352700998444568],[-71.114340566839402,42.352721711709933],[-71.114355013545804,42.352728849589482],[-71.114370383720299,42.352736217165599],[-71.114404186426142,42.352754167413337],[-71.114425389361799,42.352765672192426],[-71.114445975154837,42.352777174977767],[-71.114468723192772,42.352787999955289],[-71.114491476620614,42.352797908134001],[-71.114504687245173,42.352805270391073],[-71.114543089325252,42.352827579551651],[-71.114552608772328,42.352833786017804],[-71.11456212821939,42.352839991819472],[-71.114579948997999,42.352849885384977],[-71.114598078797073,42.352859779612821],[-71.11462419102574,42.352874959522133],[-71.114650606884979,42.352891054895579],[-71.114672121536046,42.3529018738787],[-71.114694864184102,42.352913612974454],[-71.11471636985199,42.352926033855503],[-71.114728641737088,42.352935907491592],[-71.114741845175132,42.35294487030616],[-71.114775318199264,42.352966248681611],[-71.114807271273918,42.352984192225065],[-71.114836170076586,42.352997780826136],[-71.114850621274584,42.353004003872073],[-71.114865073370865,42.353010226253467],[-71.114885366313132,42.353019441325038],[-71.114913026339039,42.353033711704803],[-71.114969220451641,42.353070487658819],[-71.115024183872308,42.353107030576034],[-71.115042319061246,42.353116009298837],[-71.115058906452973,42.353125898173907],[-71.115092385765308,42.353146591383428],[-71.115116308799642,42.353167022361156],[-71.115140247105316,42.353184939956734],[-71.115151901847838,42.353194811560584],[-71.115158353548196,42.353198491338226],[-71.115166348554212,42.353201948722528],[-71.115175883272641,42.353205639121562],[-71.115193104874962,42.353212786240192],[-71.115206010072342,42.353219918753098],[-71.115217984615072,42.353227961417204],[-71.115223815579583,42.353232326296435],[-71.115229959157787,42.35323600474419],[-71.115245622183082,42.353245890944898],[-71.115262222151244,42.353253950202195],[-71.115268058505634,42.35325740028096],[-71.115271750581442,42.353258554732918],[-71.115275440860643,42.353260168575723],[-71.115279129343193,42.353262239153878],[-71.115289902838398,42.353264789702457],[-71.115312365212063,42.353271954738581],[-71.115333278890219,42.353280255637365],[-71.115371389017824,42.353299820899267],[-71.115397820148416,42.353313400801966],[-71.115411018196582,42.353323049992838],[-71.115425466699605,42.353330187140273],[-71.115444503797121,42.353342827676201],[-71.115466023838053,42.353352733112025],[-71.115487540285741,42.353363552679504],[-71.115498293119686,42.353369762412029],[-71.115507812566761,42.353375968824643],[-71.115516095931994,42.353382398956882],[-71.115525604599284,42.353390434297779],[-71.115531745482571,42.353394799829545],[-71.115568611443493,42.353416190001454],[-71.115575063143865,42.353419869766142],[-71.115580903989837,42.353422633406765],[-71.115586752022352,42.353424253883908],[-71.115598746328033,42.353429096063273],[-71.115623957546461,42.353440613995936],[-71.115647929089832,42.353453042739119],[-71.115660833388887,42.353460174560887],[-71.115673123240285,42.353467304390293],[-71.115707855702439,42.353484571320173],[-71.115741357472629,42.353501605231429],[-71.115765323626093,42.353514948093597],[-71.115784351740459,42.353529189151168],[-71.115802141078021,42.3535443410168],[-71.115828539869284,42.353563409631882],[-71.11584421367435,42.353571466193053],[-71.115859585645495,42.353578605303774],[-71.115870657381379,42.353582988082735],[-71.115875579250812,42.353585061969582],[-71.11587896500113,42.353585759018578],[-71.115882656178627,42.353587372852978],[-71.115887257349499,42.353591045969125],[-71.115890941340481,42.353593802963594],[-71.115895850633521,42.353597478070917],[-71.115899216620889,42.353601833630492],[-71.115902888933761,42.353606191181271],[-71.115906560348321,42.353610777762114],[-71.115910231762896,42.353615362351022],[-71.115923120790598,42.353625239198053],[-71.115963980661292,42.353649157917246],[-71.115984261925476,42.35365997212287],[-71.116004544087957,42.353670788318169],[-71.116019893601219,42.353681586587562],[-71.116035848578974,42.353694217758893],[-71.116042923710154,42.353696757004414],[-71.116051220550105,42.3537013581834],[-71.116060752573588,42.353705734315234],[-71.116078892254123,42.353713798824401],[-71.11609333985885,42.353720934599743],[-71.116107482934666,42.353727385940047],[-71.116155426021379,42.353752470348773],[-71.116180648019608,42.353762158639647],[-71.116204314135786,42.353774129923714],[-71.116271648256216,42.353804539086049],[-71.11627779273276,42.353807989798455],[-71.116281162313385,42.353811658918559],[-71.116284835524596,42.353816017118703],[-71.116287296010157,42.353816939875422],[-71.116289437593792,42.353819690885295],[-71.1162922008116,42.353821529760111],[-71.116295582968647,42.353823140933052],[-71.116299269654561,42.353825212156529],[-71.116302959933748,42.353826825320922],[-71.116306038460237,42.353827521703359],[-71.116313420815231,42.353830289309151],[-71.11632786213174,42.35383834185297],[-71.116341069163056,42.353846618114403],[-71.116369957185967,42.353861807079269],[-71.116377026028928,42.353865489473328],[-71.116385329157097,42.353868947484791],[-71.116415445177012,42.353885054553039],[-71.116440325815432,42.353900230231588],[-71.116465507389464,42.353916549724715],[-71.116476574633779,42.353921846605196],[-71.116487332857616,42.353927371186671],[-71.116504829344393,42.353939777262667],[-71.116522948363695,42.353951499568268],[-71.116532467810742,42.353957705923435],[-71.116543220644701,42.353963915597205],[-71.116554270821013,42.353971956174561],[-71.116565005688656,42.353981139240268],[-71.116575767505751,42.353986205758694],[-71.116586220302395,42.353990814218839],[-71.116597291139968,42.353995425334105],[-71.116629572099711,42.354010624220855],[-71.116668898546209,42.354032936936669],[-71.116688246460811,42.354045350294165],[-71.116707284456609,42.354057990022447],[-71.116724197936776,42.354065364081229],[-71.116731262288184,42.354069733549245],[-71.116739872640181,42.354073191549425],[-71.116773374410386,42.354090454329715],[-71.116792419592727,42.354101951561809],[-71.11684523514154,42.35413711373436],[-71.116897749754742,42.354170904373106],[-71.116916788648865,42.354183544739996],[-71.116928774869706,42.354189759038434],[-71.116940771870318,42.354194143766357],[-71.116957662892617,42.354204947920429],[-71.11697301330419,42.354215745434189],[-71.116987432162816,42.354227456402874],[-71.11701136238365,42.354246973572742],[-71.117035295299459,42.354265804316682],[-71.117046037353632,42.354273844191603],[-71.117056784797697,42.354280968617864],[-71.117067828685791,42.354290152302241],[-71.117078263516134,42.354297961818517],[-71.117093922049847,42.354308761971687],[-71.117118812569743,42.354322336345568],[-71.117144001330303,42.354337512582383],[-71.1171823917323,42.354361879791789],[-71.117202649640262,42.354377039422829],[-71.117226570877961,42.354397699691873],[-71.117238520267861,42.354410087751141],[-71.117250470556087,42.354422475807908],[-71.117262428929152,42.354433034963108],[-71.117269486992356,42.354438546886584],[-71.117276858567564,42.35444314469202],[-71.117278092852771,42.354443148675124],[-71.117280555134968,42.354443843059215],[-71.117281781335322,42.354444990187034],[-71.117283932800433,42.354445912270705],[-71.117285464427979,42.354447518116821],[-71.117286383404519,42.354448665244618],[-71.11728760690994,42.354450269099146],[-71.117288829517051,42.354452102644686],[-71.11728881963559,42.354453703179892],[-71.117290040446051,42.354455765752569],[-71.117290030564575,42.354457366287726],[-71.117292456914171,42.354463777057781],[-71.117296119345582,42.354469963446917],[-71.117299788065196,42.354475235054601],[-71.11730191886906,42.354479587234103],[-71.117304061350993,42.354482338214972],[-71.117310187861236,42.354488761595597],[-71.117315095357625,42.354493123731835],[-71.117320005548976,42.354496797458843],[-71.117329515114577,42.354504604957924],[-71.117348531550817,42.354520904378738],[-71.117383164299966,42.354554863428035],[-71.117416554679096,42.3545906473705],[-71.117424819179703,42.354600506804282],[-71.117433090866854,42.354609223758679],[-71.117442583364436,42.354620003942955],[-71.117448722451101,42.354624369389313],[-71.117454866927631,42.354628048419464],[-71.117466527060031,42.354637234044638],[-71.117472666146682,42.354641599489803],[-71.117477259232729,42.35464687440232],[-71.117480931545614,42.3546514595795],[-71.117484599366918,42.354656731171914],[-71.117495298301947,42.354671858867341],[-71.117506017898222,42.354683557801835],[-71.117516750969244,42.354693197488551],[-71.117527784077566,42.354703981641514],[-71.11753820183992,42.354714763801105],[-71.117544329248474,42.354721187157914],[-71.117548916046317,42.354727376177131],[-71.117561168168464,42.354740680276116],[-71.117572807639604,42.354753296630022],[-71.117602502349641,42.354788153070125],[-71.117614732013905,42.354805115596875],[-71.117626356213691,42.354820247239608],[-71.117638624505531,42.354830806991828],[-71.117649343203496,42.354842734258703],[-71.117664645106061,42.354861535615051],[-71.117680260520629,42.354879424182336],[-71.117689749424969,42.354890889405659],[-71.117700470817894,42.354902358609962],[-71.117714544723455,42.354920241854849],[-71.117754295174763,42.354974798366555],[-71.117768654744594,42.354996342011873],[-71.117783008026194,42.355019257145422],[-71.117793395245826,42.35503484147609],[-71.117804090587597,42.355050655491802],[-71.117811110921551,42.355062340415145],[-71.117818434886061,42.355074942099989],[-71.117822096419161,42.355081128429013],[-71.117826997627347,42.355086404632296],[-71.117830043814479,42.355092817329684],[-71.117832780981146,42.355098771976699],[-71.117834896513628,42.355105867100534],[-71.117837323761549,42.355112279132094],[-71.117845872129791,42.355126485308048],[-71.117850748185148,42.355135648289838],[-71.117856548606923,42.35514527197504],[-71.117867214304297,42.355165887514318],[-71.117872990471582,42.355179397974496],[-71.117880274011895,42.355198860413942],[-71.117883870866294,42.355215793620879],[-71.117887157801931,42.355232955183844],[-71.117896496687607,42.355269345488516],[-71.117900121389781,42.355281705494733],[-71.11790955819184,42.3553016319253],[-71.117919009366958,42.355319270764248],[-71.117928465033629,42.355336223853904],[-71.117940321897052,42.3553639330975],[-71.117943956480701,42.355374692573413],[-71.117946356779157,42.355385448064446],[-71.117961862599259,42.355421858859749],[-71.117978295480768,42.355457586546294],[-71.117980703864035,42.355467198896989],[-71.117982806820123,42.355476352535383],[-71.117995848561421,42.355512068905746],[-71.118012266171547,42.355550311813602],[-71.118029303619224,42.355587871611888],[-71.118035962830419,42.355608474393058],[-71.118039578549428,42.355622435501843],[-71.118044423163767,42.355636857972542],[-71.118048074815405,42.355645102796871],[-71.118051725568719,42.355653118597289],[-71.118055087064519,42.355658160419026],[-71.118056621387012,42.355659308852367],[-71.118057531380401,42.35566182743964],[-71.118058753089173,42.355663660286041],[-71.118059660387615,42.355666407895903],[-71.118059654997737,42.35566732265945],[-71.11805963253984,42.355670981049677],[-71.118061138116261,42.355677160017827],[-71.118063199749827,42.355693174349753],[-71.118065921645155,42.355701872565213],[-71.118066797502564,42.355710108087386],[-71.118065797677644,42.355722452738725],[-71.118065722219157,42.355735029729352],[-71.11806568448992,42.355741204044385],[-71.118065651252238,42.355746691955119],[-71.118066559449005,42.355749438897504],[-71.118067766784748,42.355753787669599],[-71.11807021110063,42.355757454684621],[-71.118071427419522,42.355760202954229],[-71.118073566308226,42.355763411260149],[-71.118077244010991,42.355767082921467],[-71.118080923510391,42.355770524896286],[-71.118084600314845,42.355774195893304],[-71.118087964505591,42.355778780324393],[-71.118090414211366,42.355781303553727],[-71.118092865713777,42.355784055805309],[-71.118094076642777,42.355787718835543],[-71.118094060473112,42.355790463120861],[-71.118094039811851,42.355793893145403],[-71.118095256130758,42.355796640749574],[-71.118094007472507,42.355799152029199],[-71.118095191452042,42.355807388202415],[-71.118096381719795,42.355814481254704],[-71.118098507133766,42.355819747438971],[-71.118100033371434,42.355822497033536],[-71.118100941568187,42.35582524397266],[-71.118100926296833,42.355827759234103],[-71.118100905635558,42.355831189256612],[-71.1181021057848,42.355836681806295],[-71.118104506981553,42.355847437218252],[-71.118106600056166,42.355858191964529],[-71.118111480603105,42.355866898123132],[-71.118113914139201,42.355872393988854],[-71.118116348573622,42.355877661495938],[-71.118118799177708,42.3558804137433],[-71.118120940761344,42.355883164662856],[-71.118123705775787,42.355884774455255],[-71.11812461397254,42.355887522055511],[-71.1181331219166,42.355908130712926],[-71.118135265296885,42.35591065327322],[-71.118144822473184,42.355910685137133],[-71.11814838878486,42.3559328790164],[-71.118137597323368,42.355932843169484],[-71.118136347766793,42.355935582801663],[-71.118137391609153,42.355966913643307],[-71.118139804484017,42.355975840178694],[-71.118142217358866,42.355984767376711],[-71.118149705715069,42.356072145380068],[-71.118151113375134,42.35609433123637],[-71.118149249370887,42.356147834559664],[-71.118146634375123,42.356223517009802],[-71.118140270709645,42.356307189860367],[-71.118138638470768,42.356322277992689],[-71.118137626967766,42.356336679724116],[-71.118136322613964,42.356348337855266],[-71.118136259731898,42.356358857521073],[-71.118132387094704,42.356387429288368],[-71.118128520745728,42.356415085626253],[-71.118124876280618,42.356456919946396],[-71.118124677752931,42.356489848356169],[-71.118122941309508,42.356522086370546],[-71.11811560117529,42.356614445627677],[-71.118111764470726,42.356637071407796],[-71.118107931359418,42.356659240469021],[-71.118101464387678,42.356709069713894],[-71.118095299249873,42.35675981565835],[-71.118085456409318,42.356807116988641],[-71.118080411470686,42.356825623020356],[-71.118075672857557,42.356844358065153],[-71.11807185501759,42.356864012497226],[-71.118066799299186,42.35688434667626],[-71.118063321920715,42.356898512622323],[-71.118059540911688,42.356911992174275],[-71.118054829248024,42.356926383813231],[-71.118049801377381,42.356942145574919],[-71.118042180968828,42.356978708147004],[-71.11803486778409,42.357015499715715],[-71.118022500677583,42.357072170000876],[-71.118009250527138,42.357121976348431],[-71.11799445796936,42.35717200702716],[-71.117985700293644,42.357192558175015],[-71.117977253435043,42.357212882290391],[-71.11797223993743,42.357226129438679],[-71.117967453713604,42.357252867347896],[-71.117964895311658,42.357268180287228],[-71.117962341401309,42.357282350129687],[-71.117957295564366,42.357301083710659],[-71.117950400994559,42.357319812639354],[-71.117942909045084,42.357334879286405],[-71.117935726116073,42.35734994924897],[-71.11793071441511,42.357363195704529],[-71.117928144335082,42.357380337430392],[-71.117926754641331,42.357406172484417],[-71.117927892806804,42.357421954704101],[-71.117915571514374,42.357471079036252],[-71.117907230656954,42.357473795367802],[-71.117901351183406,42.357477434402249],[-71.117897619581711,42.357482452844103],[-71.117890463602166,42.357493176775108],[-71.117885455494459,42.357505736815995],[-71.117874503234518,42.357532455355596],[-71.117869779892757,42.357548675661029],[-71.1178659629511,42.357568100193099],[-71.11786215050104,42.357586609983613],[-71.117856123703788,42.357614488171265],[-71.117838534690549,42.357667939750563],[-71.11783164551062,42.357685752508111],[-71.117824139188102,42.35770310722986],[-71.117817865354169,42.357720923296512],[-71.117813133029244,42.35773874334101],[-71.117803450987125,42.357759291648271],[-71.117794699599614,42.357778929198908],[-71.117787495111045,42.357797655993721],[-71.117784974438351,42.357806566337651],[-71.117782758294553,42.357816391412541],[-71.117775549314402,42.357835805240903],[-71.117766795231944,42.357855671118649],[-71.11776425928791,42.357867095970306],[-71.11776297739199,42.357875095555819],[-71.117761999126657,42.357884009207837],[-71.117758224405819,42.357896345466386],[-71.117745974978604,42.357933807610017],[-71.11773846057126,42.357952534358724],[-71.117736274970184,42.357957100044203],[-71.117733782145265,42.357961436714945],[-71.117728780325763,42.357972853581664],[-71.117725020876279,42.357982673983905],[-71.117722807427441,42.35799181397973],[-71.117713131673511,42.358011219124364],[-71.117703157678918,42.358029022491273],[-71.11769350348456,42.35804499705916],[-71.117687563823907,42.358058470390851],[-71.117685070998988,42.358062805727009],[-71.117683810662641,42.358067374723518],[-71.1176825449364,42.358072631425649],[-71.117682528766721,42.358075374283544],[-71.117683739695721,42.358079037180239],[-71.11768370376312,42.358084982250958],[-71.117678597739044,42.358113549914421],[-71.11767010057477,42.358142105616395],[-71.117665065517585,42.358159011477944],[-71.117662875424941,42.358164263525772],[-71.117659142924921,42.358169738612538],[-71.117654177936345,42.358174981366105],[-71.117649519273286,42.358180454460538],[-71.117645799349717,42.35818387174232],[-71.117642385751623,42.358187520028913],[-71.117639898316597,42.358190941293117],[-71.117638633488681,42.358196196657289],[-71.11763613796883,42.358200991338649],[-71.117633612804553,42.358210586010728],[-71.117627691110201,42.358221085450587],[-71.117622989328012,42.358233875687091],[-71.117620156041596,42.358243470354154],[-71.117617938999473,42.358253296688368],[-71.117615407547021,42.35826403575534],[-71.117610410219086,42.35827453850532],[-71.11760822461801,42.358279104831219],[-71.117605429060831,42.358282524762863],[-71.117603241663119,42.358287320101411],[-71.117598596474778,42.358290734722154],[-71.117594881042763,42.358293237936401],[-71.117592089977194,42.358295972819],[-71.117589899884507,42.358301224855339],[-71.117583965613761,42.358313782079499],[-71.117578951217837,42.35832725734501],[-71.117575172903756,42.358340279228152],[-71.11756168290313,42.358378651184601],[-71.117553558539697,42.358396461085469],[-71.117538911509001,42.358422251910646],[-71.117524264478277,42.358448043389011],[-71.117519245590785,42.358462204335964],[-71.117514539317014,42.358475680897243],[-71.117512926841087,42.358487337303977],[-71.117511646741804,42.358495108461838],[-71.117510682849499,42.358501507535344],[-71.117507869326033,42.358507901961545],[-71.117501007993894,42.358520913186403],[-71.117492293437323,42.358534375795216],[-71.117480478794704,42.358550573272666],[-71.117469592111775,42.358566315376692],[-71.117462115433653,42.358579094922035],[-71.117456188349422,42.358590509021319],[-71.117451184733298,42.358601926437579],[-71.117449919007058,42.358607181103586],[-71.117448648789235,42.358613580829449],[-71.117448611059999,42.358619754861664],[-71.117447303112954,42.358632098941442],[-71.117446036488403,42.358637581953118],[-71.117443542765173,42.358642146925014],[-71.117442288717029,42.358645572811128],[-71.117440104014278,42.358649910761926],[-71.117437615680913,42.358653561012858],[-71.117433887672505,42.358658122000804],[-71.117427981249506,42.358666106218209],[-71.117424244257933,42.358672268960575],[-71.117420809998592,42.3586793464221],[-71.117414249602078,42.358693502006524],[-71.117406155781353,42.35870605118668],[-71.117398708747643,42.358714030751294],[-71.117392802324659,42.358722014961593],[-71.117389069824654,42.358727489999765],[-71.117386885121888,42.358731827281098],[-71.117384071598408,42.358738221683915],[-71.11738186443776,42.358746217839517],[-71.117379345561702,42.358754899037336],[-71.117375543891413,42.358771808053085],[-71.117366088224742,42.358805849108073],[-71.117364529647716,42.358808358939818],[-71.117362350334844,42.358812010509169],[-71.117361111558068,42.358812921244109],[-71.117358633106193,42.358814742713996],[-71.117357389837835,42.358816339155254],[-71.117354907792702,42.358819074678905],[-71.117352430239166,42.358820896148565],[-71.117351494194637,42.358822493253541],[-71.117349941905829,42.358824546389613],[-71.117348693247578,42.358827057548233],[-71.117347757203049,42.358828883664302],[-71.117347741033385,42.358831627816755],[-71.117347731151909,42.358833228904231],[-71.11734771408392,42.358835972392733],[-71.117347697914241,42.358838716544938],[-71.11734766018499,42.358844890555041],[-71.117347626947335,42.358850378858492],[-71.117344808033977,42.35885745829134],[-71.117342619737954,42.358862710280796],[-71.117340130506292,42.358866132172004],[-71.11733420881194,42.358876860513469],[-71.11733169802072,42.358883940607143],[-71.117329192619408,42.35889033499447],[-71.11732793857125,42.358893760866998],[-71.117327917011693,42.358897419733211],[-71.117329127940693,42.358901082581987],[-71.117329101889538,42.358905427153154],[-71.117330314615174,42.358908861654257],[-71.117330292157291,42.358912520519588],[-71.117330275089301,42.358915264004636],[-71.117330253529744,42.358918922869599],[-71.117330236461768,42.35892166701813],[-71.117328982413611,42.358925092889002],[-71.117327734653699,42.358927604043551],[-71.117325252608566,42.358930340226173],[-71.117323070600733,42.358933991124616],[-71.117319349778811,42.358937409029188],[-71.117317179449103,42.35893946017012],[-71.117313453237301,42.358943792126489],[-71.117309734212029,42.358947210030522],[-71.117307244980367,42.35895086092799],[-71.117303506192158,42.358957251989501],[-71.117302544096475,42.358963192994338],[-71.117299732369659,42.358969587373601],[-71.117298763985772,42.35897667343098],[-71.117298727154861,42.358982847427519],[-71.117298682239081,42.35899016382173],[-71.117292608729429,42.359025817789373],[-71.117285995332324,42.359048663082348],[-71.117278767487548,42.359071049018674],[-71.117274079180078,42.359081552297575],[-71.117269081852157,42.359092281929868],[-71.11726187017706,42.35911215338453],[-71.117252109083182,42.3591457362349],[-71.117243584969444,42.359178636683858],[-71.117239812943552,42.359190286322175],[-71.117234811124064,42.359201703629481],[-71.117228805886398,42.359225922917553],[-71.11722126273294,42.359249907212387],[-71.117217810507313,42.359259730070242],[-71.117212820365907,42.35926931727888],[-71.117206544735339,42.359287132901478],[-71.117203024237739,42.359308616654452],[-71.117199198312932,42.359329184362224],[-71.117195440660112,42.359338776206862],[-71.117193222719663,42.359348601705996],[-71.11718433658487,42.359390647815253],[-71.117183344844818,42.359401392662008],[-71.117184104819543,42.359428835922984],[-71.117187642385133,42.35945560210191],[-71.117188800313528,42.35946795464681],[-71.117190017530731,42.359470703417948],[-71.117190926625796,42.359473449533795],[-71.117192451066842,42.359476198968501],[-71.117194593548803,42.359478721385578],[-71.11719826586166,42.359483306873976],[-71.117214840676979,42.359495710525579],[-71.117233031561483,42.359495770930792],[-71.117230776790123,42.359511771677511],[-71.117222919226336,42.359587435472875],[-71.117215180240166,42.359694429487966],[-71.117214484045817,42.359809449875506],[-71.117218689059655,42.359929745849207],[-71.117223018041017,42.359978696963438],[-71.117229694320201,42.360047321389615],[-71.117238841864747,42.360115267350345],[-71.117266683350337,42.360304015627584],[-71.117281403144588,42.360419086674469],[-71.117308198092871,42.360576961529723],[-71.117315021695788,42.36062157498916],[-71.117336964843233,42.360765942070799],[-71.117356539133269,42.360894292499445],[-71.117345947996071,42.360911865382057],[-71.117305036921394,42.36094671575114],[-71.117136376430167,42.360997606295953],[-71.117208329687799,42.361183299217288],[-71.117209493006101,42.361194965742094],[-71.117211016548822,42.361197714437694],[-71.117211916660722,42.361202062168957],[-71.117223887610223,42.361210791483138],[-71.117244431182442,42.361229839850076],[-71.1172572950573,42.361244290239945],[-71.117267999382236,42.361258502331232],[-71.117281157904515,42.361275239419307],[-71.117294286782396,42.361296778249567],[-71.117302820777581,42.361313042719956],[-71.117310743020084,42.361328848518028],[-71.117323860219855,42.36135198768946],[-71.117331195862477,42.361362760079366],[-71.117336983707858,42.361374441837668],[-71.117341845390172,42.361386120274972],[-71.117354819757821,42.361433270101443],[-71.117359298757833,42.361457523045615],[-71.117368441810783,42.361526156477069],[-71.117374216181418,42.361591118512735],[-71.11737968692151,42.361655166468637],[-71.117381980320445,42.361683757068519],[-71.11738791369288,42.361722194024011],[-71.117395776646561,42.361747832144566],[-71.117403013474501,42.361774838947809],[-71.117409934095448,42.361803218414551],[-71.117412567955853,42.361826551895632],[-71.117416137860801,42.361847830339521],[-71.117441551200187,42.361979630149357],[-71.117450806542564,42.362029740595133],[-71.117461297068445,42.362079625984109],[-71.117462113637032,42.362097465369274],[-71.117463553636426,42.362114392070964],[-71.1174703808326,42.362158091097221],[-71.11747751704921,42.362201792084406],[-71.117478642638261,42.36221963143484],[-71.117478529450537,42.36223838212932],[-71.117483015637063,42.362261264752689],[-71.117487802759214,42.362285520696034],[-71.11748982037534,42.36230885200672],[-71.11749214701193,42.36233195563775],[-71.117495744764639,42.362348889577696],[-71.117498114520359,42.36236490420066],[-71.117510875987293,42.362447040228538],[-71.117516326066124,42.362514745967516],[-71.11752177614494,42.362582222635915],[-71.11752443695481,42.362601210848574],[-71.117531080894665,42.362624328974839],[-71.117538330298999,42.362649279735258],[-71.117544349909707,42.362673538847609],[-71.117547841661235,42.362708078927483],[-71.117552256880856,42.362742853295458],[-71.117555551901319,42.362758871136812],[-71.117557916267131,42.362775800979129],[-71.117560274344768,42.362793644812967],[-71.117562579421786,42.362820407567234],[-71.11756458356318,42.362846025326924],[-71.117566027155846,42.362862266164747],[-71.117568088789412,42.36287827999314],[-71.117570712768355,42.362903214058726],[-71.11757272050302,42.36292814612316],[-71.117575116309894,42.36293981630655],[-71.117577204892925,42.362951485824055],[-71.117579882770769,42.362967501620957],[-71.117581943506053,42.362983744418635],[-71.117586716255147,42.363010286060991],[-71.117591168305694,42.363038886000531],[-71.117593831810524,42.363057416747218],[-71.117593712334568,42.363077081847365],[-71.117594524411601,42.363095835604739],[-71.117595655390545,42.36311276203746],[-71.117606060576477,42.363176825036092],[-71.117613228234134,42.363215266388224],[-71.11762132295317,42.363253481376667],[-71.117624590125843,42.363274073015837],[-71.117629194889986,42.363328512091996],[-71.117629066430908,42.363349778079623],[-71.117628969412849,42.363365785146208],[-71.117627643499489,42.36338110190588],[-71.117628796038005,42.363394368993902],[-71.117628715189625,42.363407860427436],[-71.117628638832826,42.363420436543628],[-71.117626093007317,42.363433462681272],[-71.117623582216098,42.363440771919727],[-71.117621381343653,42.363447853490392],[-71.117615446174568,42.36346041101357],[-71.117608896557826,42.363472738212323],[-71.117601697459136,42.363490549988157],[-71.117599165108359,42.363501290151291],[-71.117595708391136,42.363512025002628],[-71.117591003015676,42.363525272814186],[-71.117583506574633,42.363541254613544],[-71.117574781238289,42.363556318441333],[-71.11756883708604,42.36357047690958],[-71.117562884848979,42.363586006683271],[-71.117554146037904,42.363603357120439],[-71.117546020776146,42.363621165540437],[-71.117539452294793,42.36363669463789],[-71.117527483141956,42.36367827192548],[-71.117514900439758,42.363719392526122],[-71.117501719459597,42.363757536850613],[-71.117488233950553,42.363794994172352],[-71.11747942866414,42.363823320290521],[-71.117478388415023,42.363842296844389],[-71.117475505721288,42.363860123781606],[-71.117460724841607,42.363958861478594],[-71.117454386328973,42.363987195487866],[-71.117452183659893,42.363994505989361],[-71.117449690834974,42.363998842243419],[-71.117447511522087,42.364002265182442],[-71.117442522279006,42.36401139633773],[-71.117438786185744,42.364017328235981],[-71.117436588906557,42.364023724755889],[-71.117435008769959,42.36403012193886],[-71.117431547561168,42.364041545004163],[-71.117429936881877,42.364052972713587],[-71.117428941548525,42.364064630740671],[-71.117427637194751,42.364076290093053],[-71.117429724879472,42.364087958071948],[-71.117432431503431,42.364099401039091],[-71.11743447247575,42.364118846113506],[-71.117470714107569,42.364295501577693],[-71.117472834131647,42.364301911344064],[-71.117479240017929,42.364313366883358],[-71.117482598818768,42.364318865992843],[-71.117485039541407,42.364323218818065],[-71.117488680413246,42.364333064113787],[-71.117490780674387,42.364342675106833],[-71.117496573909648,42.364353441674041],[-71.117498099249019,42.364356190895158],[-71.117500224662962,42.364361686018412],[-71.117501431998704,42.36436603485825],[-71.117502898947578,42.36437838842901],[-71.117503699346486,42.364398971734595],[-71.117503638261041,42.364409032734535],[-71.117503579870544,42.364418637078529],[-71.117506004423504,42.364425733805049],[-71.117507194691257,42.364432826548295],[-71.117512085119657,42.364439931901842],[-71.117520052277911,42.364448190837223],[-71.117529865474083,42.364457141390005],[-71.11754764762513,42.364474123210243],[-71.117559593421774,42.364487425245727],[-71.11756418560951,42.364492929649884],[-71.11756784804092,42.364499115715454],[-71.117571499692545,42.364507131713914],[-71.117575156734077,42.364514232412894],[-71.117578461636,42.364528650187779],[-71.117583127485588,42.364573027868545],[-71.117585322968154,42.364617854869643],[-71.117586390166693,42.364645299170952],[-71.117581129632399,42.364699477537087],[-71.117577217469332,42.364734451251849],[-71.117572381838173,42.364769193302571],[-71.117572317159443,42.36477994054826],[-71.117571014602305,42.364791370114581],[-71.117568732881466,42.364811714339332],[-71.117565822339955,42.36483411547961],[-71.117564714717219,42.364864296938052],[-71.11756329268411,42.364895620009214],[-71.117560695654632,42.364917106490672],[-71.11755463382309,42.364950700840637],[-71.117545745891675,42.364992747847246],[-71.117537507442194,42.36502930706245],[-71.117526203042672,42.365062885422759],[-71.117516124843505,42.365097838359432],[-71.117512961875363,42.365110862821851],[-71.117512945705712,42.365113606699964],[-71.117512923247816,42.365117265203992],[-71.117512907078151,42.36512000908187],[-71.11751381527489,42.365122756278254],[-71.11751380000355,42.365125271831289],[-71.117515012729172,42.365128705992461],[-71.117517440875375,42.365135115673873],[-71.117520806862757,42.365139472424914],[-71.117524473785735,42.365144972789579],[-71.117529380383814,42.365149334186107],[-71.117539782874815,42.365162860420668],[-71.117552008945836,42.365180737426904],[-71.117555365051729,42.365186694436666],[-71.11755901041515,42.365195853296591],[-71.11756141790012,42.365205694473133],[-71.117564721903733,42.36522011142565],[-71.117566152021652,42.365238638874054],[-71.117566774554163,42.365288720171229],[-71.117566619145606,42.36531433161462],[-71.117565575303246,42.365333993353403],[-71.117561730513842,42.365357991909981],[-71.11755287492177,42.365394549585154],[-71.117543096759903,42.365430876924378],[-71.117540860853168,42.365443674321746],[-71.117539163935589,42.365469281055866],[-71.117537661054115,42.365513867147172],[-71.117538769575162,42.365534451408124],[-71.117542244258686,42.36557173642823],[-71.117545771942815,42.365600331883158],[-71.117551506787592,42.365620932045296],[-71.11755630558784,42.365643129132287],[-71.117573966466324,42.365731226461044],[-71.117577563320722,42.365748389134559],[-71.117579613276192,42.365766233451517],[-71.117590173870667,42.365804684502628],[-71.117599503773206,42.365842675567613],[-71.117610311404405,42.365891190653116],[-71.117620744438113,42.365950679077095],[-71.117625209065068,42.365977221457193],[-71.117636431717912,42.366110117041103],[-71.117636409260029,42.36611377615079],[-71.117638670319607,42.366147855706394],[-71.117636935672792,42.366179864427323],[-71.11763596189904,42.366187864282004],[-71.117633425954978,42.366199289609867],[-71.117630926841855,42.366204540985592],[-71.117629654827411,42.366210939273955],[-71.117629621589742,42.366216428261481],[-71.117629595538602,42.366220772990566],[-71.117630808264238,42.366224206428129],[-71.117632013803359,42.366228784787005],[-71.117634443746198,42.366234966699338],[-71.117635634013965,42.366242058574642],[-71.117636543109015,42.366244805721962],[-71.117636520651146,42.366248465487516],[-71.117636484718517,42.366254409785341],[-71.11763552621612,42.366259896114187],[-71.117634264981461,42.36626446451465],[-71.11763299835691,42.366269948187721],[-71.117632977695649,42.366273378303923],[-71.117632929186627,42.366281381465313],[-71.117632893254012,42.366287327087434],[-71.117634088013347,42.366293734659436],[-71.117635282772667,42.366300140239638],[-71.117638936220942,42.366307928351773],[-71.117642589669188,42.366315943455703],[-71.117649268643333,42.366333115925258],[-71.117652899633697,42.366344561802073],[-71.117656525234182,42.366357151268602],[-71.117658915651162,42.366369507766443],[-71.117661258457417,42.366390096393111],[-71.11766116772759,42.366405188077849],[-71.117661068912909,42.366421423349593],[-71.117662196298568,42.366439035173258],[-71.117663020053698,42.366455960041534],[-71.117662955374996,42.366466706998722],[-71.117661960041659,42.366478137585624],[-71.117663859978492,42.366521134016345],[-71.117667305915916,42.366562992803097],[-71.117669655010374,42.366582437778675],[-71.117672982370195,42.366593196661114],[-71.117675384465272,42.366603952223159],[-71.117679028930368,42.366613110876465],[-71.117682390426168,42.366618153146277],[-71.117683910375632,42.366621817536107],[-71.117686051959268,42.366624567985468],[-71.117687263786578,42.366628231047514],[-71.117689726068775,42.366628925960683],[-71.117691872143993,42.366630990124875],[-71.117694638955072,42.366632600305671],[-71.117696792216805,42.36663329389139],[-71.117699246414162,42.366635359382897],[-71.117702937591659,42.366636972218444],[-71.117705397178909,42.366638123769697],[-71.117707860359431,42.366638818019069],[-71.117710012722853,42.36663973992377],[-71.117712778635592,42.366641578423433],[-71.11771492471081,42.366643414931858],[-71.117717380704804,42.366645253431422],[-71.117718604210225,42.366646857638379],[-71.117720745793847,42.366649608750329],[-71.117723186516486,42.366653961414059],[-71.117739590651894,42.366694949314663],[-71.117751676585726,42.366736149578095],[-71.117754982385961,42.366750566843066],[-71.117758602596552,42.366763614192926],[-71.117763140885373,42.366778036097649],[-71.117769227869729,42.366791319061221],[-71.117771651524365,42.366798644501969],[-71.117771630863118,42.366802073925619],[-71.117771614693453,42.366804818393589],[-71.117772810351099,42.366810996930653],[-71.117775191784915,42.366825182541483],[-71.117780958070711,42.366840523015277],[-71.117787959540053,42.366855638485589],[-71.11779885071455,42.366890204142351],[-71.11781032309905,42.366930717332423],[-71.117813020739831,42.366943760662565],[-71.11781508057679,42.366960003095954],[-71.117816216945627,42.366976013888738],[-71.117819811105065,42.366993862503023],[-71.117824328732624,42.367011715094492],[-71.117834944124354,42.367041019404283],[-71.117837376762139,42.36704651562016],[-71.117840738257925,42.367051786172738],[-71.117844399791025,42.367058200967705],[-71.11785297061715,42.367068748707666],[-71.117864515765177,42.367097371357119],[-71.117871798407208,42.367116833423886],[-71.117878766638853,42.367137436407312],[-71.117883638202656,42.367147513561505],[-71.117888207034184,42.367157133415972],[-71.117893075903012,42.367167668528822],[-71.117896712283297,42.36717842930215],[-71.117900373816383,42.367184843420453],[-71.117906180526376,42.367193551992024],[-71.117908625740597,42.367197219003131],[-71.117911059276693,42.367202715869063],[-71.117913492812789,42.367207983753687],[-71.117914699250207,42.367212560049794],[-71.117915593073931,42.367217822623914],[-71.117915567022777,42.367222167283749],[-71.117915517615444,42.367230399968619],[-71.117916707883197,42.367237493058944],[-71.117918223341078,42.367241843027102],[-71.117919126147939,42.367245503398301],[-71.117921258748424,42.367249856684481],[-71.117924024661178,42.367251466185692],[-71.117926166244814,42.367254217271153],[-71.117928615052278,42.367256969020225],[-71.11793565964075,42.367264996613606],[-71.117947887508407,42.367282873685369],[-71.117955800767731,42.36730005053662],[-71.117962168924777,42.367317908350806],[-71.117977378300864,42.367352487027404],[-71.118008173447109,42.367410444879411],[-71.118012744075273,42.367419606733691],[-71.118017625520537,42.367428312617882],[-71.118022487202836,42.367440219573481],[-71.11802704255966,42.367451668567128],[-71.118034353049438,42.367466785881511],[-71.118041359908645,42.367480985945861],[-71.118046233269069,42.36749106370867],[-71.118049875039233,42.367500680191966],[-71.118060214648139,42.367524725044198],[-71.118068757626503,42.367539846986986],[-71.118077305096421,42.367554280660251],[-71.118084002935177,42.367568481368544],[-71.118090084529655,42.36758267875507],[-71.118099546484544,42.36759894558044],[-71.118117599926805,42.36762210235387],[-71.118135334467155,42.367647085642268],[-71.118154594346834,42.367674819324044],[-71.118173535324601,42.367704380842852],[-71.118223396314448,42.367771090666331],[-71.118235331331334,42.367786222505373],[-71.118248497040128,42.367801816280171],[-71.118266556770593,42.367824057728534],[-71.118274808694807,42.367836433185282],[-71.118281831723692,42.367847890071232],[-71.11828917724776,42.367857061153543],[-71.118305717028775,42.36787563892959],[-71.118321330646722,42.367894441696109],[-71.118336641532437,42.367912329208046],[-71.118348868501755,42.367930206759304],[-71.118355576221987,42.367942805199881],[-71.118362880423561,42.367958837644395],[-71.118371521318281,42.367957950271673],[-71.118364087759318,42.367963185571455],[-71.11838206214982,42.367999832658029],[-71.118398486946489,42.368037389660799],[-71.118407911172142,42.368059602486525],[-71.118411541264194,42.368071277026338],[-71.118412737820165,42.368077455438836],[-71.118415165966368,42.368083865483101],[-71.118418835584308,42.368089137939798],[-71.118420052801497,42.368091885006393],[-71.118422193486836,42.368094636055062],[-71.118426792861086,42.368098995919425],[-71.118429538112593,42.368104265056324],[-71.118432892421865,42.368110450102634],[-71.118436566531386,42.368114807311052],[-71.118440232556054,42.368120308078865],[-71.118444831930304,42.368124896255111],[-71.118446968124061,42.368128334234541],[-71.118512935906935,42.368183663110898],[-71.118526140243304,42.368192852727866],[-71.118532285618173,42.368196532954748],[-71.118536893077248,42.368199291963236],[-71.118542743804696,42.368200912059379],[-71.118547673758982,42.368201614919556],[-71.118565838592346,42.368206477198676],[-71.118581241106199,42.368209043733287],[-71.118598185129088,42.368211843890734],[-71.118606510715139,42.368211871102517],[-71.118614837199516,42.368211898977961],[-71.118623480789168,42.368210098355298],[-71.118633052338524,42.36820830038733],[-71.118642628379462,42.36820558717465],[-71.118663006661677,42.368201310944137],[-71.118670104250725,42.3682004189289],[-71.118677516250145,42.368198614323681],[-71.118682443509471,42.368199774474462],[-71.118686143670132,42.368199787084812],[-71.118688302321772,42.368199794385504],[-71.118691998889162,42.368200491272439],[-71.118694157540773,42.368200498573124],[-71.118697861294692,42.368199826243192],[-71.118700637088921,42.368199834871312],[-71.118702802028764,42.368198697950092],[-71.118706508477615,42.368197796643024],[-71.118708670722512,42.368197117676033],[-71.118711143784481,42.368196211059342],[-71.118712387951163,42.368194385215524],[-71.118714865504728,42.368192564017548],[-71.118717343956575,42.368190743483233],[-71.118730646209301,42.368183698950823],[-71.118737765357935,42.368179377587055],[-71.118741470908489,42.368178474952295],[-71.118745178255651,42.368177343340342],[-71.118753205601038,42.368175770366442],[-71.118761850987326,42.368173969079031],[-71.118783450978341,42.368171525327881],[-71.118809983618561,42.368169555460014],[-71.118818309204627,42.368169583335479],[-71.118823237362264,42.368170513182179],[-71.118829089886347,42.368171676651947],[-71.118834944207066,42.368172381503598],[-71.118851893619834,42.368174267744926],[-71.118868528622258,42.368177067240261],[-71.118878396615656,42.36817709976166],[-71.118886732981494,42.368175297810581],[-71.118904916679483,42.368177187370335],[-71.118917873080832,42.368176315929524],[-71.118931122332953,42.368177959255831],[-71.11896845002795,42.368175568601011],[-71.119005460617657,42.368174776804437],[-71.119030740108059,42.368175775012389],[-71.119056320534085,42.368178374069608],[-71.119072960028106,42.368180487960544],[-71.119088361643648,42.368183282145992],[-71.119104386689997,42.368184936754993],[-71.119119794593743,42.368186817686336],[-71.119147212972862,42.368191253206327],[-71.119164156097426,42.368194052037182],[-71.119174926897699,42.368197747529102],[-71.119187235613708,42.368202131943256],[-71.119215881989817,42.368207486689045],[-71.119243282402593,42.368214667277655],[-71.119260217442346,42.368219066955774],[-71.119275905620455,42.368225522780982],[-71.119290064865964,42.368229914493888],[-71.119303615952035,42.368232703367532],[-71.119311617246268,42.36823547365735],[-71.119320241971323,42.368237103044393],[-71.119335631010443,42.368241956028932],[-71.119352570541764,42.368245442452128],[-71.119369211832378,42.368247326700185],[-71.119382460186202,42.368249199665257],[-71.119396022950369,42.368250159377297],[-71.119413584115847,42.368252960860325],[-71.119420979945588,42.36825367234804],[-71.119429604670628,42.368255301070889],[-71.119450817487746,42.368266119399955],[-71.11946065224349,42.368271640065551],[-71.119462804606897,42.368272561282566],[-71.119464343420972,42.368273252859083],[-71.119466493987773,42.368274403052951],[-71.119467409371055,42.368276007218313],[-71.11947018606358,42.368276015846426],[-71.119473880834363,42.368276943036697],[-71.119477264788031,42.368278097876441],[-71.119483432620768,42.368278117787462],[-71.119489288738109,42.368278823301623],[-71.119495147550396,42.368278842548932],[-71.119501318078079,42.368278176856855],[-71.119505943503484,42.368278192785702],[-71.119512432034767,42.368276155887337],[-71.119521994600959,42.368275501478145],[-71.119531258028189,42.368273473871518],[-71.119548231695475,42.368271243172316],[-71.119559961896471,42.36826922352995],[-71.119573531847138,42.368269267997938],[-71.119585556695526,42.368269307819986],[-71.119588944242466,42.368270235010407],[-71.119593876891699,42.368270250939197],[-71.119604978271965,42.368270288106494],[-71.119615469696186,42.368269406711434],[-71.119635824622208,42.36826878880575],[-71.119654015506697,42.36826953414208],[-71.119661102315973,42.368270473279061],[-71.119666950348488,42.368272322350201],[-71.119680193312391,42.36827510989454],[-71.119704219652974,42.368279534125328],[-71.119729476685507,42.368284191314871],[-71.119739042844984,42.368283307928969],[-71.119743977290838,42.368283324521478],[-71.119747677451471,42.368283336468103],[-71.119753536263758,42.368283355715405],[-71.11975847430287,42.368282457728071],[-71.119763106914817,42.368281558413251],[-71.11977885528006,42.368277951862225],[-71.11979678295819,42.368270921941004],[-71.119816247653745,42.368264811245012],[-71.119837561980503,42.368258707849208],[-71.119860722345152,42.368253296693162],[-71.119912575798296,42.36824546435426],[-71.119944668111813,42.36824191222464],[-71.119978306425963,42.36823767847352],[-71.120003918293023,42.368235019021881],[-71.120027995837575,42.368230753412583],[-71.12006039627326,42.368227201945849],[-71.120109453270913,42.368223019298725],[-71.120158811204206,42.368219751895808],[-71.120226080645935,42.368212656925301],[-71.120245522883621,42.368209975570487],[-71.120263417324097,42.368208435118788],[-71.12029735926879,42.36820511727381],[-71.1203152447261,42.368205176343288],[-71.12032603349266,42.368205897123374],[-71.12033558617739,42.368206844225767],[-71.120346369554071,42.368208709227595],[-71.120357156523994,42.368209658984753],[-71.120364557743613,42.368209683541728],[-71.120371655332676,42.36820879219033],[-71.120377521331477,42.368207668543334],[-71.120383696350729,42.368206086942074],[-71.120389875861562,42.368204278354789],[-71.120395749945232,42.368201782836088],[-71.120401620435615,42.368199972257585],[-71.120407804438017,42.368197249088993],[-71.120413971372443,42.368197269663746],[-71.120418596797847,42.368197284928904],[-71.12042445561012,42.368197304176284],[-71.120441113070441,42.36819644468239],[-71.120452230620401,42.36819373744251],[-71.120464265350265,42.368192176415668],[-71.120479689423689,42.368191312275798],[-71.120482466116243,42.368191321567643],[-71.120484623869544,42.368191328868328],[-71.120487091541619,42.368191336832744],[-71.120488324928502,42.368191340814974],[-71.120490791702295,42.368191348779376],[-71.120492950353906,42.368191356080125],[-71.120494190029007,42.368190217167658],[-71.120496657701082,42.368190225132068],[-71.120497894681236,42.368189542846473],[-71.120499137949594,42.368187945315938],[-71.120501611909873,42.368186811049355],[-71.120502850686648,42.368185900450236],[-71.120503779544663,42.36818521750093],[-71.120505338121689,42.36818247906659],[-71.120507502163193,42.368181571122207],[-71.120514924942398,42.368177936026264],[-71.120525738861787,42.368174542517593],[-71.120537478045918,42.368170921358967],[-71.120546128822113,42.368168206817238],[-71.120555697676494,42.368166637161679],[-71.120564343062796,42.368164835873955],[-71.120570201875083,42.368164855785011],[-71.120575136320937,42.368164871713887],[-71.120584695293886,42.368164903571596],[-71.120593017286666,42.36816561771515],[-71.12060287809355,42.368166792467946],[-71.120610885675987,42.368168420529337],[-71.120619508604406,42.368170507208859],[-71.120627825207308,42.368172134606446],[-71.120638622058706,42.368171255201148],[-71.120648181929965,42.368171287058843],[-71.120657745394453,42.368170633312275],[-71.120687977297052,42.368168674727265],[-71.120752750320605,42.368166144694648],[-71.120766010352511,42.368166187835271],[-71.120779270384418,42.36816623163962],[-71.120803328166048,42.368165624352137],[-71.120827385947663,42.368164790078524],[-71.120852665438065,42.368165786959196],[-71.12087671513487,42.368166552871465],[-71.120902926178218,42.368166639152768],[-71.120919889964043,42.368166008635725],[-71.120928529062127,42.368165123257022],[-71.120936568983936,42.368161490814877],[-71.12094614502486,42.368158778263876],[-71.120954795801055,42.368156061730538],[-71.120989697146456,42.368146572778393],[-71.121012550287276,42.368141160949023],[-71.121043737997326,42.368134174816831],[-71.121073675252475,42.368129928448077],[-71.121115952664695,42.368124807982703],[-71.121161294230333,42.368123128151382],[-71.121207256531861,42.368120534401491],[-71.121221749950649,42.368120582188048],[-71.121228842149819,42.368120605417644],[-71.121236243369452,42.368120629974662],[-71.121243340958515,42.368119738621985],[-71.121250745771391,42.368119078237839],[-71.121264947237734,42.368116379622762],[-71.121309362640318,42.368114696472695],[-71.121340509027846,42.368114799346628],[-71.12138489837929,42.368117460794444],[-71.121430831036406,42.368119670924301],[-71.121447489395038,42.368118810765679],[-71.121460756613459,42.368117710346617],[-71.121474019340312,42.36811706788243],[-71.121483899011807,42.368115271239226],[-71.121486993707975,42.368113452030101],[-71.121491931747087,42.368112553376626],[-71.121499350034696,42.368109834850145],[-71.121507988234484,42.368109176457025],[-71.121514788481164,42.368106454611876],[-71.121540084141259,42.368104937387294],[-71.12156660959495,42.368103882099795],[-71.12160731495544,42.368104015504052],[-71.121680694737734,42.368106085593155],[-71.121714297119254,42.368107797946358],[-71.121754047570576,42.368112730585239],[-71.121792242139819,42.368119945033492],[-71.121807947385946,42.368123654467567],[-71.121824886917253,42.368127141561004],[-71.121845217588756,42.368130866259769],[-71.121866787935375,42.368133453372195],[-71.121878802902287,42.368135321031055],[-71.121890807089429,42.368139020508615],[-71.121908677275371,42.368141823324031],[-71.121925941996821,42.36814256467963],[-71.121943512145478,42.368143537667372],[-71.121953067525141,42.368144255793354],[-71.121959218289888,42.368147018786374],[-71.121965389715896,42.368146354420325],[-71.121977086679209,42.368149821601442],[-71.122007285344111,42.368153580811374],[-71.122038724582424,42.368156199780621],[-71.122054122604709,42.368159679571491],[-71.122070752217255,42.368163393649112],[-71.122120355390621,42.368170645258914],[-71.122129908075337,42.368171819347943],[-71.122135766887624,42.368171838595288],[-71.122141625699911,42.368171857842633],[-71.122155201040485,42.368170760079337],[-71.122163219402708,42.368170785963727],[-71.122195884841403,42.368174552473143],[-71.122229463866717,42.368180150799944],[-71.122253490207299,42.368184574373707],[-71.12226519166218,42.368187356612339],[-71.122277510259664,42.36819014150565],[-71.122297847219386,42.368192723306024],[-71.122316945402332,42.368196216368951],[-71.122330188366263,42.368199003916665],[-71.122343744842212,42.368201105860273],[-71.122372093875953,42.368204628789314],[-71.12240229164253,42.368208387332302],[-71.122445730576416,42.368215619025811],[-71.122488538892966,42.368224677888904],[-71.122511321066895,42.368230926638681],[-71.122533172586159,42.368238087313578],[-71.122541492782332,42.368239029105844],[-71.122549809385234,42.368240657165359],[-71.122603688539343,42.368255240674095],[-71.122656630750598,42.368271421044199],[-71.122763400912021,42.368311103054026],[-71.12284493829543,42.36834155495918],[-71.122927701879163,42.36837315438688],[-71.122940925978469,42.368379143615222],[-71.123053521714496,42.368424332935163],[-71.123177747040188,42.368484193950202],[-71.12319495337114,42.368494998965829],[-71.123210317257445,42.368504195174253],[-71.123227079820651,42.368537180322058],[-71.123238979803205,42.368558485695885],[-71.123243536058339,42.368570162134105],[-71.123250569867025,42.36858001871078],[-71.123255453108911,42.368588723770436],[-71.123262803124561,42.368596979505625],[-71.123269541387501,42.368605006264104],[-71.123276883318312,42.368614633859728],[-71.12328672526057,42.368619239919703],[-71.123295014015696,42.36862544150771],[-71.123312845574077,42.368634418013237],[-71.123322404547025,42.368634449207043],[-71.123509306228414,42.368733847742405],[-71.123522824975126,42.368742124033091],[-71.123535740053953,42.368748340873992],[-71.123549888519676,42.368754561032709],[-71.123564364870489,42.368757352537841],[-71.123580077303117,42.368759919713604],[-71.123595791532381,42.368762028939116],[-71.123612435517984,42.36876368419658],[-71.123628160527019,42.368763735301187],[-71.123662703444637,42.368762934220278],[-71.123696634609544,42.368761444223047],[-71.123739833693236,42.368757012061806],[-71.12378303098032,42.36875257990026],[-71.123895000590593,42.368747915444814],[-71.12399829966175,42.368748938864087],[-71.124045154888648,42.36875183656079],[-71.1240907677455,42.368756329782414],[-71.124133892269043,42.36876447465837],[-71.124177005114475,42.368774448678707],[-71.124294606263263,42.368807761550144],[-71.124434968924717,42.368851210353718],[-71.12457162154405,42.368896019700827],[-71.124691640957579,42.368937571605869],[-71.12480796739699,42.36897796865658],[-71.124854708537853,42.369000302605571],[-71.124858079016803,42.369003972829724],[-71.124862996394668,42.369006733130163],[-71.124866682182287,42.369009259810447],[-71.124871291437998,42.369012019446942],[-71.124876208815863,42.369014779747069],[-71.124881133380256,42.36901639650366],[-71.124885738144414,42.369020070045352],[-71.124890670793619,42.369020086637661],[-71.12489651882612,42.369021935023028],[-71.124901447882081,42.369022864857108],[-71.124907614816522,42.369022884767887],[-71.124913479916998,42.369021990109545],[-71.124915643958531,42.369021082177362],[-71.124918418854435,42.369021091469079],[-71.12492057750606,42.369021098769679],[-71.124923044279839,42.369021106734024],[-71.124925511053604,42.369021114698334],[-71.124932897001869,42.369023653988222],[-71.124939661315963,42.369027334830086],[-71.1249470400777,42.369030789352387],[-71.124953180062661,42.369035611082062],[-71.124959013722133,42.369039974863298],[-71.124969759369563,42.369048013511602],[-71.124978032853321,42.369056729789172],[-71.124986608171014,42.369066590935375],[-71.125014201721612,42.369093664280257],[-71.12507861272411,42.369152643274774],[-71.125154107140574,42.369214401752252],[-71.125188800076842,42.369240126413708],[-71.125223174111198,42.369268136151156],[-71.125255703904273,42.369294768718838],[-71.125283904715999,42.369323444112879],[-71.125333129698603,42.369394950689909],[-71.125399412790173,42.369502184850894],[-71.125429647387676,42.369551906348931],[-71.125457717045364,42.369602762712333],[-71.125460482059808,42.369604601125275],[-71.125260484738206,42.369684899896598],[-71.125590492535935,42.370146750732864],[-71.125643334135887,42.37012839994388],[-71.125558990415541,42.369998697210995],[-71.125703347885079,42.369940625602382],[-71.125728737868272,42.369975238674165],[-71.125796753810008,42.370050234814364],[-71.125835064261921,42.370090606593251],[-71.125874304470159,42.370129837477862],[-71.125907648136888,42.370175451621556],[-71.125939763806613,42.370220147198346],[-71.126015076763395,42.370313004654591],[-71.12605644418224,42.370357731326408],[-71.126098429641971,42.370402457966414],[-71.126172199293109,42.370495309843676],[-71.126243808495971,42.370589070156974],[-71.126322741663373,42.370695430873504],[-71.126354812417333,42.370748129336242],[-71.126383171332535,42.370802417254822],[-71.126406934466743,42.370851658551089],[-71.126426073073887,42.370900657568058],[-71.126435432620823,42.37093453144287],[-71.126441092007099,42.370968393353301],[-71.126444387925886,42.371037005775939],[-71.126446649883775,42.371071771551691],[-71.126447682048024,42.371105618123686],[-71.126448811230347,42.371123458264194],[-71.126462232959014,42.37125270206991],[-71.126473859853718,42.371320656486205],[-71.126487948132322,42.371389303698471],[-71.126489177925947,42.371389993913311],[-71.12651511498315,42.371488864454918],[-71.126517544925989,42.371495274814748],[-71.126519661356795,42.37150237074183],[-71.126523266296033,42.371518617969464],[-71.126526877523489,42.371533722359139],[-71.126545900247947,42.371602385930153],[-71.126552570238914,42.37162184527385],[-71.126554999283456,42.37162825562006],[-71.126579941007321,42.371686876510296],[-71.126584799994689,42.371699697852449],[-71.12658965718542,42.371712748156376],[-71.126597584817802,42.371728094736866],[-71.126604890816026,42.371744125551572],[-71.126609741718553,42.371758320003366],[-71.12661551159762,42.37177343030833],[-71.126641717251076,42.371827025139673],[-71.1266487411783,42.371838710261599],[-71.126655754325725,42.371852225100852],[-71.126661848496596,42.371864591800055],[-71.126668867033914,42.371877192769858],[-71.126676195490006,42.371889564773483],[-71.126687814299871,42.371906524011031],[-71.126701281842642,42.371923718180525],[-71.126709515800528,42.371939523300114],[-71.126717746165141,42.371955785678956],[-71.126765476351153,42.372019969073989],[-71.126793942165875,42.372056420004732],[-71.126802518381893,42.372066280680059],[-71.126812024354237,42.372075459774067],[-71.126837127774849,42.37210663921725],[-71.12685243147402,42.372126355241207],[-71.126866806315192,42.372146754165271],[-71.126913365996373,42.372200413716705],[-71.12692899668231,42.372216701247041],[-71.126945865246725,42.372232534166621],[-71.12695658394469,42.372245145681127],[-71.126968230602344,42.372257532212778],[-71.126977736574673,42.372266709951546],[-71.12699093552115,42.372277271417438],[-71.127002910063894,42.372286228818673],[-71.127032968591621,42.372313995626115],[-71.127062722590452,42.372340846573138],[-71.127073470932842,42.372348884799059],[-71.127084211190365,42.372357837544456],[-71.127096483075462,42.372368625302336],[-71.127109372103149,42.372379414385648],[-71.127121335866107,42.372390200812475],[-71.127134545592369,42.372398933217745],[-71.127154781940774,42.372418665077745],[-71.127166737618879,42.372431051575127],[-71.127177467994969,42.372441834011184],[-71.12719649341436,42.372457903135832],[-71.127207546285604,42.372466170971919],[-71.127218292831344,42.372474209181746],[-71.12723363964966,42.372486607614043],[-71.127245900754986,42.37249922372316],[-71.127257551904222,42.372510696349991],[-71.127307551234622,42.372556363184444],[-71.127330580445246,42.372573360733966],[-71.127347467874273,42.372585992089753],[-71.127365286856246,42.372597483283094],[-71.127385545662534,42.372613555022546],[-71.127407038754015,42.372629861691713],[-71.127422707169202,42.372639744177597],[-71.127437142197522,42.372650081929109],[-71.127472765788397,42.372675351243778],[-71.127482277150648,42.37268361440568],[-71.127490862349816,42.372692331506087],[-71.127512662665126,42.372708638154819],[-71.127532921471428,42.372724482232492],[-71.12754612041789,42.372735272582005],[-71.127559003157373,42.372746976117284],[-71.127577108701928,42.372762127330923],[-71.127590313038283,42.372772003159447],[-71.127604748964913,42.372781882968305],[-71.127611496211003,42.372788307132865],[-71.1276176379926,42.372792671980676],[-71.127651100236918,42.37281862015498],[-71.127670142724327,42.372831944978707],[-71.127811498024172,42.372917925794397],[-71.127824705953785,42.372926887086209],[-71.127839153558511,42.372934937182798],[-71.127849900104252,42.372942975332634],[-71.127860337629542,42.372951012817772],[-71.127874779844348,42.372959977423072],[-71.127891694222853,42.372968035479232],[-71.127907380604341,42.372975175704575],[-71.127944574450368,42.372995876977861],[-71.127959011275308,42.373005756087892],[-71.127973452591803,42.373014720685383],[-71.128019856864441,42.373042540262816],[-71.128033075573839,42.373049672515847],[-71.128046296079873,42.373056804104465],[-71.128058275114185,42.373064846220572],[-71.128070255046808,42.373072887672031],[-71.128099143968043,42.373089903664003],[-71.12812773195364,42.373106002487098],[-71.128149234028285,42.373120249723051],[-71.12817074239112,42.37313381140568],[-71.128212541001304,42.373158185262682],[-71.128236524222757,42.373170610769549],[-71.128259580382831,42.373183034946685],[-71.12828078601342,42.373195680116467],[-71.128302602498422,42.373209242446414],[-71.128324122539368,42.373220745471414],[-71.128339494510513,42.373228798848601],[-71.128356409787315,42.373236856870314],[-71.128367170706099,42.373242379753613],[-71.128377922641732,42.37324950335654],[-71.128394833426967,42.373258247588005],[-71.128422205093671,42.373271141610694],[-71.128449892967367,42.373282664533797],[-71.128512318693069,42.373313050982269],[-71.128525538300792,42.373320182540922],[-71.128539990397101,42.373327318080676],[-71.128569829735881,42.373340220052981],[-71.12859967087131,42.373352664769634],[-71.128621201692027,42.373362567051196],[-71.128643039736588,42.37337247065846],[-71.128663345255276,42.373380540607357],[-71.128768909877564,42.373417238952385],[-71.128783379041849,42.373421859260418],[-71.128797528405897,42.37342807895638],[-71.1288153725407,42.37343522576586],[-71.128833522102695,42.373443287742937],[-71.128852600522706,42.373450437868925],[-71.128878771141871,42.373457840179682],[-71.128905559801964,42.373465014858937],[-71.128965273513856,42.373484644846144],[-71.128983441940463,42.373489277758495],[-71.129000051790086,42.373496648209681],[-71.129019137396597,42.373502654867949],[-71.129081651157222,42.37351817886811],[-71.129253203325348,42.373556919832673],[-71.129299098253213,42.373566214846761],[-71.129367501368833,42.373576953950973],[-71.129403247130611,42.373581642602701],[-71.129439612729954,42.373586104287533],[-71.129534206227689,42.373600585681189],[-71.129552380044203,42.37360430408259],[-71.129570554759013,42.373607792862686],[-71.129585962662773,42.373609900598147],[-71.129674732382526,42.373618188855573],[-71.129760133419964,42.37362280914887],[-71.129936805086885,42.373629551113048],[-71.129984914361913,42.373629705742196],[-71.130047216120133,42.373628992324463],[-71.130068803534726,42.373629062007126],[-71.130090709851245,42.373627302685662],[-71.130107363718295,42.373627356440885],[-71.130122783300152,42.373627406214219],[-71.130194037668488,42.373624891001654],[-71.130240933319584,42.373621611934119],[-71.130267161430936,42.373619179676908],[-71.130293390440613,42.373616521116773],[-71.130471715007658,42.373604515785225],[-71.130528176818189,42.3736003534055],[-71.130585553113718,42.373597793064036],[-71.130675969445363,42.373588478808941],[-71.130704970656012,42.373586515083709],[-71.130818875237409,42.373568357093113],[-71.130871965670693,42.373560524089683],[-71.130896982853031,42.373554202205476],[-71.130922604601579,42.373549939612012],[-71.13096550903785,42.373543673472952],[-71.13101056493926,42.373538788379342],[-71.131045140196235,42.373532495693382],[-71.131096706188472,42.373521914529178],[-71.131185953811951,42.373500932707103],[-71.131282014258545,42.373475400920753],[-71.13135583062207,42.373456887183643],[-71.131413290460912,42.373440148695366],[-71.131480656022376,42.373417039858374],[-71.131501061254042,42.373408187474631],[-71.131518367298,42.373402069314658],[-71.13153506697914,42.373394118824976],[-71.131552065799255,42.373387770378137],[-71.131583264289077,42.373379180794515],[-71.13161324196841,42.373368529257917],[-71.131676919945647,42.373342892561396],[-71.131701035219464,42.37333245139493],[-71.131724228821781,42.373321777950004],[-71.131747094539023,42.373313847359583],[-71.131769661117275,42.373304772639258],[-71.13178666892054,42.373297052423098],[-71.131797498111297,42.373290684057004],[-71.131808329098675,42.373284316353924],[-71.131816990654656,42.373279999322968],[-71.131825343190158,42.373275680964397],[-71.131834924620961,42.373272052799699],[-71.131853160421244,42.373265022773758],[-71.13186986010237,42.373257072266725],[-71.131886558885199,42.373249350717373],[-71.13190975069088,42.373238677921989],[-71.131932624492947,42.373229603854462],[-71.131949328665669,42.373220967793756],[-71.131966336468949,42.373212790313261],[-71.1319830262686,42.373206669479657],[-71.132000019698822,42.373201235522203],[-71.132016702311972,42.373196258154756],[-71.132024125091178,42.373192623348956],[-71.132031239748216,42.373188987215684],[-71.132036189465438,42.373186258290538],[-71.13204083555209,42.373182842488383],[-71.132049507887842,42.373176468801525],[-71.1320640525106,42.373167825433448],[-71.132097761791641,42.373151697425612],[-71.132123115842219,42.373140345036404],[-71.132148153685804,42.373130362418223],[-71.132171349983068,42.373119003388695],[-71.132186816277326,42.373111050208585],[-71.132197656247868,42.373103081099849],[-71.132208490828503,42.373096027163577],[-71.132214694593856,42.373089872472455],[-71.13222183170879,42.373082578293314],[-71.132226482287024,42.373078247975464],[-71.132230192329132,42.373076430901001],[-71.132233902371269,42.373074840794935],[-71.132242255805096,42.373070294790189],[-71.132251863287053,42.373062093398651],[-71.132261458192616,42.373056177618373],[-71.132267966486822,42.373050711129011],[-71.132270134121612,42.373049117040324],[-71.132272622454963,42.37304546563476],[-71.132276041442921,42.3730409037003],[-71.132279764061465,42.373037256276184],[-71.132283478595156,42.373034752985703],[-71.132289354475446,42.373032028035773],[-71.132296472725741,42.373027705678226],[-71.132303899996501,42.373023384647766],[-71.132312549874385,42.373020668324791],[-71.132320585304598,42.373017950010734],[-71.132328008083789,42.373014315858278],[-71.132335126334112,42.373009993499565],[-71.132376318581464,42.372979711097756],[-71.132400475177775,42.372961951786294],[-71.132487317112918,42.372877620870717],[-71.13250158595288,42.372863488391573],[-71.13252269007387,42.372840460308083],[-71.132540408444527,42.372816506420129],[-71.132550055452356,42.372801444812779],[-71.132571233235183,42.372765839145416],[-71.132589029759274,42.372728393145408],[-71.132594962233412,42.372715836147549],[-71.132599967646172,42.372703503462297],[-71.13260744791755,42.372690035925686],[-71.132616164270758,42.372675884821987],[-71.132645275075845,42.372601889290799],[-71.132660022717857,42.372558259912651],[-71.132667285596938,42.372529011932862],[-71.13267107379248,42.372513931674213],[-71.132675932779847,42.372473929782309],[-71.13267607291705,42.372449691045787],[-71.132672614403219,42.372408061825219],[-71.132669163075875,42.372365060132694],[-71.132669229551212,42.372353626635054],[-71.132669298721481,42.372341735874954],[-71.132666447468765,42.372301709318052],[-71.132662921581272,42.372271512186735],[-71.132658169493425,42.372240170228892],[-71.132657027734709,42.372224387749398],[-71.132654648097528,42.372209288171462],[-71.132653452439868,42.372202881202817],[-71.13264980348319,42.372193951663412],[-71.132646154526512,42.372185020795449],[-71.132641580305076,42.372176087935202],[-71.13263576730688,42.372168066942379],[-71.13262872631168,42.372159126115768],[-71.132622307848962,42.372149272091676],[-71.132610708802034,42.372128654160527],[-71.132600033223184,42.372108268503816],[-71.132592699377199,42.372096583432089],[-71.132589020776123,42.372092912061291],[-71.132586885480691,42.372088560438094],[-71.132584441164809,42.372084893712483],[-71.132584457334474,42.372082150138873],[-71.132583236524013,42.372079859181774],[-71.132572568131692,42.372058330021225],[-71.132559427575714,42.372037708741971],[-71.132416574784301,42.371836934298415],[-71.132416627784892,42.371827786361663],[-71.132396094992444,42.371805541021629],[-71.132390272112758,42.37179934771153],[-71.132384434860072,42.371795670350437],[-71.132378286790242,42.37179199099814],[-71.132366318535716,42.371782120988499],[-71.132342377535082,42.371762606610339],[-71.132331639972492,42.371752739250731],[-71.132322132203512,42.371743791728392],[-71.132292379103006,42.371716027323522],[-71.132282547940534,42.371709821395015],[-71.13227302400189,42.371703616793191],[-71.132225126729253,42.371667103936822],[-71.13220026765039,42.371646444036465],[-71.132185847893453,42.371633592154801],[-71.132170192054687,42.371621194217802],[-71.132159739258043,42.37161567251929],[-71.132148672013727,42.371609692227189],[-71.132142536520334,42.371604183800962],[-71.132128391647868,42.371597049392747],[-71.132116426986599,42.371586264820692],[-71.132104463223655,42.371575477592117],[-71.132099559320523,42.371570202773384],[-71.132093736440851,42.371564010103775],[-71.132085138665261,42.371557579840989],[-71.13207715084576,42.371552295729423],[-71.13206118688484,42.371539895121707],[-71.132055354123708,42.371535303212887],[-71.132044623747646,42.371524521284925],[-71.132036363738607,42.371513061087597],[-71.132026557728963,42.371502282474118],[-71.132008797137487,42.371480730550935],[-71.131991027562847,42.371460550420792],[-71.131986130846215,42.371454130766125],[-71.131983688326955,42.371449779098661],[-71.131981562913012,42.371444283931744],[-71.131976678772816,42.371435350302463],[-71.131968422357033,42.371423661787198],[-71.131956472068808,42.371410360556759],[-71.131943284800442,42.371397740246934],[-71.131931005728816,42.371388097813508],[-71.13192302509583,42.371381669523693],[-71.131914426421943,42.371375467544176],[-71.131897548874377,42.371361007538503],[-71.131882207445955,42.371347695012439],[-71.131861952232924,42.371330707749941],[-71.131854879796691,42.371327256008747],[-71.131848742506662,42.371321748221426],[-71.131838932005451,42.371312111749347],[-71.131828504361636,42.371302246309966],[-71.131822362580039,42.371297652392776],[-71.131816523530688,42.371294203304487],[-71.131805494913948,42.371281592262662],[-71.131794773521037,42.371269209520584],[-71.131785287311644,42.371256373489778],[-71.13178313943979,42.371254766082174],[-71.131781606913904,42.371252931699566],[-71.131769960256264,42.371240546297159],[-71.131756762208099,42.371229755690848],[-71.131742331671376,42.37121896242801],[-71.13172207645836,42.371201975130703],[-71.131702748306694,42.371184762844514],[-71.13162657386556,42.37107955840851],[-71.131546770230656,42.370961765255103],[-71.131486000998322,42.370858895913408],[-71.131418204245506,42.370744799679258],[-71.131387421675669,42.370682273506461],[-71.131356330983678,42.37061974594409],[-71.131299331980586,42.370504769902901],[-71.131298419292278,42.370502937489398],[-71.131253391238644,42.370397832790495],[-71.13122040240647,42.370290707674698],[-71.131182446789083,42.370189055088247],[-71.131162354171124,42.370144171003815],[-71.131142256163258,42.370100430410979],[-71.131098139001352,42.369998072021787],[-71.131087542474276,42.369964194987219],[-71.131079734317808,42.369928496123102],[-71.13107297180035,42.369818711485927],[-71.131076213820222,42.369685863568826],[-71.131083706667994,42.36961728484566],[-71.131094894286548,42.369549862854974],[-71.131095828534455,42.36954803638686],[-71.131124221585623,42.369438592884414],[-71.131167108055607,42.369328967340302],[-71.131194875879359,42.369273946761425],[-71.131226646596005,42.369219624337276],[-71.131255599297603,42.369172610437737],[-71.131288547705608,42.369128125169574],[-71.131307480598551,42.369106918215437],[-71.131362415273117,42.3690464963097],[-71.131389715972887,42.369018686908795],[-71.131421318704611,42.368993175865953],[-71.131453832328006,42.368970184193998],[-71.131487564965227,42.368949711895645],[-71.131554109466521,42.368907849389721],[-71.131675745847573,42.368831633341316],[-71.131710739719466,42.368806134169027],[-71.131721592266416,42.36879610705806],[-71.131732428643687,42.368788367040551],[-71.131744502001098,42.368780402029209],[-71.131756561883805,42.368774952423792],[-71.13176984706854,42.368770650347855],[-71.131782212378425,42.368765430380336],[-71.131793957850746,42.368760666371458],[-71.131879763130073,42.368694396302331],[-71.131926559068148,42.368654529363191],[-71.131974905498438,42.368613522830202],[-71.132034066746428,42.368568435192145],[-71.132094760520275,42.368524951680662],[-71.132181242230999,42.368448394026352],[-71.13223455005658,42.368402373108012],[-71.13228878404523,42.368356125834175],[-71.13238918245635,42.368272524115319],[-71.132448320348118,42.368231780822455],[-71.132506221259746,42.36819126183444],[-71.132614909324289,42.368113859543598],[-71.132670046119813,42.368071275035241],[-71.132725799159587,42.368028918812122],[-71.132782417276999,42.367996856609579],[-71.132839028207883,42.367965939280623],[-71.132952284205672,42.367898384103881],[-71.13299964338745,42.367867664510626],[-71.133045155632999,42.367836481635834],[-71.133156252080809,42.367768919019127],[-71.133229842967197,42.367734625301914],[-71.13330312752808,42.367700099932236],[-71.133370861398816,42.367665328971825],[-71.13343675012996,42.367629866408578],[-71.133508158110217,42.36759990862096],[-71.133577714662664,42.367569945509395],[-71.133650056890801,42.36753816183036],[-71.133721479244102,42.367505460225445],[-71.133844219654634,42.367450512384806],[-71.133982721905141,42.367389440440768],[-71.134139028764579,42.367342601718512],[-71.134196783250815,42.367327006502336],[-71.134253621455485,42.36731003740006],[-71.134313555254593,42.367290791099357],[-71.134375032359401,42.367271319794526],[-71.134438956475009,42.367255516818844],[-71.134472609162174,42.367248534570436],[-71.134503806753671,42.367239487513388],[-71.13453626647815,42.367225412836042],[-71.134569039714677,42.367210423560032],[-71.134676222202799,42.367179436817914],[-71.134725326811179,42.367166557473709],[-71.134750645827452,42.367161150869599],[-71.134774747626523,42.367152308223538],[-71.134796380855192,42.367144373535567],[-71.134817101395541,42.367133920055565],[-71.134860072307163,42.367115076574855],[-71.134892841052078,42.367100774879653],[-71.134923752979333,42.367087838439964],[-71.13493489208885,42.367081470771758],[-71.13494570960151,42.367077160615295],[-71.134957772179135,42.36707079560086],[-71.134968897813934,42.36706648743484],[-71.134971986221871,42.367065810446782],[-71.134974760219478,42.367065819075059],[-71.134975693569061,42.367064678814742],[-71.134978468464965,42.367064687443019],[-71.134979399119615,42.367063775500235],[-71.134981869486637,42.367063097184754],[-71.134983107365102,42.367062186569349],[-71.134985584918653,42.367060365338595],[-71.134986511081706,42.367060367993446],[-71.134988057980621,42.36705945804173],[-71.134990220225518,42.3670585507449],[-71.134993013087723,42.36705581557996],[-71.134995181620823,42.367053993021578],[-71.135001087145511,42.367046007878905],[-71.135004827730356,42.367038931359843],[-71.135008569213525,42.367031854176275],[-71.135686366061677,42.366816535644475],[-71.135666182713891,42.366787200699022],[-71.135666219544802,42.366780798487071],[-71.135667173555632,42.366775770168353],[-71.135669348376936,42.36677303299998],[-71.135673060215709,42.366770986760763],[-71.135674303484038,42.366769390521611],[-71.135675850382967,42.366768480565675],[-71.135678013526174,42.366767573264639],[-71.135679252302964,42.366766661317548],[-71.135682962345072,42.36676507304287],[-71.135686668793923,42.366763940741677],[-71.135687081120636,42.366763853794765],[-71.135698400791554,42.366761462422453],[-71.135702108138716,42.366760332112371],[-71.135704578505752,42.366759652466115],[-71.135707046177842,42.366759660430752],[-71.135710751728382,42.366758757775592],[-71.135714467160412,42.366756025252464],[-71.135716634795187,42.366754431667744],[-71.135722515167046,42.366750791179484],[-71.135727464884255,42.366748063965751],[-71.13573210019112,42.366746249363032],[-71.135737043620125,42.366744663078968],[-71.135740755458883,42.366742616838884],[-71.135744460111113,42.366741943165877],[-71.13574909092641,42.366741043165383],[-71.135752492846379,42.366739223916404],[-71.135755268640608,42.366739232544724],[-71.135758958021484,42.366741075023803],[-71.135761116673109,42.36674108166094],[-71.135763583446874,42.366741089625577],[-71.135766975485382,42.366741100245036],[-71.135769443157471,42.366741108209631],[-71.135778086747152,42.36673930488994],[-71.135802179563072,42.366732292716868],[-71.135826277768871,42.366724365276752],[-71.135850077734005,42.366714608630176],[-71.135861209656994,42.36670938450952],[-71.135872951536101,42.366705076982399],[-71.135914057545179,42.366688969881523],[-71.135954847347278,42.36667400768998],[-71.135993503650582,42.366654692167742],[-71.136016704439427,42.366641960061422],[-71.136039310543552,42.366625338562578],[-71.136046744102543,42.366619873504661],[-71.136048917127198,42.366617136329495],[-71.136051393782452,42.366615543404976],[-71.136054795702421,42.366613724816098],[-71.136057577784854,42.366612818840288],[-71.136061281538773,42.366611916183018],[-71.136064369048412,42.366611239853754],[-71.13606807010737,42.366611251800691],[-71.136071782844454,42.366609205556195],[-71.136080425535795,42.366607631879361],[-71.136087527616425,42.366605825237237],[-71.136094950395631,42.366602190050052],[-71.136098346925692,42.366601514384399],[-71.136102062357736,42.366598781854492],[-71.136106714732577,42.366594223434099],[-71.136112598697693,42.366589897314981],[-71.136127147812033,42.366580110116466],[-71.136142934804838,42.366569412957659],[-71.136159951591267,42.366559633720627],[-71.136227424950576,42.366516170721383],[-71.136266134254484,42.366487709091018],[-71.136284109543311,42.366471987555769],[-71.136303314625764,42.366456955621928],[-71.136331197433876,42.366434405059479],[-71.136346670016323,42.366424850138969],[-71.136362453415856,42.366415066897083],[-71.136375774533221,42.366404360418073],[-71.136388164995935,42.366394567880903],[-71.136413237873825,42.366377953617508],[-71.136437387283607,42.366361107711043],[-71.136453195835983,42.366346751419002],[-71.136469925161506,42.366333313050582],[-71.136485716645907,42.366321929561565],[-71.136501506333659,42.366311231031332],[-71.136535274903494,42.366283668651562],[-71.136544884182072,42.366275009069277],[-71.136555728644197,42.366265896827237],[-71.136579883443886,42.36624836526547],[-71.136604042735115,42.366229461784123],[-71.136639976244794,42.366201219716153],[-71.136653302752038,42.366189599254078],[-71.136666940974678,42.366177294491244],[-71.136673748407915,42.366172970998299],[-71.136678704413328,42.366169327821396],[-71.136682415353775,42.366167510547072],[-71.136686123599276,42.366165920929781],[-71.136691070621538,42.366163878653154],[-71.136693232866421,42.366163199664214],[-71.136696932128757,42.366163211611237],[-71.136699106950076,42.366160474416169],[-71.13670158180868,42.366158881480075],[-71.136704061158866,42.366156831238548],[-71.136706537814092,42.366155238302362],[-71.136707781980761,42.366153412399228],[-71.136710264924204,42.366150676531205],[-71.136711512684144,42.366148165001533],[-71.136715249675703,42.366141774007758],[-71.136722084956716,42.366132877456572],[-71.136727048148657,42.366127633375847],[-71.136732938401977,42.366122164292271],[-71.136745332457963,42.366111684093163],[-71.136753397532573,42.366103477146964],[-71.136760848159554,42.366094811566327],[-71.136793713922529,42.366063587324255],[-71.136805481852747,42.366054935012642],[-71.136816326314857,42.366045822074945],[-71.136841754925612,42.366020976868235],[-71.136865954641053,42.365995213719884],[-71.136883916455147,42.3659817785949],[-71.136896297036401,42.365973813891472],[-71.136905891043625,42.365967670449521],[-71.136915480559296,42.365962440956906],[-71.13693839568387,42.365945590956649],[-71.136952656439021,42.365932373523066],[-71.13696722172304,42.365919842379355],[-71.136980537450484,42.365910051757815],[-71.136990446766376,42.365902764709567],[-71.137000964241722,42.365896852901109],[-71.137014588989629,42.365887062276038],[-71.137026362309754,42.365877266339588],[-71.137043414130488,42.365861314338439],[-71.137056443295364,42.365847863255404],[-71.137068858012583,42.365833725212184],[-71.137076011297196,42.36582299938604],[-71.13707974200058,42.365817751297008],[-71.13708347360226,42.365812274885492],[-71.137088130468697,42.365807030114212],[-71.137093088270746,42.365802701949718],[-71.137095262193739,42.365799964075201],[-71.137098978524065,42.365797231510435],[-71.137102678684727,42.365797243457472],[-71.137104846319502,42.365795649184747],[-71.137108552768353,42.365794517529864],[-71.137111338444058,42.365792925911919],[-71.13711350068894,42.365792017933053],[-71.137114431343576,42.365791105971795],[-71.137115984530695,42.365789282049285],[-71.137117228697377,42.365787456135514],[-71.137118157555378,42.365786544174192],[-71.13711816204696,42.365785858543894],[-71.137118166538528,42.365784943927643],[-71.137118177318314,42.365783114695098],[-71.137118186301464,42.365781513784725],[-71.137118193487993,42.365780371509921],[-71.137118202471157,42.365778769935737],[-71.137118217742497,42.365776026086635],[-71.137118223132404,42.365775110806553],[-71.137121023181138,42.365770775338831],[-71.137123215070432,42.365765293613343],[-71.137126930502447,42.365762561710746],[-71.137132835128796,42.365754576403972],[-71.137140280365884,42.365746596405941],[-71.137147412989222,42.365739530360145],[-71.137154542019331,42.365733149944418],[-71.137169136947747,42.365715359380012],[-71.137183417465806,42.365698711750603],[-71.137207622571154,42.365672033188453],[-71.13723553771861,42.365643537325489],[-71.137247630838971,42.365631912777914],[-71.137259717671114,42.365621431833283],[-71.137265925928048,42.365614134131917],[-71.137270577404564,42.365609803962961],[-71.137282976850443,42.365598409723148],[-71.137294749272229,42.365588613741686],[-71.13729847728068,42.365584051929382],[-71.137299710667563,42.365584055911725],[-71.137299721447334,42.365582226673382],[-71.137299726837242,42.365581312054161],[-71.137300659288485,42.365579714457247],[-71.137300666475014,42.365578570851348],[-71.137303455743975,42.365576292267917],[-71.137305629666969,42.365573555711009],[-71.137308112610413,42.365570819153952],[-71.137310589265638,42.365568997879961],[-71.137315246132076,42.365563524765363],[-71.13734223062491,42.365535939490712],[-71.137367379859597,42.365505834020134],[-71.137391550828951,42.365485330061169],[-71.137415719103359,42.365465053755145],[-71.13743618811543,42.365444537835664],[-71.137456661619055,42.365423335611538],[-71.137479936069752,42.365397568899425],[-71.137501367177492,42.365370653920913],[-71.137513766623357,42.365359259637771],[-71.137519650588459,42.365354932769861],[-71.137527076062597,42.365350611211504],[-71.137532960926023,42.365346056019256],[-71.13754626677202,42.365337866230007],[-71.137559272580702,42.3653283025142],[-71.137572900921882,42.365317826828822],[-71.137584685920089,42.36530597256948],[-71.137600781933358,42.365295275857456],[-71.137616254515805,42.365285720763694],[-71.137632982943018,42.365272281504559],[-71.13765125287928,42.365259075876516],[-71.137680044782442,42.365238814763345],[-71.137707914115808,42.365218322000686],[-71.13772092172114,42.365208529942379],[-71.137733318472044,42.365197821930259],[-71.137757501119495,42.365174801656067],[-71.137769290609285,42.365162262396396],[-71.137786684688137,42.365140135495331],[-71.137802234525708,42.365117088650621],[-71.137822728690594,42.365092227810706],[-71.137843203990869,42.365070796479181],[-71.13786613887838,42.36505028773206],[-71.137872337253853,42.365045048207037],[-71.137878220320644,42.365040721981231],[-71.137915734865231,42.365005167004618],[-71.137954482796687,42.364969615990276],[-71.137977406904426,42.364950937130693],[-71.138001572483873,42.364931348283022],[-71.13801830989425,42.364916307351947],[-71.138035360816673,42.364900355106798],[-71.13804743686903,42.364891473645812],[-71.138054554221014,42.364887151391819],[-71.138061975203584,42.364883516105238],[-71.138068779941847,42.364879878827196],[-71.13807620002612,42.364876471865642],[-71.138082387621779,42.364872832595999],[-71.138087038200013,42.364868502375906],[-71.138090759021921,42.364864856468408],[-71.138094478945519,42.364861436895033],[-71.138101617857075,42.36485322713056],[-71.138120847194031,42.364833850648353],[-71.138141305426316,42.364815163783575],[-71.138159575362565,42.364801729733664],[-71.138180003052128,42.364788302318338],[-71.138217460104542,42.364762808805857],[-71.138239141842234,42.364745954501394],[-71.138257425253201,42.364730005531733],[-71.138264563266461,42.364722024739855],[-71.138272934666588,42.364714047265615],[-71.138283780027024,42.364704934797217],[-71.138293378525816,42.364697875935349],[-71.138296157913331,42.364697198921768],[-71.138297082279735,42.364697201576718],[-71.138299867955439,42.3646953809411],[-71.138300803999954,42.364693554331787],[-71.138302967143176,42.364692646337033],[-71.138309503285171,42.364682147978534],[-71.138317545901927,42.364677600038867],[-71.138336991732857,42.364674230899531],[-71.138350299375489,42.364666041022708],[-71.138358700420014,42.364652803407751],[-71.138389908791325,42.364641239740877],[-71.1384297868034,42.364623757506145],[-71.138437209582605,42.364620122204265],[-71.138452683063377,42.364610338017584],[-71.138468161934028,42.364599639195916],[-71.13848395252009,42.364588254729014],[-71.138530086399825,42.364555241621758],[-71.138544305832454,42.364549111979613],[-71.138568428292771,42.364536611092014],[-71.138591307484745,42.364525936152418],[-71.138619148970363,42.364510243994587],[-71.138637094614793,42.364499553120702],[-71.138655353771242,42.364487948273663],[-71.138682878151556,42.364473857713783],[-71.138701111256879,42.364466826039354],[-71.138717807344747,42.364458874418666],[-71.138771917365872,42.364432975226407],[-71.138825095834065,42.364408216995777],[-71.138857558253505,42.364393226383825],[-71.138872080418366,42.364388012689986],[-71.138886605278202,42.364382570004658],[-71.138963565745229,42.364350797987761],[-71.13902168764244,42.364324225715819],[-71.139032207812733,42.364318084103765],[-71.139043034308528,42.36431194381862],[-71.139058807826601,42.364303761195771],[-71.139066226114224,42.364300354866742],[-71.139073021869322,42.364298545503296],[-71.139083829500535,42.364295836104169],[-71.139093403744823,42.364293122058747],[-71.139104514108269,42.364291556288791],[-71.139114383898288,42.364290901174328],[-71.139123949159426,42.364289788077123],[-71.139131965725028,42.364289813299393],[-71.139135665885675,42.364289824583018],[-71.139138442578215,42.364289833875432],[-71.139141524697948,42.364289843167789],[-71.139144300492191,42.36428985179645],[-71.139146463635399,42.364288943795863],[-71.139150164694357,42.364288955743241],[-71.1391526404513,42.364287362095993],[-71.139155112614944,42.364286227095178],[-71.139157582981966,42.364285548749656],[-71.139164701232289,42.3642809974626],[-71.139171813194395,42.364277589804871],[-71.139175519643246,42.364276687114042],[-71.139179226092125,42.36427555543176],[-71.13918601825398,42.364273975722767],[-71.13921753025582,42.364263327288285],[-71.139247808870792,42.364252903197283],[-71.139264485195724,42.364248381776335],[-71.13927189090694,42.364247719360229],[-71.139277756007431,42.36424659431492],[-71.139292257511059,42.36424503916367],[-71.139311396118188,42.364241440345808],[-71.139322207342644,42.364238043969522],[-71.139333328485847,42.364234419929005],[-71.13935587889442,42.364227402166392],[-71.139381203300587,42.364220391704208],[-71.139405285336736,42.364214979536548],[-71.139421037295236,42.364210454794147],[-71.1394355585618,42.364205470740551],[-71.139453463782047,42.364201867937936],[-71.139472601490866,42.364198268453841],[-71.139491734708102,42.364195584936454],[-71.139525693720785,42.364188602347944],[-71.139568923347213,42.364177990404954],[-71.139612161956777,42.364165776844814],[-71.139636240399639,42.364161279312405],[-71.139707225273412,42.364150068667129],[-71.139733757913632,42.364147406387524],[-71.139759064353512,42.364143826812636],[-71.139774495613437,42.364141359673646],[-71.139803520180294,42.364134361813022],[-71.13983346013039,42.364128968222829],[-71.139881619711076,42.364119286176376],[-71.13990445758057,42.364115697971201],[-71.139998249781058,42.364106387619948],[-71.140023241810582,42.364103722019763],[-71.140050077183048,42.364102204698455],[-71.140098218797448,42.364095266570516],[-71.140146372988255,42.364086270831464],[-71.140196675050916,42.364079339339227],[-71.140260234450523,42.364072448998442],[-71.140286760802539,42.364070932340134],[-71.140307421155768,42.364070996723441],[-71.140326538203325,42.36407105646051],[-71.140338563950024,42.364071094293998],[-71.140350594188305,42.364069988494116],[-71.140374330373078,42.364071205803235],[-71.140399920680565,42.364071971101716],[-71.140410713040382,42.36407200495276],[-71.140419048507923,42.364070202220162],[-71.140428607480843,42.364070232088665],[-71.140436942050044,42.364068657020759],[-71.140441571967031,42.36406775631815],[-71.140446510904468,42.364066628614587],[-71.140455150002552,42.364065969515295],[-71.140462548527239,42.364065992746383],[-71.14048875597733,42.364066760699949],[-71.14051371656582,42.364069583609364],[-71.140535596831185,42.364071710249746],[-71.140555934689218,42.364074060572278],[-71.140584908052077,42.364076208452374],[-71.140613580479311,42.364076983706937],[-71.140673681365087,42.364081744752333],[-71.140712209209298,42.3640846101408],[-71.140732544372398,42.364087417783317],[-71.140752879535469,42.364090224761952],[-71.140776919350799,42.364092586367406],[-71.14080095287791,42.364095406620734],[-71.14081789151092,42.364099118283669],[-71.140835452676384,42.364101915969343],[-71.140851477722748,42.364103568030863],[-71.140877674393067,42.364105706617508],[-71.140905417962301,42.364107393857473],[-71.140918361787229,42.364108578642345],[-71.140931615530917,42.364109305443193],[-71.140959362693422,42.364110306370677],[-71.140988331564714,42.364113141889305],[-71.141023160146588,42.364115765009437],[-71.141057977948691,42.364120448393713],[-71.141077080623191,42.364123023060188],[-71.1410887820781,42.364125803487433],[-71.141101095285677,42.364129272217959],[-71.141120193468623,42.36413299051631],[-71.14113959438383,42.364137395790252],[-71.141152838246057,42.364140181526842],[-71.141165764104684,42.364144566224198],[-71.141179002577033,42.364148265273066],[-71.141191012154067,42.364151047026652],[-71.141206712908598,42.364155441015669],[-71.141252261985059,42.364170904270345],[-71.141265490575947,42.36417620493274],[-71.141272562113855,42.364179886722404],[-71.141279951655392,42.364181738568924],[-71.141282104917124,42.364182660509677],[-71.141245980066302,42.364245661091417],[-71.141201671563209,42.364228829879238],[-71.141181978695556,42.364275875356043],[-71.141583573238265,42.364417989266585],[-71.141610340338801,42.364374396683417],[-71.141574046604688,42.364358047382701],[-71.141624083664325,42.364288686927274],[-71.141629931696841,42.364290534788161],[-71.141639784418857,42.364293309234306],[-71.141700717144573,42.364314766053319],[-71.141722270423188,42.364320320917074],[-71.141743814718652,42.364327476727752],[-71.141757047801107,42.36433209173078],[-71.141771511575485,42.364337167370785],[-71.141790598080334,42.364342714931354],[-71.141809988215741,42.364348949464947],[-71.141837684174263,42.364358869095803],[-71.141872447179139,42.364373154821685],[-71.141904418220093,42.364390404816405],[-71.14192040284226,42.364399144307463],[-71.141935764931929,42.3644090247696],[-71.141981284364007,42.364429746787131],[-71.141999126702203,42.364437120292607],[-71.142013594069823,42.364441509615446],[-71.142028062335797,42.364445899601691],[-71.142046234355689,42.364449615226341],[-71.142067485800368,42.364454025787992],[-71.142087818268493,42.364457519058853],[-71.142151528585075,42.364478298142096],[-71.142161066896762,42.364481987215179],[-71.142168447455148,42.364485668986916],[-71.142176447851057,42.364488437450774],[-71.142192427981655,42.364498090899488],[-71.142209045017765,42.364504316789024],[-71.142228126132707,42.36451077896966],[-71.142242597991967,42.364514254316312],[-71.142257065359601,42.364518873951774],[-71.142312164425874,42.364535965936241],[-71.142367566224394,42.364553975205247],[-71.14239496933213,42.364561148910305],[-71.142422680562007,42.364568323942052],[-71.142445463634246,42.364574568409324],[-71.142454082071083,42.364577340188021],[-71.142462079772059,42.364580794291285],[-71.142471622575329,42.364583569388358],[-71.142487334109646,42.364586361742589],[-71.142503044745652,42.364588926433861],[-71.142532923610304,42.364594507159168],[-71.142548633347999,42.364597299512866],[-71.142564026878702,42.364601692143218],[-71.142587131547813,42.364605422360924],[-71.142609929891407,42.364609152578417],[-71.14263979528134,42.364617019885159],[-71.142669669654438,42.364623515904945],[-71.142691228322946,42.364627927781846],[-71.142713096910214,42.364632340322238],[-71.142728493135863,42.36463604664349],[-71.142745429073926,42.364640444581049],[-71.14283414758971,42.364656041127922],[-71.14297710997559,42.36467615109656],[-71.143130941976423,42.364682802425165],[-71.143313160740234,42.364686111827574],[-71.143433442461827,42.364681911023723],[-71.143484048155045,42.364675894229556],[-71.14353464845837,42.3646705624136],[-71.143546369676187,42.364669913276799],[-71.143558708036608,42.364669035813669],[-71.143590795858572,42.364665705834447],[-71.143675365056041,42.364651561551533],[-71.143845168204308,42.364614583960552],[-71.143862764404091,42.364610979853936],[-71.143897673834346,42.364599654461898],[-71.143931352572679,42.364587411115473],[-71.143992819795983,42.364568621961396],[-71.14402400930264,42.364560714824201],[-71.144055506033141,42.364552807685961],[-71.144072191341223,42.364546685344749],[-71.144089189263042,42.364539649032274],[-71.144104966374357,42.364530780795079],[-71.144137434183691,42.364514645259604],[-71.144168649741488,42.36450170629616],[-71.144201416689782,42.364487401351042],[-71.14421811187934,42.364479679387365],[-71.144232655603801,42.364470576177304],[-71.144248121898045,42.364461934929871],[-71.144256770877604,42.364459217572914],[-71.144261411574348,42.364456487604777],[-71.144265127006392,42.364453754981525],[-71.144272248849958,42.364448517398003],[-71.144285573560552,42.364436896611721],[-71.144297663985967,42.36442527184083],[-71.14430602819958,42.36441843795599],[-71.144314693348804,42.364412976024809],[-71.144323049477578,42.364407742420312],[-71.144336034624999,42.36440137979038],[-71.144350566671363,42.364394335496769],[-71.144376254895235,42.364377493704524],[-71.14439298601738,42.364363138950452],[-71.144398869084185,42.364358812013926],[-71.14440475215099,42.364354485740876],[-71.144411248767113,42.364350847104745],[-71.144418359830894,42.364347438787],[-71.144424234812874,42.364344712796445],[-71.14443630906861,42.364335831920606],[-71.144447167005438,42.364324203148577],[-71.14445212211254,42.364320559864467],[-71.144458010569238,42.364315317623621],[-71.144466682904991,42.364308256726765],[-71.144471323601735,42.364305526752077],[-71.14447503903375,42.364302794122246],[-71.144478758957348,42.364299375845782],[-71.144480942761803,42.364294809293632],[-71.144484661787075,42.364291390353024],[-71.14449304756026,42.364280668909736],[-71.144497713409834,42.36427359407034],[-71.144518782496519,42.364255823004946],[-71.144540148027247,42.364239881875719],[-71.14456059368311,42.364223023448531],[-71.14460181737148,42.364184962374708],[-71.144632197496094,42.364156471147218],[-71.144646472624274,42.364140280424799],[-71.144660127914889,42.364124544363428],[-71.144692381026871,42.364091714869971],[-71.144721516984788,42.364064821235594],[-71.144734840797071,42.364053428706832],[-71.144749393504682,42.364042726471588],[-71.144774498721944,42.364019707101619],[-71.14478412327189,42.364008074952345],[-71.144802445310418,42.363985035657286],[-71.144805867891634,42.363979557758491],[-71.144809597696721,42.363974310179223],[-71.144812100403087,42.363967914981799],[-71.144817097731007,42.36395649654937],[-71.14482052570213,42.363950104668874],[-71.14482425011731,42.363945771066433],[-71.144828905187097,42.363940526139373],[-71.144833872870635,42.363934367232396],[-71.144841304632976,42.363928901940398],[-71.14485089774189,42.363922757634711],[-71.144859257463935,42.363916609345928],[-71.144866697311116,42.363909543094287],[-71.144872586666111,42.363904073153861],[-71.144877250719063,42.363897227264928],[-71.144904009734745,42.363854319971814],[-71.144922098211296,42.363818016943362],[-71.144925837897844,42.36381093873316],[-71.144929598245625,42.363800203269186],[-71.144930862175229,42.363794719380536],[-71.144933050471252,42.363789466475851],[-71.14493585141831,42.363784901877914],[-71.144939576731801,42.363780339934586],[-71.1449454903413,42.36377052442095],[-71.144951422815453,42.363757508309376],[-71.144953945284769,42.363747455170127],[-71.144957397510396,42.363736946697429],[-71.144960201152401,42.363731695779144],[-71.144962395736655,42.363725299229564],[-71.144966130033282,42.363719137646491],[-71.144983199820317,42.363699523192281],[-71.144994050570617,42.363689037942791],[-71.145003666137427,42.363679006032527],[-71.145015462813745,42.363664864846221],[-71.145025414350442,42.36364980369941],[-71.145052183247614,42.363605066941396],[-71.145081480902292,42.363549361004338],[-71.145089583706138,42.363534292528605],[-71.145094591813873,42.363520816388466],[-71.14509836114479,42.363508479906606],[-71.14510805576333,42.363484270234252],[-71.145116472977548,42.363468060753583],[-71.145123653211613,42.363452304611293],[-71.145129595567212,42.363437230138508],[-71.145132415378896,42.363429235907333],[-71.145134621641247,42.363421010025625],[-71.145139654003444,42.363403188937589],[-71.145147148647865,42.363386519455382],[-71.145153067647271,42.363375789892658],[-71.145163944448754,42.363360730004025],[-71.145175130270658,42.363345444435822],[-71.145190701667786,42.363318052003201],[-71.145205348698497,42.363290427908652],[-71.145210039700913,42.363278779694234],[-71.145216265025823,42.363268051440585],[-71.145222198398287,42.363254806893579],[-71.145229659805025,42.363244081290851],[-71.14523560305895,42.36322900809558],[-71.145237800338151,42.363221925836534],[-71.145239378678085,42.363215527243753],[-71.145241610093251,42.363202270738022],[-71.145246624489175,42.363188109531826],[-71.145251325373067,42.363174631326181],[-71.145254159557766,42.363163893098452],[-71.145256382888107,42.363152465891027],[-71.1452638883123,42.363133738700832],[-71.145272010879111,42.36311501216877],[-71.145279495642058,42.363099943588807],[-71.145284469613784,42.363092640284499],[-71.145288204808736,42.363086477975678],[-71.145291634576481,42.363079628015051],[-71.145295394924261,42.363068892426114],[-71.145299154373717,42.363058156171569],[-71.145305084152909,42.363045597240514],[-71.14531009226063,42.363032120995598],[-71.145314786856304,42.363019787072808],[-71.145319796760646,42.363006310822307],[-71.145329495870769,42.362981415959311],[-71.145334482418903,42.36297182666199],[-71.145339168031427,42.36296109370965],[-71.14535884383109,42.362916563553561],[-71.145362617653603,42.362903311631086],[-71.145363573461069,42.362897827000424],[-71.145365767146984,42.362891659362383],[-71.145368562704164,42.362888009357604],[-71.145370741118711,42.362884357361366],[-71.145373227655426,42.362880934361435],[-71.145375707903909,42.362878426683622],[-71.145378185457474,42.362876605331579],[-71.14538190088949,42.362873872639604],[-71.145385312690948,42.362870223297563],[-71.145389958777585,42.362866579265415],[-71.145393683192751,42.362862245588239],[-71.145398680520685,42.362850827618573],[-71.145405816737295,42.362842846587981],[-71.145407369026117,42.362841021916104],[-71.145431564249961,42.362815256136159],[-71.145433747156119,42.362810917809149],[-71.145436213929884,42.362810925774241],[-71.145444538617625,42.362810950997101],[-71.145454109268655,42.362808923214097],[-71.145465223225358,42.362806442083766],[-71.145476040738018,42.362801901309687],[-71.145482864340892,42.362794833605193],[-71.145487851787365,42.362785244943161],[-71.145489477738025,42.362770157035108],[-71.145489517263897,42.362763069414221],[-71.145515907071996,42.362730908279012],[-71.145582615066687,42.362657022500436],[-71.145656132291208,42.362578814886],[-71.145732082153557,42.362506101795987],[-71.145796232644628,42.362448445413918],[-71.145847053933494,42.362403324809137],[-71.145923878754914,42.362339989170572],[-71.145973736151504,42.362301726499233],[-71.146054545001192,42.362242520038926],[-71.146130695187821,42.362189244929908],[-71.146220760278212,42.362128924564338],[-71.146354738612942,42.362045641131552],[-71.146535746447753,42.361933005109648],[-71.146510594518119,42.361909603299949],[-71.146523629072888,42.361894549697574],[-71.146608571071212,42.361812945954206],[-71.146721740830699,42.361756125286092],[-71.14672514634394,42.36175362088229],[-71.146949217616836,42.361604528025808],[-71.146956645785934,42.361599291532286],[-71.147002669172863,42.361529687745687],[-71.147064265753599,42.361487342378737],[-71.147129199575588,42.36145438539036],[-71.147193209929469,42.361421652740106],[-71.147314776241927,42.361351823073456],[-71.147377597226381,42.361310853591419],[-71.147435499036334,42.361267354435952],[-71.147463401607368,42.3612399995963],[-71.147471775702442,42.36123110699743],[-71.147481387675995,42.361221532036026],[-71.147490996954588,42.361212415078391],[-71.147513884231387,42.361200136555496],[-71.147589952671339,42.361161038159601],[-71.14766847710527,42.361123776409151],[-71.147708048791856,42.361105146189423],[-71.147746689823805,42.361087427993724],[-71.147758434397815,42.361082433735703],[-71.147770797911065,42.361076983462489],[-71.147850237728278,42.361041552360376],[-71.147929359541877,42.361007951273699],[-71.148011563475208,42.360974359461956],[-71.148073981116084,42.360950539778599],[-71.148158319446551,42.360921299005767],[-71.148200633689683,42.360908165478854],[-71.148242342468336,42.360893201246746],[-71.148256860141643,42.360888671618682],[-71.148299178876357,42.360874623397208],[-71.148339965085214,42.360859426834352],[-71.14842674952817,42.360833852074073],[-71.148474912702127,42.360822565827974],[-71.148563816270851,42.360804086197014],[-71.148653938853428,42.36078812560617],[-71.148675541539376,42.360784761568432],[-71.148765966854185,42.360769945329977],[-71.14885731294217,42.36075581809208],[-71.148947413066836,42.36074374458822],[-71.148983511866533,42.360739510331712],[-71.149074832801688,42.360729955872607],[-71.149167370954046,42.360723149464647],[-71.149256528745994,42.360714274714724],[-71.149296020482524,42.360710050412919],[-71.149387657624644,42.360698667232583],[-71.149433011766732,42.360693774502167],[-71.14947867942081,42.360687511063283],[-71.149569999457654,42.360677956596312],[-71.149662537610027,42.360671149518922],[-71.14968937747409,42.360668487091857],[-71.149781890473605,42.36066625346745],[-71.149827214971268,42.360666391534004],[-71.149874389998416,42.360666534910784],[-71.149966894913106,42.360665672658733],[-71.150059423184018,42.36066069429797],[-71.15011341193258,42.360655371434206],[-71.150203208426717,42.360642609569453],[-71.150249193186099,42.360634747075274],[-71.150294871619991,42.360626652256506],[-71.15038529603649,42.360611835980713],[-71.150387459179669,42.36061092792697],[-71.150389925953462,42.3606109352286],[-71.150480051230971,42.360594286910356],[-71.150526031498785,42.360587337774525],[-71.15057047564747,42.360579469963191],[-71.150660290107879,42.360563506660156],[-71.150750713626067,42.360548689041892],[-71.15084204713763,42.360536618153361],[-71.150861178558245,42.360533931160653],[-71.150952492306857,42.360525519704439],[-71.151045025967662,42.360519397634526],[-71.151090982879268,42.360516792286397],[-71.15113755513687,42.360514189593282],[-71.151228859902346,42.360507377187893],[-71.151297342968036,42.360501411105275],[-71.151389886510273,42.360493460310252],[-71.151481509279378,42.360485048184827],[-71.151572838299359,42.360473891313852],[-71.151657086798281,42.360460654143218],[-71.151701534540237,42.360451871622118],[-71.15174598318049,42.360443087108457],[-71.151836112949582,42.360425524051472],[-71.151891357542922,42.360416086370648],[-71.151946901275238,42.360408022057754],[-71.15195274391786,42.360410784063482],[-71.15195766848224,42.360412628055649],[-71.151969360055659,42.360417008366667],[-71.1520186443271,42.360426076319712],[-71.152125693864562,42.360415651592113],[-71.152265146532642,42.360400066604448],[-71.152338616146466,42.360384281813843],[-71.152410864949815,42.360366663646303],[-71.152476673730902,42.36034216600828],[-71.15254433124484,42.360318131018921],[-71.152609525578271,42.360293402364661],[-71.152674401908087,42.360270274087732],[-71.152743021517708,42.360239381498978],[-71.152810408638743,42.360208256569884],[-71.152887613447518,42.36018630847397],[-71.152912924378953,42.360181125628969],[-71.152939181236405,42.360172285319386],[-71.152963274052325,42.360164355723903],[-71.152982453083638,42.360152979746339],[-71.153000714935047,42.360140229063916],[-71.153017432582487,42.360127931745488],[-71.153070664949581,42.360091733433713],[-71.153215338626097,42.360023567733691],[-71.153221211811413,42.360020840227918],[-71.153301876930684,42.359986096879048],[-71.153341748654583,42.359968380359142],[-71.153381305968111,42.359951806215037],[-71.153414067526526,42.359937727249829],[-71.153453629331622,42.359920010052477],[-71.153493507343725,42.359901150468446],[-71.153571708384135,42.3598659417367],[-71.153580051936501,42.359862537158463],[-71.153660711665879,42.359828707761238],[-71.153742599392231,42.35979602537595],[-71.153768858944602,42.359786271636196],[-71.15385350719383,42.359756341306436],[-71.153937517639207,42.359729839444576],[-71.153940292535111,42.359729848073862],[-71.154025536367371,42.359703349519783],[-71.154111083830188,42.359677766987268],[-71.154113242481813,42.359677773625201],[-71.154155550436755,42.359665552552357],[-71.154198784554751,42.35965310446025],[-71.154286780825046,42.359630959024066],[-71.15446329708341,42.359603134170634],[-71.154629321917611,42.359576879175144],[-71.154711061421935,42.359570949512758],[-71.154792808112788,42.359563877462044],[-71.154861295670045,42.359556995255311],[-71.154931014817564,42.359550115703044],[-71.155016440109506,42.359546711771458],[-71.155101557279309,42.359543537512174],[-71.15517959392804,42.359538282924454],[-71.155270895100259,42.359531696766794],[-71.155363436845875,42.35952374186634],[-71.155455047936869,42.359516927362208],[-71.15548251482501,42.359512436134921],[-71.155583443242122,42.359493301617917],[-71.155589311037545,42.359491490124633],[-71.15559579417895,42.359489908303992],[-71.155602891768027,42.359488785828596],[-71.155608755071867,42.359487889043116],[-71.155616158986462,42.359487225249246],[-71.155622016900409,42.359487242507882],[-71.155629420814989,42.359486350368911],[-71.155636503132698,42.35948797201732],[-71.15564236104666,42.359487989939758],[-71.155649751486493,42.359490069605847],[-71.15565190474824,42.359490763270415],[-71.155653438172422,42.35949236766006],[-71.155655581552693,42.359495117757753],[-71.15565834566884,42.359497184147692],[-71.155659261950419,42.359498787873378],[-71.155661405330676,42.359501538634575],[-71.155662937856562,42.359503144351521],[-71.155665081236819,42.35950589378492],[-71.155667841759694,42.359508646537186],[-71.155671223916727,42.359510257564331],[-71.155673676317463,42.359513008988792],[-71.155681681204968,42.359515090645417],[-71.155690300540115,42.359517631647165],[-71.15569892346852,42.35951948695007],[-71.155708477051562,42.359520430200647],[-71.155716798146045,42.359521141123452],[-71.155726664342794,42.359521170994178],[-71.155752865504709,42.359522392374203],[-71.155809308450628,42.359518902811779],[-71.155865750498251,42.359515641594101],[-71.156017110335426,42.359521354201163],[-71.156065189067746,42.359524928065262],[-71.156113276783216,42.359527129868162],[-71.156150583816967,42.359527241385415],[-71.156197147989715,42.35952623706595],[-71.156243092324914,42.359525459763823],[-71.156335594544672,42.359525050203253],[-71.156382151530906,42.359525188936111],[-71.156428077001479,42.359528070463448],[-71.156441316372138,42.359531540111576],[-71.156455783739787,42.359535928449525],[-71.156468705106846,42.359541226183985],[-71.156480699412526,42.35954675027147],[-71.156495164085214,42.359552052651559],[-71.156508097130356,42.359554836600054],[-71.156535822733289,42.359559264100184],[-71.156559867040187,42.359560250496706],[-71.156583916736977,42.35956032218639],[-71.156609204312232,42.359559483151905],[-71.156682273277426,42.359560616246704],[-71.156759324474308,42.359566333496261],[-71.156835128809561,42.359574563201598],[-71.156897425177874,42.359572004943594],[-71.156928884179123,42.359570269124973],[-71.156959717054619,42.359570361392215],[-71.157013953738215,42.359575782589232],[-71.157066641726274,42.359582342190556],[-71.157245711894987,42.359595453425605],[-71.157262668494297,42.359595503873869],[-71.157440243866404,42.359599691741934],[-71.157475081431443,42.359600480991418],[-71.15756757017644,42.359602358197058],[-71.157660061616411,42.359603776058087],[-71.157751332245937,42.359602905162198],[-71.157842905607652,42.359603177980944],[-71.157988067967693,42.359614356247896],[-71.157997928774563,42.35961530016084],[-71.158043229017721,42.359620008440935],[-71.158090374400444,42.359625408392297],[-71.158181594724297,42.359633683891602],[-71.158342560246794,42.35963050233498],[-71.158383269200527,42.359629023405603],[-71.158428910803494,42.359627329407488],[-71.158475785793328,42.359625638728247],[-71.158568296996236,42.35962316942053],[-71.15864166869369,42.359625445564703],[-71.158659547862797,42.359626184365631],[-71.158677728865825,42.359628068208394],[-71.158695617018083,42.35962720594209],[-71.158713813292479,42.359626345003385],[-71.158735120432695,42.359620234130333],[-71.15875580683705,42.359615035971416],[-71.158797796788377,42.35960441329901],[-71.158854581992429,42.359594749805339],[-71.158883275979235,42.359591174617648],[-71.158910743765674,42.359586226706185],[-71.158939780010613,42.35957624989944],[-71.158967586461912,42.359565813746322],[-71.158975011936064,42.359561263444981],[-71.158981812182759,42.359557852876044],[-71.158990461162318,42.35955513397937],[-71.158998496592531,42.359551499048081],[-71.15900714557209,42.359548780814926],[-71.159015791856689,42.359546061917911],[-71.15902412552758,42.359544486072721],[-71.159033674619053,42.359546115021324],[-71.159041988527008,42.359548198004461],[-71.159051533126885,42.359550971332453],[-71.159060152462047,42.359553282660293],[-71.159068457386851,42.359556966048416],[-71.159075529823085,42.359560645453598],[-71.159088759312283,42.359566172858351],[-71.159100759007842,42.359570553228373],[-71.159114001971759,42.359573336512256],[-71.159127243139054,42.359576806157925],[-71.159140489696242,42.359578674734919],[-71.159152514544616,42.359578709915944],[-71.159164540291329,42.359578745760778],[-71.159176563343095,42.359578781605549],[-71.159188594479687,42.359577902743766],[-71.159200623819672,42.359577023218165],[-71.159212358512221,42.359573627917342],[-71.159224705855792,42.35957092030587],[-71.159236436955098,42.359568212030474],[-71.159247560793261,42.359563900030999],[-71.159258376509285,42.359559358358823],[-71.159269190428674,42.359555045031115],[-71.15927662129269,42.359549579358166],[-71.15928343142086,42.359544340038212],[-71.159290870369745,42.359537273294833],[-71.159297991315,42.359531806292722],[-71.159305111361945,42.359526567635093],[-71.159313776511155,42.359520418916155],[-71.159324280511797,42.359516791284513],[-71.159336631448639,42.359513397971831],[-71.159348362547931,42.359510688366356],[-71.159360704501623,42.359508896123607],[-71.159372425719425,42.359508244278267],[-71.15943139293131,42.359494012541084],[-71.15946783219249,42.359483601598455],[-71.159484515703966,42.359477248426785],[-71.159502736232866,42.359471813945362],[-71.159521867653467,42.35946935525223],[-71.159540991887553,42.359467582922122],[-71.15955918816195,42.359466721981228],[-71.159615640091019,42.359461629352886],[-71.159733260104446,42.359434308244396],[-71.159805505314537,42.359416685163957],[-71.15981046131995,42.359412355231605],[-71.159816343488458,42.359407798944993],[-71.159821302188817,42.359403240666637],[-71.159825953665347,42.359398223041936],[-71.159835566537197,42.359388190446566],[-71.159846711036622,42.359379532569008],[-71.159861247574554,42.359371344657234],[-71.159875769739443,42.359365441527267],[-71.159891230643794,42.359357255605019],[-71.159905747418776,42.35935272453861],[-71.159926138277413,42.359345010573193],[-71.159946545305715,42.359334322803228],[-71.159966018984463,42.359325233451159],[-71.159985215982076,42.359310197815901],[-71.15999264415116,42.359304960467405],[-71.159998531709533,42.359299488798491],[-71.160005650858167,42.359294479794897],[-71.160020181107882,42.359287205255285],[-71.160098388436523,42.359249934428],[-71.16017934550824,42.35921724443994],[-71.160187683670699,42.35921475321085],[-71.160274155499948,42.359188940805666],[-71.16031738243143,42.359177635014007],[-71.160360912095143,42.359167014922853],[-71.160411259073555,42.359150470438216],[-71.160436899686701,42.359141398982082],[-71.160461910580864,42.35913438396959],[-71.16048228077824,42.359130785522794],[-71.160504175416676,42.359130164208231],[-71.16051497765794,42.359128138961623],[-71.160524539325834,42.359127480474335],[-71.16053533887218,42.359125911256641],[-71.160544907726589,42.359123882690945],[-71.160555717154395,42.359120483382831],[-71.16056653376873,42.359115943006174],[-71.160576120589454,42.359110481941599],[-71.16058447222666,42.359105476905697],[-71.160593144562398,42.359098183757879],[-71.160601810609947,42.359092035660787],[-71.160608636907796,42.359084052161357],[-71.16061577132777,42.359076069324686],[-71.160624457138255,42.359066262369311],[-71.160635300702054,42.359056462050354],[-71.160646448794736,42.359047575780409],[-71.160711376328507,42.359014152853135],[-71.160764239488032,42.358988240131865],[-71.160818324356356,42.358964388497043],[-71.160853214023675,42.358955573240635],[-71.160889632623608,42.358948592061196],[-71.160925438572519,42.358941379878665],[-71.160960320154999,42.358933708345951],[-71.161051765057664,42.358900134011719],[-71.161110526555333,42.35892408922367],[-71.161198181465807,42.358964593611063],[-71.16127691251225,42.359002327939244],[-71.161279701781226,42.358999592423572],[-71.161432074019714,42.35881573044982],[-71.161434247044383,42.358812992934631],[-71.161385045417958,42.358788837876091],[-71.161319539369117,42.35875731660272],[-71.161335026324622,42.358744098320685],[-71.161364161384228,42.358715599979277],[-71.161383405992567,42.358691646679226],[-71.161384669023846,42.358686161680879],[-71.161387168136969,42.358679994957036],[-71.161388434761534,42.358673824249749],[-71.161388467999188,42.358667650222849],[-71.16139069222784,42.358655308805261],[-71.161394459762136,42.358642742356103],[-71.161405365309676,42.358621279617182],[-71.161418733139442,42.358600738229832],[-71.16143425872248,42.358580431822155],[-71.161463408155129,42.358549189905652],[-71.161493476564331,42.358519093699449],[-71.161522702353793,42.358473673552261],[-71.161528617759927,42.358462943814388],[-71.161534846678123,42.358451528364299],[-71.161541993674504,42.358440801941619],[-71.161551614631207,42.358429396444592],[-71.161604811964011,42.358398224816327],[-71.161660163456872,42.358368202884073],[-71.161791248318082,42.358301586629807],[-71.161911721380832,42.358259178680932],[-71.162037111821448,42.358219529486441],[-71.162050076307636,42.358216824471846],[-71.162062423651207,42.358214344487813],[-71.162074152953878,42.35821163615396],[-71.162086500297448,42.358208927819987],[-71.162088663440656,42.358208019067689],[-71.162091130214435,42.358208026369553],[-71.162093297849225,42.358206431904243],[-71.162093304137414,42.358205288164072],[-71.162094848341397,42.358204607761493],[-71.162094852832965,42.358203693034866],[-71.162094857324547,42.358203005994234],[-71.162096096101337,42.358201866236875],[-71.162096101491215,42.358200951510213],[-71.162097041129002,42.358198210649199],[-71.162098287092292,42.358195698801687],[-71.162099840279424,42.358193873994807],[-71.162100772730682,42.358192276873908],[-71.162103250284247,42.358190225044765],[-71.162104488162711,42.358189542650614],[-71.162105726041162,42.358188631906586],[-71.162106959428058,42.35818863522563],[-71.162107889184369,42.358187494804191],[-71.162109432490041,42.358187499450878],[-71.162110664080288,42.358187502769923],[-71.162111590243342,42.35818750542515],[-71.162112823630224,42.358187509408005],[-71.162115290403989,42.358187516709862],[-71.162116517502682,42.358188663769347],[-71.162117440970789,42.358188666424574],[-71.162118977988243,42.358189585134276],[-71.162121137538179,42.358189591772366],[-71.162122366433493,42.358190281468424],[-71.16212482871569,42.358191203497093],[-71.162127293692834,42.358191210799006],[-71.162129760466584,42.358191218100863],[-71.16213314172532,42.35819305684776],[-71.162136851767443,42.358191238678891],[-71.16213932303279,42.358190331253994],[-71.162142714173001,42.358190341211071],[-71.162146417926905,42.358189666118783],[-71.162150128867339,42.358187618936235],[-71.162152291112236,42.358186939197275],[-71.162172971228387,42.358182654982905],[-71.162181306695928,42.358180621740082],[-71.162190874651998,42.358179049179697],[-71.162198288448039,42.358176326904371],[-71.162206929342773,42.358174751688651],[-71.162220833466719,42.358169303818457],[-71.162248610273622,42.358164126117551],[-71.162275463612417,42.358158716747248],[-71.162290898465628,42.358155103640804],[-71.162306337810406,42.358150804156715],[-71.162335352495788,42.35814471504586],[-71.162424219233571,42.358131713036421],[-71.162472345576603,42.358126366061327],[-71.162491469810689,42.358124821379562],[-71.162505036168113,42.35812486120804],[-71.16251674840278,42.358125581439964],[-71.162530001248172,42.358126535332417],[-71.162543258585131,42.358126573833303],[-71.162557754698881,42.358125702253076],[-71.162572255304184,42.358123915281283],[-71.162591380436595,42.358122370599411],[-71.162611728176074,42.358122430342178],[-71.16261882486684,42.358121536192421],[-71.162627463964924,42.358120418339283],[-71.162641958282023,42.358119775109031],[-71.162656145375308,42.358118901537303],[-71.162671869486047,42.358118948003877],[-71.162681423069088,42.358119890611654],[-71.162692215428919,42.358119922474451],[-71.162722430263486,42.358120010760963],[-71.162739087723807,42.358118458777128],[-71.162747719635377,42.358118484001878],[-71.162755741590857,42.358117364157224],[-71.162763135623976,42.358118529804628],[-71.16277021794167,42.358120150824512],[-71.162784714953716,42.358119278580418],[-71.16279796330754,42.358120918186934],[-71.162811226034378,42.358120270973821],[-71.162832797279293,42.358122164155056],[-71.162855609097619,42.358123145263676],[-71.162875032470708,42.358123202351209],[-71.162944452479238,42.358114258861789],[-71.162963893818599,42.358110886051392],[-71.162984257727786,42.358108429960289],[-71.163005854125515,42.358105749501796],[-71.163020345747697,42.358105791985565],[-71.163034832878267,42.358106520183398],[-71.163075545425272,42.358103895484781],[-71.163115018297177,42.358102410545207],[-71.163125809758682,42.358102441744187],[-71.163135366934981,42.358102470287989],[-71.163148943173866,42.358100680660264],[-71.163162205002422,42.358099804433031],[-71.163197059635436,42.358097162475076],[-71.16324732935874,42.358094794669995],[-71.163387909412492,42.358097721401883],[-71.163408560782571,42.35809892488674],[-71.16342890133555,42.358100585071853],[-71.163458807149667,42.358100672694576],[-71.163474535751973,42.35810003278317],[-71.163489951740573,42.358100077922124],[-71.163572874326121,42.358103064396552],[-71.163582432400744,42.358103092276536],[-71.16358736145672,42.358103793258287],[-71.163591980593907,42.358104721262499],[-71.163596905158286,42.358106565322394],[-71.16360152160054,42.358108179040713],[-71.163606443469973,42.358110251450547],[-71.163610134647485,42.358111863177363],[-71.163613829418239,42.358112788526242],[-71.163617524188993,42.358113713875092],[-71.16362244785509,42.358115557934724],[-71.163630464420677,42.358115581168008],[-71.163654513219129,42.358115651531698],[-71.16367732863074,42.358115718576336],[-71.163697673675287,42.35811646403311],[-71.163719558432234,42.358117671500487],[-71.163739907070067,42.358117730579437],[-71.163772286844477,42.358116682426044],[-71.16380374315078,42.358115173589709],[-71.163834589500993,42.358112519683836],[-71.163876839065452,42.358111042046382],[-71.163888862117204,42.358111077228237],[-71.163902119454164,42.358111116392898],[-71.163916597601599,42.358113674046614],[-71.163933228112469,42.358117152402343],[-71.163951091111883,42.358120863754614],[-71.163964633214803,42.358125476558257],[-71.163971403817072,42.358128011641924],[-71.16397878796873,42.358130777066869],[-71.16399231929185,42.358137219988812],[-71.164004013560231,42.358141598467],[-71.164017255625822,42.358144381150396],[-71.164025876757606,42.358146922207524],[-71.16406532178172,42.358150467606066],[-71.164081965767323,42.358151659141363],[-71.164098916976727,42.358152623654341],[-71.164132192371483,42.358157065193232],[-71.164164846132053,42.358162649145072],[-71.164204268698299,42.358170767514601],[-71.164242766898113,42.358178654877939],[-71.16425231419295,42.358180740561636],[-71.164260943409559,42.358181452163464],[-71.164268034710418,42.358181472741506],[-71.164284986818146,42.358182436590205],[-71.164310250138897,42.358186169180442],[-71.164333050279126,42.358188979741762],[-71.164362005675656,42.358194095042691],[-71.164390640373668,42.3582014964961],[-71.164410046678753,42.358204983476519],[-71.164421766099949,42.358204332281446],[-71.164435010860487,42.358207114962021],[-71.164474750532037,42.35821340387286],[-71.164512944202968,42.358220375840659],[-71.164535736258358,42.358225244202785],[-71.164544048369677,42.358227556243207],[-71.164551433419632,42.358230321663768],[-71.164558504957554,42.35823400048281],[-71.164565885515927,42.358237680629237],[-71.164577560021357,42.358245489655012],[-71.164587391183815,42.358251921944252],[-71.164595678142319,42.358259033971066],[-71.164600590130291,42.358263393854209],[-71.16460518770792,42.35826820977222],[-71.164607641905263,42.358270731573967],[-71.164610090712742,42.358274168765028],[-71.164620837258482,42.358282431829949],[-71.164631590092441,42.358289552482752],[-71.164643579906524,42.358296448104404],[-71.164655570618933,42.358302885035094],[-71.164670948878282,42.358310018961731],[-71.164678327640047,42.358313699767564],[-71.164686946975195,42.358316468503375],[-71.164699859359089,42.358323595126613],[-71.164711844681605,42.358330718430011],[-71.164737051408466,42.358345198694025],[-71.164761034629933,42.35835761651019],[-71.164783789854383,42.35836911694448],[-71.164799461862842,42.358378996363498],[-71.164813607633619,42.35838612629864],[-71.164830203110171,42.358396236055448],[-71.164848356265423,42.358403377937179],[-71.164860347876157,42.358409587171685],[-71.164868644716137,42.358414870397397],[-71.164876007308209,42.358421981078131],[-71.164881835577759,42.358427486013682],[-71.16488797466441,42.35843276326365],[-71.164895317493546,42.358443532171187],[-71.164901123305228,42.358453381707271],[-71.164914278234235,42.358472857736487],[-71.164919172255907,42.358480189457552],[-71.164924992440646,42.35848729482047],[-71.164939417587462,42.358499914405058],[-71.164954767999063,42.358512307629887],[-71.164965518138047,42.35852034231489],[-71.164977498968994,42.358528380981703],[-71.16498824641306,42.358536644013199],[-71.164997757775282,42.358545361749201],[-71.165011275623684,42.358554548129433],[-71.165025416902878,42.358562363753833],[-71.165049104578614,42.358572494723965],[-71.16507217331511,42.358583080397835],[-71.165089088591898,42.358591133660255],[-71.165106616519736,42.358600102970165],[-71.165128453665972,42.358609998947884],[-71.165148751998132,42.35861989094132],[-71.165214881477766,42.358650268551557],[-71.165221943134213,42.358655777449947],[-71.165235149267204,42.358665419846339],[-71.165264007645717,42.358688828174778],[-71.165276893080147,42.358701214060488],[-71.165290090230002,42.358712686552181],[-71.165308210147572,42.35872623076758],[-71.165324778674673,42.358741372087003],[-71.165335200928624,42.358753064289708],[-71.165341650832346,42.358757657132898],[-71.165346252901557,42.358762014326246],[-71.165353316354626,42.358767294203304],[-71.165357002142244,42.358770050306937],[-71.165361925808313,42.358771893683489],[-71.165365615189174,42.358773733077165],[-71.165377303169336,42.358779255240727],[-71.165391748079116,42.358787986882888],[-71.165409872488283,42.358800617691706],[-71.165426445506967,42.358815071959256],[-71.165443333834304,42.358828155474789],[-71.165452835315065,42.358838930952587],[-71.165461103408944,42.358849701118089],[-71.16546844623808,42.358860471281801],[-71.16547515844988,42.358873753927995],[-71.165481567929433,42.358886120527067],[-71.165488602636401,42.358896888693103],[-71.165495945465551,42.358907657521151],[-71.165503905437276,42.358918428338683],[-71.16551341140962,42.358928289084936],[-71.165518325194228,42.358931961888914],[-71.16552446877246,42.358936325044326],[-71.165535226996298,42.358942530243439],[-71.165546909586567,42.358948967107914],[-71.165560444502944,42.358954951924332],[-71.165572126194903,42.358961388787584],[-71.165591177665448,42.358973792542159],[-71.165609305667886,42.358985736281497],[-71.165635437659503,42.358999990039187],[-71.165662182302142,42.35901515983597],[-71.165680321084352,42.359025045791419],[-71.165691994691457,42.359033083066052],[-71.16570428544118,42.359041122331043],[-71.165717202316671,42.359047334157765],[-71.16573042192438,42.359054691036171],[-71.165737489869031,42.359059055510663],[-71.16577342337871,42.359085685768463],[-71.165785397921454,42.359095553790269],[-71.165791533414847,42.359101059330577],[-71.165798598664551,42.359106339179156],[-71.165810584885392,42.359113463057632],[-71.165820427725947,42.359118065167664],[-71.16583088770912,42.359122440258503],[-71.165851189634537,42.359131418785715],[-71.165875173754316,42.359143836446513],[-71.165899150687579,42.359157397163898],[-71.165914824492646,42.359167276458948],[-71.165919424765207,42.359171861970125],[-71.165925568343454,42.359176224445065],[-71.165931696650318,42.359183331720693],[-71.165935980715901,42.359189747319036],[-71.16594700843433,42.359203041843962],[-71.165956819833866,42.359213818585047],[-71.165966330297763,42.359222764573154],[-71.165982919486126,42.359234246262787],[-71.165996129212388,42.359243430550933],[-71.166011499386897,42.359252164783769],[-71.166025946991596,42.359260439004629],[-71.166046216577669,42.359275591479893],[-71.166060651605974,42.35928638082067],[-71.166073844264233,42.359298767252412],[-71.166095351728785,42.359313006335583],[-71.166117162823866,42.359328163444722],[-71.166123917256499,42.359333670292266],[-71.166131283441828,42.359340095168385],[-71.166137421630154,42.359345372341707],[-71.166149072779405,42.359357754779019],[-71.166161350054381,42.359368309122246],[-71.166188991215677,42.359388969741765],[-71.166217556743391,42.359409633673508],[-71.16623995084511,42.359431193720916],[-71.166262957597851,42.359453441451748],[-71.166268793053931,42.35945780324338],[-71.166274632103281,42.359461479335394],[-71.166278312501007,42.359465148789234],[-71.166281083803653,42.359465842454071],[-71.166283236167075,42.359466992145393],[-71.166284152448654,42.359468595208092],[-71.1662869165648,42.35947066159892],[-71.166286912971543,42.359471347298182],[-71.166287831049758,42.359472951024522],[-71.16628782476154,42.359474094077761],[-71.166289050063611,42.359475698467833],[-71.166289038385486,42.359477756892964],[-71.166290570911372,42.359479361946697],[-71.166291490786222,42.359480279309913],[-71.166292706206804,42.35948371245204],[-71.166295162200782,42.359485778178602],[-71.166297619991411,42.359487385887363],[-71.166300073290444,42.359490136649015],[-71.166302226552176,42.359490828985969],[-71.166308061109959,42.359495419783883],[-71.166315429091924,42.359501614970867],[-71.166322487155099,42.359508038502213],[-71.166339387160534,42.359518835104829],[-71.166355980840464,42.35952940203304],[-71.166360894625072,42.359533074801881],[-71.16636212082544,42.35953468051801],[-71.166363343432536,42.359536740932583],[-71.166364567836254,42.359538345321049],[-71.166364562446375,42.359539488373144],[-71.166365794036636,42.359539492355879],[-71.166365785951797,42.359541092761503],[-71.166366706724972,42.359541781778972],[-71.166366701335079,42.359542924830961],[-71.166368242844086,42.359542929477541],[-71.166368238352518,42.359543844184657],[-71.16636947084109,42.35954384750363],[-71.166371626797783,42.359544539840002],[-71.166374096266495,42.359543860779475],[-71.166376255816431,42.359543867417422],[-71.166381192058921,42.359542966649947],[-71.166384898507772,42.359541834218646],[-71.166388607651598,42.359540244433703],[-71.166392311405502,42.359539569355917],[-71.166395714223782,42.359537520889738],[-71.166399422469297,42.359535931104688],[-71.166403131613095,42.359534112310925],[-71.166428161371869,42.359523438512724],[-71.166446387290662,42.359517087336435],[-71.166452246102949,42.359517104595071],[-71.166459345488647,42.359515524102633],[-71.16646674401332,42.359515546007792],[-71.166472607317175,42.359514647895132],[-71.166480008536794,42.359514669136544],[-71.166487099837653,42.359514689714139],[-71.166495726359329,42.359515629645813],[-71.166502814066931,42.359516564930928],[-71.166506514227564,42.359516575551616],[-71.166511134263075,42.359517275190036],[-71.166516054335901,42.359520033252132],[-71.166520674371398,42.359520961235432],[-71.16652436465057,42.359522802598597],[-71.166529278435192,42.359526474704019],[-71.166534195813057,42.359529232765716],[-71.166538804170457,42.359532676525845],[-71.166543722446647,42.359535206906152],[-71.16655079488288,42.359538885648803],[-71.166556643813706,42.359540731657965],[-71.166562802663279,42.359542349986],[-71.166568649797455,42.359544425003754],[-71.166584371213247,42.359545156503934],[-71.166630277819209,42.359551692875648],[-71.166652780617085,42.359552672634386],[-71.166674668068993,42.359553422056841],[-71.166698706087658,42.359555549513885],[-71.166721205292262,42.359557215634652],[-71.166740312458359,42.35955910080709],[-71.1667837954097,42.359557396850178],[-71.166826961255722,42.359557522307071],[-71.166860568128826,42.359557619220872],[-71.1668772121144,42.359558811393292],[-71.166895400303957,42.359559549531205],[-71.166912360496525,42.359558912953631],[-71.166953070348569,42.359556972686356],[-71.166992862122399,42.359553657703444],[-71.167022790394398,42.359550085832346],[-71.167034827819208,42.359547376228491],[-71.167046872430532,42.359543752581175],[-71.16706508936619,42.359538774795332],[-71.167079306103872,42.359532412999862],[-71.167092907495601,42.359526049212391],[-71.167107113453483,42.359521745839331],[-71.167121623041965,42.35951835783726],[-71.167154058511926,42.359506789242594],[-71.167171048348891,42.359500664418263],[-71.167186492185252,42.359495449654609],[-71.167197294426558,42.359493422428415],[-71.167212722991565,42.359491180796724],[-71.167230920164258,42.359490090183463],[-71.167249115540358,42.359489227915262],[-71.167265773898976,42.35948767530148],[-71.167274416590317,42.35948587110974],[-71.167282751159519,42.359484065590387],[-71.16729108483041,42.359482260734779],[-71.167312672245004,42.359481408423406],[-71.167334256964651,42.35948147082005],[-71.167341655489352,42.35948149206142],[-71.167352441560965,42.359482437967785],[-71.167364148405738,42.359484301237245],[-71.167387259363053,42.359486883395405],[-71.167430400056247,42.359491810073273],[-71.167437799479245,42.359491831978438],[-71.167455689428138,42.359490740037629],[-71.16748345635358,42.359487161525045],[-71.167500114712198,42.359485608911164],[-71.167525425643646,42.359480194344286],[-71.16755073657508,42.359475007458322],[-71.167574823102811,42.359467988500285],[-71.167589342572739,42.359462542069771],[-71.167602325025229,42.359456634301836],[-71.167615615599857,42.359450269842931],[-71.167638480418773,42.359441189136952],[-71.167662580421222,42.35943165439425],[-71.167742006763703,42.359396211079883],[-71.167761472357583,42.359388492473258],[-71.167780635219216,42.359379401137602],[-71.167804730730097,42.359370781095208],[-71.167828823546017,42.359362618406486],[-71.167845511549061,42.359355349185108],[-71.167892501523241,42.3593317028024],[-71.167938255415606,42.359308510447114],[-71.167957414683997,42.359300562156378],[-71.167973171134065,42.35929443332919],[-71.16801547549575,42.35928220753518],[-71.168058706020489,42.359269983730222],[-71.168097285068683,42.359262777558804],[-71.168135863218552,42.359255800396248],[-71.168144202279336,42.359253078831323],[-71.168148825908105,42.359253092771041],[-71.168152541340106,42.3592503592577],[-71.168160889384055,42.359246038607054],[-71.168166766162642,42.359242397683651],[-71.168172950165044,42.359238984442229],[-71.168185016335954,42.359231016892558],[-71.168192126501424,42.359227378623522],[-71.16820077907424,42.359223973346836],[-71.16820448372647,42.359222839582166],[-71.168208188378713,42.359221935491149],[-71.168212813804118,42.35922194876705],[-71.168224855720496,42.359218553447036],[-71.16823319478128,42.359215833871922],[-71.168242773517136,42.359212203567552],[-71.16825266127347,42.359207886897032],[-71.168271820541861,42.359199938593562],[-71.168316311402933,42.359182229817549],[-71.168342561972167,42.359174302752308],[-71.168398138942166,42.359159369969539],[-71.168438568519846,42.359150630413431],[-71.168625377674744,42.358965001183854],[-71.173916818515906,42.353473679413028],[-71.17485016001126,42.350345963674521],[-71.166683986293435,42.340112728563099],[-71.166809012916346,42.339298876282655],[-71.168411806809203,42.338715589834145],[-71.168634046417239,42.338637813250827],[-71.168936816397235,42.338457284167731],[-71.169217405176227,42.33807673147885],[-71.169122979663456,42.337385087773853],[-71.168859152549345,42.336312898996013],[-71.168886976068649,42.335835151279603],[-71.168570334304022,42.335151832032672],[-71.168472028069232,42.335094105399591],[-71.16818980255978,42.3347990580003],[-71.167528798817543,42.333368553242465],[-71.165303516450223,42.333634346579863],[-71.16305656043005,42.333860179388708],[-71.162713337516195,42.333892974870167],[-71.162442825139749,42.333900389146145],[-71.161990408409835,42.333862198808845],[-71.161405993232066,42.333733505634903],[-71.160834362877424,42.333496261685696],[-71.160076035657298,42.333124060232052],[-71.159633181493575,42.332884618552669],[-71.159181645112668,42.332504621178906],[-71.158664997941614,42.33199630596426],[-71.1570373216137,42.330399173164217],[-71.156887331707324,42.330249184433733],[-71.149853671254689,42.334643264621796],[-71.150462004975211,42.334976603371814],[-71.150134239372463,42.335218245717734],[-71.150059206690031,42.335401557829073],[-71.148295286476227,42.335815393321454],[-71.148742489384233,42.336873679762171],[-71.147323017386356,42.337195856975235],[-71.146156622363563,42.337450518997194],[-71.146342720951083,42.338044941513786],[-71.146489929673322,42.33816993325555],[-71.146606295638605,42.338545761577585],[-71.146245485508103,42.338603238692961],[-71.146162133527824,42.338706012770409],[-71.145276005687165,42.339344853444381],[-71.144212103048403,42.340030892687885],[-71.142395440049356,42.340069710078168],[-71.141939904368755,42.340016914171919],[-71.141750381403384,42.340404438359151],[-71.141619482493439,42.340649919638935],[-71.141449964111132,42.340884580238729],[-71.141326875154249,42.341056379536489],[-71.141095634427074,42.341244724911448],[-71.140070403362998,42.342097325650357],[-71.139906506637729,42.342208436216453],[-71.135278622550857,42.34594983632303],[-71.135174480859959,42.346014639181632],[-71.133381372585944,42.347130375329691],[-71.129281763463169,42.349075205485214],[-71.129150862756589,42.349246965140445],[-71.12900442658551,42.349383795862664],[-71.128780884420308,42.349567061366969],[-71.128580393025302,42.349704279772261],[-71.128584050066848,42.349841418210552],[-71.12685365138617,42.35009931263123],[-71.126575770129449,42.35023625767905],[-71.126221375766704,42.350419678703744],[-71.125889839036375,42.350585703341331],[-71.125527499973259,42.350797223640505],[-71.124811061194833,42.351209036535515],[-71.124453785934975,42.35139860556351],[-71.124067768179287,42.351560943758749],[-71.122942758541654,42.351424826134796],[-71.122873313380282,42.351763726167476],[-71.110977892456575,42.35033251856435],[-71.110975158883178,42.350332189274646],[-71.106550975871826,42.349799559569831],[-71.107142756336572,42.347054946835733],[-71.105670595452338,42.344129686198642],[-71.105547544224734,42.343882291696652],[-71.105517090438269,42.343821065380915],[-71.105861049072359,42.343700715333782],[-71.106072351691793,42.343591494384178],[-71.106174331137794,42.343499243470482],[-71.106221497181792,42.343441551058667],[-71.106229686223926,42.343377926739699],[-71.106245575624669,42.343331683621393],[-71.106300593842562,42.343268219870858],[-71.106514943547452,42.343115157786372],[-71.106582289345994,42.343080816750977],[-71.106661422837689,42.343044050223455],[-71.106908765866322,42.34296301758144],[-71.10714202780288,42.342867928604434],[-71.107442975999476,42.342696344071378],[-71.107888478396646,42.342559787620871],[-71.108028513173025,42.342487370738269],[-71.108116858887968,42.342414800394202],[-71.108194900926577,42.342338364304162],[-71.108226279977771,42.34228092645769],[-71.108226802797262,42.342196541742865],[-71.1082272160223,42.342116725078938],[-71.108240291001266,42.342067240821187],[-71.10826929131359,42.342012578820885],[-71.108317944967681,42.341964091777513],[-71.108446034845727,42.341859754040364],[-71.108772399974967,42.341757294532748],[-71.1090417768809,42.341673820098457],[-71.10935768921351,42.341590526156672],[-71.109554480447855,42.341502701743202],[-71.109601440777638,42.341468603509298],[-71.109660016324071,42.341410012190664],[-71.109768340570909,42.341231347573299],[-71.109851401497025,42.341177943102167],[-71.109986216163293,42.341117024899155],[-71.110090082969705,42.341040670229994],[-71.110178429582945,42.3409680809524],[-71.110360775907523,42.340742399826567],[-71.110470231133334,42.340600858518528],[-71.110579708816999,42.340451632479208],[-71.110663499175118,42.340279304979688],[-71.110713667388794,42.340133266033021],[-71.110721523155959,42.340091558295633],[-71.110707336960971,42.340041284940916],[-71.110680741438671,42.33999935470267],[-71.110676145657692,42.339907283110584],[-71.110765143549514,42.339727312114199],[-71.110843998563482,42.339512776505025],[-71.110885965158602,42.338892900376649],[-71.11093687358408,42.338753685590483],[-71.11103073046327,42.338573674771503],[-71.111114674433324,42.338374501906053],[-71.111313997120135,42.337911058937124],[-71.111403558255631,42.337639033210969],[-71.111466187898941,42.337543339223288],[-71.111533857989286,42.337466861353768],[-71.111560179525426,42.33739023000097],[-71.11156048585093,42.337340370167915],[-71.111534917103,42.33729425807087],[-71.111416621556486,42.337194117882497],[-71.111293140934166,42.337097813637953],[-71.111221361949717,42.336997858401482],[-71.111201312450874,42.336915008479394],[-71.111171020361184,42.336779050383889],[-71.111154070948402,42.336725592328754],[-71.111114814570485,42.336671458904746],[-71.111058384200987,42.336637905215873],[-71.110908723976337,42.336555695614358],[-71.110800857870274,42.336440244872477],[-71.110708556873149,42.336317204622262],[-71.110700715479027,42.336270935061748],[-71.11071431597243,42.336221314059536],[-71.110737530236008,42.336172485217958],[-71.110797811683156,42.336095033525403],[-71.110901645251886,42.336022490333782],[-71.110979628900012,42.335953718155395],[-71.111001000718943,42.33584255337383],[-71.110991115657569,42.335765813794602],[-71.110929600823525,42.335681219130478],[-71.11073401153503,42.335542479996064],[-71.110553498671948,42.335472826765837],[-71.110517669366857,42.335411330626215],[-71.11052611173389,42.33537282843951],[-71.110533636022708,42.335338508409421],[-71.110592078618453,42.335258113949401],[-71.110969771686413,42.334883026984329],[-71.111116313858702,42.334742099355282],[-71.111339443697176,42.334608606852747],[-71.111568281430962,42.334383076221982],[-71.111766011404796,42.334176625255012],[-71.111958146671029,42.334035342761709],[-71.112053904385363,42.333910384638045],[-71.112192167683986,42.33380982933307],[-71.112390293814855,42.333538168369415],[-71.112658903559534,42.333084139513979],[-71.112833891783609,42.33285690869679],[-71.112969222981178,42.332703937481881],[-71.113088684540926,42.332612288186787],[-71.11316677239364,42.33252432904311],[-71.113224133417773,42.332443962197459],[-71.113255385806511,42.332405706559989],[-71.113266020961163,42.332355881955777],[-71.113235355172293,42.332298256352978],[-71.113233508236092,42.332244600577134],[-71.113271981283077,42.332225489634808],[-71.113298081833648,42.332183381523627],[-71.113293418679007,42.33210282962721],[-71.113559329884566,42.330512477999662],[-71.114039484793821,42.329476661630629],[-71.113948895985629,42.32949656502803],[-71.112498212023198,42.329813109221497],[-71.11394912685266,42.329495986587716],[-71.113957008670965,42.329494263884797],[-71.114039704881094,42.329476188119635],[-71.115040642804928,42.327316796780217],[-71.115272642608545,42.326943622325032],[-71.115347061741616,42.326884321456248],[-71.115446123459563,42.326834270656036],[-71.115563693167317,42.326788850858591],[-71.115681395825746,42.326720558054539],[-71.115761948655589,42.326636243446181],[-71.115811921934835,42.326569839959042],[-71.115965316456126,42.326387995101264],[-71.116015305006727,42.326254675477188],[-71.116023638677618,42.326143563952051],[-71.115945874218426,42.325963012286323],[-71.115948647317708,42.325743586074466],[-71.116134550970799,42.325279250384924],[-71.116209053647211,42.325210790567304],[-71.11624662478566,42.325119311004848],[-71.116272321992668,42.3249545095778],[-71.116353507236482,42.324799039170259],[-71.116347934088466,42.324702834166501],[-71.116329975867615,42.324606583188412],[-71.116404644732327,42.324510654846357],[-71.116362609865263,42.324318136879121],[-71.116425481155375,42.324125973652237],[-71.116537662768039,42.32394770625141],[-71.116674145605785,42.323833660996307],[-71.116773254934444,42.323779014362884],[-71.117125576883836,42.323693174858612],[-71.117453121501043,42.323625555485897],[-71.117786824069526,42.32356254805962],[-71.118009126559627,42.323544959421596],[-71.118169827079129,42.3235088436533],[-71.118280981019112,42.323500053312465],[-71.118398481556582,42.32346381198942],[-71.118479169133721,42.323390778679624],[-71.118479665902072,42.323308335241379],[-71.11850979449838,42.323124483109169],[-71.118870907361142,42.322866193773216],[-71.119437557455853,42.322744034240856],[-71.120070904765427,42.322813538842908],[-71.121529216322955,42.323891397300109],[-71.123368130591615,42.32258053835438],[-71.123712589587313,42.322725003434783],[-71.124276467481039,42.321858444429104],[-71.127140999089363,42.318660646416284],[-71.128729905926249,42.31681922842305],[-71.130607745094494,42.314572343054962],[-71.131863336536782,42.313186441946137],[-71.13279667803215,42.31178383910958],[-71.134452278490656,42.309114694036637],[-71.136502348055075,42.306212245134795],[-71.140096612609725,42.302182442717424],[-71.140096900968928,42.302182119819548],[-71.146883244444069,42.297288334164186],[-71.150361156508168,42.295507828750118],[-71.152114011274293,42.294596697181944],[-71.164702885783271,42.303839059021655],[-71.178612190335116,42.294618923333708],[-71.190905175959188,42.283256841899266],[-71.191249729277985,42.282999989317879],[-71.191231124270132,42.282661369408743],[-71.191132010449905,42.282373178145946],[-71.190975213110306,42.282132811613295],[-71.190753993090127,42.281849633770449],[-71.190510829922488,42.281657033163853],[-71.190253071826447,42.281507030610655],[-71.189930976389761,42.281298226206921],[-71.189529717816967,42.281126510963439],[-71.189085578164068,42.280917373651668],[-71.188662973823511,42.28070828815116],[-71.18842665222509,42.280579682332061],[-71.18819936139019,42.280463850402342],[-71.187809236537049,42.280273172322232],[-71.187060752157464,42.280043411294905],[-71.185991186539155,42.279780242877983],[-71.185511948809818,42.279690848046606],[-71.185424497816911,42.279649929042584],[-71.185358415947988,42.279599909801014],[-71.185317221904,42.279529118595441],[-71.185288495577822,42.279466322912526],[-71.183258156610336,42.276002159523436],[-71.183160301329806,42.275921955789066],[-71.183048330821208,42.275862078429732],[-71.182895982837223,42.275861657689475],[-71.182780251980873,42.275888299249871],[-71.182495892074314,42.275974163402779],[-71.18124232273972,42.27621440254822],[-71.180407526431026,42.276378819131381],[-71.17976543581878,42.276496126826125],[-71.179139381032655,42.276607539356071],[-71.178553433329014,42.276719042083876],[-71.17746206470045,42.276876768153635],[-71.177109363662012,42.27686783903188],[-71.176924955703868,42.276845494287983],[-71.176781966368523,42.276807602322016],[-71.176364624358868,42.276653349635289],[-71.175932512249318,42.276473469555448],[-71.17544450786113,42.276251760474246],[-71.174972622842361,42.27601221871528],[-71.174764942230155,42.275850840742194],[-71.174605493063851,42.27567173272223],[-71.174510260863968,42.275480895240861],[-71.174438982241099,42.275308000950325],[-71.174416198270549,42.275057827291199],[-71.174513810107641,42.274790110864053],[-71.174611059923663,42.274587911826671],[-71.174772708165776,42.274338255098755],[-71.174853888019697,42.27414791741802],[-71.174870622735128,42.274010992832757],[-71.174887320619632,42.273880040921732],[-71.174863991371694,42.273743002090988],[-71.174785484005753,42.273415240866079],[-71.174603140376135,42.273009780425355],[-71.174327959455141,42.272625375414542],[-71.174040821957732,42.272274512215418],[-71.173859426050726,42.271995308286073],[-71.17370699721836,42.271701884086717],[-71.173583336034667,42.271422825189333],[-71.173527157193433,42.27112253369426],[-71.173412731589167,42.270922107686943],[-71.173154206331859,42.270678398412748],[-71.172991854708883,42.270442116596023],[-71.172954052703403,42.270306225599995],[-71.172964538737716,42.270141892884986],[-71.173022816941767,42.270034868826016],[-71.173216544921004,42.269785306403996],[-71.173622731651463,42.269379143242652],[-71.17394154644073,42.269129934529175],[-71.174308511827547,42.268866558337628],[-71.17450201073639,42.268659871165603],[-71.174609257004889,42.268381463555848],[-71.174601111980209,42.268095607427874],[-71.17458307201268,42.267859722098493],[-71.174526597625714,42.267616606583616],[-71.174441362776619,42.267351947717891],[-71.174317144637442,42.26718723702524],[-71.174154395959093,42.267029548529813],[-71.173904986805297,42.266885916893742],[-71.173607378544929,42.26675644658242],[-71.173155859231983,42.266626532601009],[-71.172795457834937,42.266552919478698],[-71.172386722584037,42.266517151264004],[-71.172079179854947,42.266451960059136],[-71.171867903286653,42.266379886355466],[-71.171695215648,42.266286501134566],[-71.171541969348738,42.266150274773366],[-71.171379630302155,42.265913994597192],[-71.17132375059991,42.265700117415768],[-71.171324800730488,42.265356437253146],[-71.168949700035043,42.263442849735007],[-71.164858010459795,42.260190127856767],[-71.163477436412023,42.259098473394111],[-71.158594051695417,42.255156818403343],[-71.15231299260131,42.258345017201904],[-71.146643360127214,42.255764459594211],[-71.146134733115019,42.253011388167721],[-71.145597855883793,42.250105145633754],[-71.144579875122375,42.245325887820883],[-71.144543346927961,42.245154150387094],[-71.142677202926407,42.235987685812866],[-71.130749669027921,42.22791977693533],[-71.130526084641915,42.228098439903953],[-71.130347510343199,42.228324928661877],[-71.130266757189048,42.228512961480078],[-71.13019189159327,42.228603920868572],[-71.130101423159317,42.228676369001519],[-71.129956197917238,42.228739918363082],[-71.129674158359052,42.228762278160623],[-71.129486049341935,42.228790770843702],[-71.129356425141381,42.228863109673988],[-71.129203081824059,42.228976089707629],[-71.129068953470679,42.229147335712952],[-71.128954363474719,42.229324462662149],[-71.128906264081152,42.229519273861698],[-71.128889784487257,42.229655977783473],[-71.128864175315144,42.229729063265331],[-71.128830358236272,42.229777995290483],[-71.128775720904059,42.229827680906027],[-71.128523665313423,42.229995252917476],[-71.128382189639325,42.230087904330396],[-71.128252367809424,42.230192241104575],[-71.128078969603393,42.230380833743141],[-71.127962395228963,42.230552808937489],[-71.127755519507232,42.230790057696609],[-71.127632992895755,42.230984626914598],[-71.127530378340836,42.2311239702967],[-71.127420391312398,42.231184717588121],[-71.127220508076846,42.23121607263667],[-71.126997205761839,42.231235708445219],[-71.126781881384858,42.231235008710541],[-71.12660937251097,42.231272292186439],[-71.126389481099096,42.231379233043072],[-71.12623992507902,42.231509685903212],[-71.126164742377938,42.231643299252084],[-71.12605047397885,42.231765140645805],[-71.12595223691433,42.231825925898328],[-71.125814871032645,42.231877847433807],[-71.125607320676153,42.231885906272709],[-71.12547806927644,42.231891301224458],[-71.125352445273847,42.231946178586327],[-71.125230362430102,42.232065090126447],[-71.125119699868563,42.232239326851854],[-71.125064130983418,42.232367166613983],[-71.124973428089177,42.232477445253245],[-71.124881232194937,42.232548542710809],[-71.124745407822303,42.232630932705966],[-71.124583961701106,42.232787531266808],[-71.12452448065288,42.232912464633579],[-71.124503778977171,42.233101523380327],[-71.124511227807503,42.233165570457473],[-71.124530447262998,42.233226738139038],[-71.124608559370216,42.23331971071984],[-71.124662328929858,42.233514014737317],[-71.124715896368585,42.23364927866578],[-71.12471917701599,42.233754047202311],[-71.124679475073691,42.233849939546069],[-71.12458838231062,42.23402132131514],[-71.124517832221457,42.23411439315808],[-71.124462222013804,42.23416930051264],[-71.124396811186386,42.234211342488294],[-71.124234360748744,42.234293681094314],[-71.12405403922682,42.234330912879869],[-71.123811269521269,42.23433011740304],[-71.123607854110006,42.234297446309121],[-71.123377046370805,42.234261771538435],[-71.123110915078001,42.234240528422355],[-71.122938504120469,42.234257431661959],[-71.122738433137016,42.234323697053199],[-71.122640165529759,42.234384478511416],[-71.122604570684942,42.234445466096219],[-71.122599414355221,42.234652045928883],[-71.12256669591595,42.23477461380029],[-71.122484664459137,42.234855366717021],[-71.12246458531591,42.234939675197914],[-71.122475623814125,42.235059020733772],[-71.122517806004907,42.235207570153726],[-71.122618954509278,42.235318459051207],[-71.12263811557429,42.235388361443427],[-71.122673198379402,42.235414682234619],[-71.122755319667718,42.235432399910728],[-71.122965856024237,42.235584406313059],[-71.123270080376685,42.235786185058252],[-71.123340125612643,42.235862071486935],[-71.123478731169385,42.235934426821757],[-71.123671625512046,42.236087208181893],[-71.124084846949472,42.236397017739279],[-71.124236637977987,42.236554641172162],[-71.124457971185876,42.23686961949155],[-71.12454631959578,42.237157984213653],[-71.124612236174684,42.237268775242271],[-71.124689917090564,42.23737378651105],[-71.124763937371654,42.237438046734383],[-71.124853742848913,42.237484897064796],[-71.125381180583162,42.237687398660093],[-71.125541109449827,42.237789765547426],[-71.125626040668365,42.237863694239955],[-71.125681375991533,42.237909532672731],[-71.12570063317628,42.237964882991491],[-71.125769663315992,42.238209522119838],[-71.125874181400974,42.238416464066631],[-71.125951556889646,42.238573861652313],[-71.126025167538984,42.238707944881085],[-71.126079443748452,42.238804144274532],[-71.12614136911256,42.238926550451694],[-71.126296700401596,42.239071815990698],[-71.126377300842151,42.239170571333233],[-71.125931742749415,42.239398207495327],[-71.109347915543196,42.247998922450549],[-71.109545013103073,42.255420928729485],[-71.113078365593239,42.258762619177936],[-71.113150493124053,42.258832552774528],[-71.113323613750651,42.259079523076593],[-71.113287735936524,42.259106843232153],[-71.113256186205419,42.259131662863865],[-71.113223709412964,42.259156708535698],[-71.113159683787714,42.259206345090647],[-71.113123496953136,42.259233893235454],[-71.113091028245506,42.259257795321801],[-71.113057014435583,42.259282606251041],[-71.112993298729108,42.259331557245623],[-71.112976597251347,42.259344535798277],[-71.112915014145358,42.259397152728809],[-71.11285375173793,42.25944771257064],[-71.112826827432229,42.259470947732041],[-71.112766787631912,42.259523111795033],[-71.112707668604742,42.259575509176621],[-71.112619714555265,42.259661652183041],[-71.112603906002889,42.259679436183582],[-71.11259055434283,42.259698141657019],[-71.112578428883126,42.259717539230472],[-71.112573444131613,42.259727355027998],[-71.112571222597921,42.259738096290427],[-71.112568392904777,42.2597479200629],[-71.112567402961346,42.259758663316397],[-71.112567336486009,42.259769411886822],[-71.112569720614772,42.259782454839439],[-71.112571797519706,42.25979526841747],[-71.112574523906588,42.259802365647964],[-71.112576620574458,42.259811977324638],[-71.112576566675543,42.259820894900862],[-71.112576521759777,42.259828214186975],[-71.112575259626809,42.25983323975499],[-71.112574295734504,42.259839639558301],[-71.112571487600917,42.259846032047633],[-71.112569295711637,42.259851971111814],[-71.112566793005257,42.259858365594418],[-71.112563066793456,42.25986384126027],[-71.11255964241559,42.25986977566884],[-71.112554678325338,42.259876161506703],[-71.112550034933619,42.259880490978055],[-71.112545081623139,42.259885048491007],[-71.112539200352984,42.25989028879939],[-71.112533016350582,42.259894611621355],[-71.11252807561651,42.259897338815243],[-71.112522207821073,42.259900063349647],[-71.112517276968489,42.259900961555068],[-71.112512644356542,42.259903690078353],[-71.112508933416123,42.259906420596081],[-71.112505520716354,42.259910754719293],[-71.112502727854135,42.259914404716994],[-71.112499005235605,42.259918737509949],[-71.112498061106237,42.259922163454561],[-71.112495879098404,42.259926730937146],[-71.112494319623082,42.25993015488676],[-71.112492137615249,42.259934492997388],[-71.112487146575532,42.259945223587032],[-71.112479691456983,42.259955944867023],[-71.112472551647116,42.259965755973504],[-71.112459243106173,42.259977373459833],[-71.112443786693404,42.259987839434324],[-71.112414707329322,42.260011066418542],[-71.112361502810003,42.260052736149341],[-71.11233887245136,42.260078499485793],[-71.112288031399544,42.260136412603444],[-71.112239654426546,42.260194104275598],[-71.112217013288131,42.260221469822291],[-71.11219282165753,42.260250887721895],[-71.11216863092524,42.260280305607779],[-71.112120247664038,42.260338913298121],[-71.112089854963031,42.260375399056024],[-71.112064438928698,42.260403667376217],[-71.112039013911215,42.260433081866616],[-71.111989405347956,42.260490769278285],[-71.111901328229294,42.260596350222237],[-71.11190129499164,42.260601837791036],[-71.111902495140853,42.260607101309219],[-71.111902461903199,42.260612590206776],[-71.111904906219081,42.260615342633415],[-71.111906111758188,42.260619691999167],[-71.111908556972395,42.260622444425501],[-71.111911921163127,42.26062611432711],[-71.111914369072267,42.260628638049198],[-71.111915600662527,42.260628642038185],[-71.111916518740756,42.260629560178394],[-71.111918053063249,42.260630480313033],[-71.111919283755185,42.260630484302084],[-71.111920200036778,42.26063140177736],[-71.111921428932092,42.260632091878328],[-71.111922966847857,42.260632097197075],[-71.111923878637867,42.260634158857066],[-71.111925105736546,42.26063484762836],[-71.111925100346653,42.260635763773926],[-71.111925093160139,42.26063690596407],[-71.111926320258831,42.260637596065031],[-71.111926314868924,42.260638510880867],[-71.111926310377356,42.260639197657568],[-71.111926304089138,42.260640341177343],[-71.111926294207677,42.260641942105018],[-71.111926287919459,42.260642855591144],[-71.11192628163127,42.260643999775695],[-71.111925045549427,42.260644682563353],[-71.111923813959166,42.260644678574302],[-71.111922889592748,42.26064467525012],[-71.111921351676969,42.26064466993143],[-71.111920122781683,42.260643979165735],[-71.111919201110197,42.260643975841546],[-71.111917970418247,42.260643971852559],[-71.111916436994065,42.260642822349268],[-71.111915519814147,42.260641905538996],[-71.1119142882239,42.260641900885112],[-71.111913374637254,42.260640297298096],[-71.11191182863665,42.260641206795256],[-71.111910610521136,42.260639144470602],[-71.111909687053029,42.260639141811254],[-71.111909691544582,42.260638454369698],[-71.111906931021721,42.260636844799059],[-71.11190478135326,42.260635694630835],[-71.111901097362278,42.260634081735944],[-71.111898947693803,42.260633160271652],[-71.111896188967563,42.260631320667237],[-71.11189249599343,42.260631308700169],[-71.111886645265983,42.260631288755057],[-71.111879561151653,42.260631950932897],[-71.111873397810484,42.260633073842847],[-71.111867538099887,42.260634653495899],[-71.111861683779196,42.26063554903152],[-71.111854268186519,42.260640097847016],[-71.111845930024046,42.260644415298842],[-71.111838512634733,42.260648962783996],[-71.11183262687301,42.260655117179702],[-71.111826750094409,42.260659441943737],[-71.111820867925928,42.260664909561946],[-71.111815904733987,42.260671067280285],[-71.111810940643721,42.260677225662867],[-71.11180628557392,42.260683612083753],[-71.111750578348207,42.260731447725419],[-71.111704815472692,42.260764220813307],[-71.111637418470167,42.260811102355206],[-71.111565118462863,42.260853848589733],[-71.111508609041593,42.26088201298122],[-71.11142896710345,42.260917417404514],[-71.111389457400634,42.260934435162113],[-71.111348718802503,42.260950990855633],[-71.11134717370021,42.260952129051091],[-71.11134501415026,42.260952807846387],[-71.11130428543359,42.26096776261577],[-71.111263245001524,42.260983631527594],[-71.111181469564585,42.261015369339262],[-71.111151217000753,42.26102875907695],[-71.11107310399521,42.261065768988566],[-71.110997446085364,42.261103930367845],[-71.110868670792755,42.261169352480728],[-71.110827904346849,42.261190710853889],[-71.110808438752954,42.261202078802881],[-71.110788058674117,42.261212071214359],[-71.11076646317467,42.261219773281596],[-71.110743338742623,42.261225184340589],[-71.110720826063286,42.261231510871227],[-71.110698020533178,42.261235777755452],[-71.110673991497634,42.261238440402749],[-71.110669153171514,42.261224245599337],[-71.110609351424742,42.261237077499658],[-71.110603268931953,42.261224708986504],[-71.110573017266447,42.261238098014893],[-71.110569626126264,42.261239000855106],[-71.110508260412544,42.261255714698343],[-71.110506112540705,42.26125456454141],[-71.11050458270978,42.261252958310664],[-71.110502432142994,42.261252264892327],[-71.110499674315079,42.261250197269007],[-71.110498761626744,42.261248593697466],[-71.110496618246472,42.261246758100015],[-71.110493864011815,42.261244003706409],[-71.110490174630925,42.261243076267561],[-71.110488042928779,42.261239410390864],[-71.110484358039471,42.261237796846565],[-71.110465261653161,42.261239333270474],[-71.110445861636308,42.261240181594516],[-71.110428287894379,42.261244695795199],[-71.110410109586297,42.261247149020427],[-71.110391906125386,42.261253490839984],[-71.110373710749315,42.261258688485512],[-71.110356125329304,42.261264803596681],[-71.110351187290192,42.261266845291082],[-71.110346257335905,42.261267514110564],[-71.110341628317244,42.261269099066354],[-71.110336692973064,42.261271140095772],[-71.110312685497107,42.261270144179825],[-71.110220343177474,42.261268001431269],[-71.11012801612921,42.261263342964064],[-71.110117236345786,42.261263992503473],[-71.110070477238622,42.261258574134658],[-71.110023710046605,42.261254070572278],[-71.109978169953294,42.261250485805547],[-71.109932610097047,42.261250330900005],[-71.109908570281704,42.261254593793957],[-71.10988452597482,42.261259772159285],[-71.109861708766587,42.261265868655123],[-71.109789578540855,42.261280716312555],[-71.109774164348906,42.261284323016945],[-71.109676763615894,42.261303658938083],[-71.109631148962407,42.261312422062844],[-71.109586455082081,42.2613211885105],[-71.109547000176477,42.261329057436704],[-71.109507238945369,42.261336927026726],[-71.109418465632373,42.261355146682959],[-71.109328484983635,42.261369248380795],[-71.109311846387911,42.261371936285947],[-71.109265955053317,42.261375209240853],[-71.109219458254216,42.261376881286559],[-71.109172352397351,42.261377635867817],[-71.109127110544676,42.261375651352353],[-71.109112647668624,42.261374687349807],[-71.109022518797843,42.261362947792314],[-71.108931496103366,42.261346400849739],[-71.108928114844645,42.261345702778598],[-71.108818962351094,42.261323836527936],[-71.108712271241444,42.261301976917949],[-71.108660931624627,42.261290367653672],[-71.108626190179322,42.261283160228793],[-71.108498950107546,42.261248881569166],[-71.108469206888486,42.261229800261454],[-71.108372333466562,42.261163610330826],[-71.108446983466678,42.261123842753619],[-71.108393196839032,42.261089536084448],[-71.108334429951469,42.261120032601426],[-71.108263978676987,42.261062621671016],[-71.108248319244964,42.261056166145885],[-71.108231725565034,42.261051078845881],[-71.108216058946468,42.261045537464696],[-71.108198228286398,42.26104181772503],[-71.108181625623317,42.261038101974158],[-71.108139516196076,42.261027439383462],[-71.108098957260978,42.261014951824031],[-71.108090360383713,42.26101126399459],[-71.108013933515977,42.260974414275857],[-71.107975579944906,42.26095370271269],[-71.107937225475538,42.26093344788368],[-71.107857394891198,42.260899102550503],[-71.107845108633043,42.260894714643619],[-71.107761558125105,42.260864930055661],[-71.107675203076852,42.260840623693944],[-71.10763094038785,42.260829724388572],[-71.107586659732561,42.260821569520957],[-71.107578052075496,42.260819711306624],[-71.107488540347319,42.260807742277599],[-71.107397154733476,42.260800341330452],[-71.107350378558309,42.260797665367974],[-71.107304833973416,42.260794766685443],[-71.107212524891438,42.260787360418092],[-71.107097496517625,42.26077004410957],[-71.107026451456747,42.26075905437434],[-71.107025537870115,42.260757450125453],[-71.107023396286465,42.260755384480454],[-71.107022173679368,42.260753779566635],[-71.107019722176943,42.260751942625078],[-71.107017265284654,42.260751019168026],[-71.107014809290675,42.260750095710911],[-71.107012670401971,42.260747344619794],[-71.107009905387542,42.260746649866256],[-71.107006218701599,42.260745493051665],[-71.107004068134813,42.260744569594515],[-71.107000377855613,42.260743872181557],[-71.106998229085477,42.260742950054031],[-71.10699453611133,42.260742937422123],[-71.106992080117351,42.260741785261352],[-71.106988694367033,42.26074177395914],[-71.106985922166089,42.260741764651428],[-71.106982228293631,42.260741752019527],[-71.106979150665467,42.260741741382169],[-71.106976372176291,42.26074287492758],[-71.106972679202144,42.260742862295672],[-71.106970518753897,42.260743769796818],[-71.106966819491561,42.260744442610829],[-71.106964658144989,42.260745350776787],[-71.10696188235076,42.260746485651772],[-71.106959721902513,42.260747163119582],[-71.106956016351958,42.260748980116212],[-71.106955994792372,42.260752410004706],[-71.106955977724397,42.260755153782419],[-71.1069571877551,42.260758817027941],[-71.106957166195514,42.260762248245541],[-71.106958066307442,42.260765910160998],[-71.106959588053513,42.260768658591914],[-71.106960792694323,42.260773007282246],[-71.10696293517627,42.260775072926663],[-71.106964452430788,42.260778508132418],[-71.106966592217788,42.260781029853916],[-71.10696903922863,42.260783783602882],[-71.106972407910945,42.260786539346235],[-71.106976091003617,42.26078815223724],[-71.106979774096274,42.260790223199834],[-71.106983458087257,42.260791836755587],[-71.106988376363432,42.260792996893464],[-71.106991753130586,42.260794609119451],[-71.106996365979569,42.260795311850529],[-71.107000058953702,42.260795324482416],[-71.107002829358038,42.260795333790071],[-71.107003752826145,42.260795337114253],[-71.107005909681149,42.260795344427478],[-71.107007448495239,42.260795349746147],[-71.10700867828885,42.260795353735176],[-71.107010827957325,42.260796503900487],[-71.107012365873089,42.260796509219162],[-71.107014521829768,42.260796516532324],[-71.107015746233515,42.260797434670089],[-71.107016977823776,42.260797438659068],[-71.107019436512687,42.26079813407695],[-71.107020359980808,42.260798137401089],[-71.107021887116787,42.260799971682005],[-71.107023120503669,42.260799975670992],[-71.107024036785262,42.26080089380865],[-71.107025262087319,42.260801812611149],[-71.107026175673951,42.260803416858899],[-71.107027709098148,42.260804566359219],[-71.107028935298516,42.260805483832016],[-71.107027682148683,42.260808909728404],[-71.107026119080089,42.260812564327935],[-71.107025174950735,42.260815990223946],[-71.107023926292484,42.260818730009859],[-71.107021748776233,42.260822381949502],[-71.107019270324358,42.260824888378025],[-71.106966249061372,42.260836370079701],[-71.106912317804955,42.260845789461435],[-71.106858404514881,42.260852008326914],[-71.106794637604423,42.260858879394632],[-71.106703454111511,42.260868400492747],[-71.106657864610824,42.260872816989298],[-71.106611969682973,42.260877005447327],[-71.106519555498124,42.260886521223988],[-71.106441604189342,42.260897001673925],[-71.106350404526751,42.260909038499058],[-71.106259512087988,42.260921304689681],[-71.10616923858845,42.260933343504711],[-71.106077720922258,42.26094720728635],[-71.105983127424537,42.260960374984059],[-71.105964024750008,42.260963053599014],[-71.105945851831805,42.260964591359311],[-71.105900244364832,42.26097175294705],[-71.10585464588101,42.260977770355559],[-71.105763451608297,42.260989120392381],[-71.105672273505306,42.260997725995338],[-71.105635019472146,42.260998512493117],[-71.105542665474431,42.260998195367662],[-71.105449114920731,42.260992384724275],[-71.105432188864157,42.260991412073082],[-71.105341413206375,42.260984925958297],[-71.105250043762197,42.260975008637061],[-71.105204881859606,42.260960446121274],[-71.105128080394365,42.260934340755675],[-71.105052527587404,42.260905725629925],[-71.10503134890628,42.260895589565678],[-71.105011092794925,42.260885688186391],[-71.104969951751542,42.260867709729517],[-71.104930652254495,42.260850880766981],[-71.104851768494456,42.260813105503843],[-71.10477628575606,42.260773511892552],[-71.1047416341423,42.260751898081061],[-71.104707296938884,42.260728911375587],[-71.104663190556749,42.260693086669733],[-71.104608118439927,42.260638471655469],[-71.104557069877302,42.260580439328159],[-71.10453169875872,42.260551766865746],[-71.104506638457238,42.260522410936481],[-71.104453115934305,42.260465972121239],[-71.104412727679119,42.260426499957553],[-71.104342322218741,42.260362226582245],[-71.104311404901594,42.260334450225358],[-71.104280176767361,42.26030667252649],[-71.104241924705946,42.260269952039984],[-71.104137360806874,42.260154795492888],[-71.104064898204484,42.260075194551177],[-71.103979837628543,42.259991890328394],[-71.103932050848684,42.25995376484255],[-71.103905986230714,42.259937438923366],[-71.10387837561214,42.259922251878869],[-71.103846146754691,42.259907046879896],[-71.103811452021802,42.259892520019157],[-71.103754007454313,42.259872885149804],[-71.103697791782153,42.259853710347301],[-71.103680887285151,42.259849307076259],[-71.103675965415704,42.259848604999497],[-71.103671361549857,42.259846530016887],[-71.103666439680438,42.259845827275235],[-71.103663065608217,42.259843985653326],[-71.10365846353902,42.25984122587969],[-71.103654787632877,42.259838468100462],[-71.103649879238148,42.259835707661722],[-71.103644068036573,42.259829742002232],[-71.103640389435498,42.259826984222506],[-71.103636712631044,42.259824228437218],[-71.103628122041997,42.259819853752468],[-71.103620145002253,42.259815481061949],[-71.103607865930627,42.259809950874548],[-71.103594965224843,42.259805333520063],[-71.103581750108702,42.259801857040848],[-71.103567299809043,42.259799064023113],[-71.103554077506359,42.259796501706738],[-71.10353962630839,42.259793708688761],[-71.103526395022584,42.259792747321399],[-71.103513470960579,42.259791787948608],[-71.103499007186187,42.259790823257035],[-71.103485766917217,42.259791692875652],[-71.103472522156679,42.259792561829393],[-71.103462974861827,42.259793444080032],[-71.103454657360615,42.259794328990075],[-71.103446332672874,42.259796130057843],[-71.103437704354576,42.259797701088864],[-71.1034355367198,42.259799751473814],[-71.103433062759507,42.259801343779827],[-71.10343058969751,42.259803164792757],[-71.103428120228813,42.259804070977751],[-71.103426879655416,42.259805667272701],[-71.10342440928838,42.259806802164604],[-71.103422249738429,42.25980748163709],[-71.103418551374403,42.259808382503209],[-71.103415158437571,42.259809285363893],[-71.103411465463452,42.259809272731808],[-71.103406540000748,42.259809256110678],[-71.10340284612829,42.259809242813731],[-71.103399145069318,42.259810145009553],[-71.103396067441167,42.259810134372032],[-71.103391141978463,42.259810117086047],[-71.103386216515759,42.259810100464868],[-71.103376684492275,42.259808238231699],[-71.103354822193197,42.259809077267143],[-71.103254069845889,42.259822907388852],[-71.103100593577892,42.259850047049198],[-71.103019794609679,42.259872864539602],[-71.102940518285848,42.259898430490587],[-71.102886517859162,42.259918825934307],[-71.102830982211685,42.259938299232132],[-71.102783156804279,42.259955970131138],[-71.102759105310852,42.259962061434251],[-71.102735049325858,42.259969067562366],[-71.102723956928742,42.259970858652501],[-71.102714390769279,42.259974484047476],[-71.102705128240373,42.259978796890984],[-71.102695551301139,42.259984023229883],[-71.102689365502087,42.259988575416557],[-71.102684413089932,42.25999290421538],[-71.102679456186195,42.259998146509382],[-71.10267478674335,42.260006362649115],[-71.102673545271628,42.260007958274095],[-71.102671377636838,42.260010009317064],[-71.102669828042963,42.260011605606799],[-71.102668893795084,42.260013430602733],[-71.102659012326953,42.260017970820144],[-71.102649449760747,42.260021366841343],[-71.102639881804663,42.260024992898266],[-71.102625385690899,42.260029287787546],[-71.102612430187889,42.260033588660178],[-71.102596703382204,42.260037878230136],[-71.102582222539837,42.260039886057271],[-71.102566511903817,42.260041432483],[-71.102558192605983,42.260042546760495],[-71.102551108491667,42.260043209609371],[-71.102545259560841,42.260043188999227],[-71.102538779114369,42.260045910867952],[-71.102534143807503,42.260048410014043],[-71.102528283198595,42.260050447758751],[-71.102523340667901,42.260053174945902],[-71.102501685879659,42.260069793366071],[-71.102489624200345,42.260078670350467],[-71.102488381830298,42.260080495344461],[-71.10248744668408,42.260082321668115],[-71.102484666398297,42.26008391197243],[-71.102482497865196,42.260085962348072],[-71.102481257291785,42.260087558635888],[-71.102478786924749,42.260088694852421],[-71.102475089459048,42.260089367673416],[-71.102472928112462,42.260090273854246],[-71.102469234240019,42.260090261222274],[-71.102465535876007,42.260090935372915],[-71.102463380817625,42.260090928059668],[-71.102454762380802,42.260090898141733],[-71.102446134062504,42.260092011753564],[-71.10243564533323,42.260095634482148],[-71.102425778238171,42.260098115675554],[-71.102415284119004,42.260102652562594],[-71.102403243100937,42.260107870913124],[-71.102392134534142,42.260112177099074],[-71.102381316123171,42.26011922775497],[-71.102371728404137,42.260126284393621],[-71.102362135295209,42.260134253860173],[-71.102352541287985,42.260142454025996],[-71.102343865358989,42.260151343632124],[-71.102336722854147,42.260161150719128],[-71.102328337979287,42.260172556084889],[-71.102327089321037,42.260175295898712],[-71.102326158666415,42.260176892184312],[-71.102324600987714,42.260179630668297],[-71.102323355922721,42.260181685694711],[-71.102322423471463,42.260183281980098],[-71.102319642287327,42.260184874276433],[-71.102317474652551,42.260186925978445],[-71.102315007878786,42.26018760212262],[-71.102312539308386,42.260188507637189],[-71.102308836452792,42.260189639198025],[-71.102307910289724,42.260190321990549],[-71.102306678699463,42.260190318001534],[-71.102305754333045,42.260190314677317],[-71.102305748044841,42.260191228834834],[-71.102304209230766,42.26019122351606],[-71.10230297853883,42.260191219527044],[-71.102302055070709,42.260191216202827],[-71.102300811802365,42.260193040528705],[-71.102299267598383,42.260193950697122],[-71.10230072107251,42.260207447648774],[-71.102301887085744,42.260217971426272],[-71.102302799774066,42.260219804394318],[-71.10230278270609,42.260222547530361],[-71.102302764739775,42.260225291995937],[-71.102302754858314,42.260226892269294],[-71.102296855621844,42.260234875019925],[-71.102290955487064,42.260243087804618],[-71.102282285846258,42.260250832540088],[-71.102264023994834,42.260266776759359],[-71.102246081045351,42.260280892662252],[-71.10222566683052,42.260295914739906],[-71.102182110217342,42.26032000390871],[-71.102138859929667,42.260344095062905],[-71.102040268030606,42.260405953759438],[-71.102001590167731,42.260437148688247],[-71.101983636438462,42.260452864155766],[-71.101962915898127,42.260467886192458],[-71.101927082999751,42.260487656503585],[-71.101889396876942,42.260507878233916],[-71.10182447473305,42.260551559436237],[-71.101759560673997,42.260593868383637],[-71.101619916664774,42.260672506651829],[-71.101589949765199,42.26068955372839],[-71.101552578951058,42.260708861243906],[-71.101513968461845,42.2607293076179],[-71.10144044315247,42.260770214972368],[-71.10140800947913,42.260787710786452],[-71.101336010407437,42.260830223679697],[-71.101263706806847,42.260872736544329],[-71.101247944966858,42.260882513601622],[-71.101178091970368,42.260926864032307],[-71.101143164573799,42.260948924552181],[-71.101108232685675,42.260972127913199],[-71.101038380587482,42.261016249578304],[-71.101004694662649,42.261036712473427],[-71.100933610075913,42.261081058806688],[-71.100862838102884,42.261124488970296],[-71.100794237357889,42.261165413354007],[-71.100757777435462,42.261186553663805],[-71.100722856327096,42.261207927987115],[-71.100650541048424,42.261252040179578],[-71.100638801864278,42.261258402608334],[-71.100626444639232,42.261265448482277],[-71.10059059287623,42.261287506224278],[-71.100554132953803,42.261308875194736],[-71.100483366370653,42.261351391060749],[-71.100360634943286,42.261432830637347],[-71.100302780744059,42.26147813603918],[-71.100244629202436,42.261521611802436],[-71.100195434762554,42.261560544770411],[-71.100145938488708,42.261598561582765],[-71.100070965993396,42.261673308035249],[-71.100044586066758,42.261707060586865],[-71.099972121667733,42.261774495829286],[-71.099899646488936,42.261843761926002],[-71.099844190791501,42.261898909749831],[-71.09978997027757,42.261953831485471],[-71.099789963091069,42.261954974981457],[-71.099732969477856,42.262009886695942],[-71.099677523661896,42.262063891545331],[-71.099621778706933,42.262116292134138],[-71.099564173341022,42.262170516948117],[-71.099535379641239,42.262196258144989],[-71.099507499528073,42.262223600883701],[-71.099503788587626,42.262226333295409],[-71.099404672072453,42.262321574057971],[-71.099368702630144,42.262362382651027],[-71.099332110655354,42.262404103348601],[-71.09927910915529,42.262460858876786],[-71.099224885048102,42.262516009484912],[-71.099214978427156,42.262524664740759],[-71.099156148657528,42.262577970426939],[-71.099093337554535,42.262627831655799],[-71.099084678693501,42.262633975221256],[-71.099036753573088,42.262666738012896],[-71.098986075116343,42.262696747122142],[-71.098963522012824,42.262709016953899],[-71.098939430095214,42.262721738857529],[-71.098913811041641,42.262732167811649],[-71.098898395951352,42.262735772438589],[-71.098883907922456,42.262738466268871],[-71.098835823800243,42.262747903316459],[-71.098832418287003,42.262750635705451],[-71.098827464976537,42.26275496232018],[-71.098823759425969,42.26275700795523],[-71.098821273787578,42.262760429756732],[-71.09881786378277,42.262764076930175],[-71.098814148350755,42.262767493412774],[-71.098809502264103,42.262772050717011],[-71.098804552546895,42.262775464539921],[-71.098799605524604,42.262779105064332],[-71.098781699406047,42.262787046938179],[-71.098684172908918,42.262825124173908],[-71.098652102154958,42.262833700939282],[-71.098618193447933,42.262840672178015],[-71.098584596456305,42.26284695799292],[-71.09854978224746,42.26285118221972],[-71.098436754421783,42.262857874899566],[-71.098368389035414,42.262861294701104],[-71.098300023649031,42.262864485806631],[-71.09813216894662,42.262875560935868],[-71.098084091112611,42.262883625123216],[-71.098035999803855,42.26289420429832],[-71.09798911493256,42.262908217231782],[-71.097968758209902,42.262914092850266],[-71.09794839430073,42.262921339312697],[-71.097941942600357,42.262923504608693],[-71.097930191738129,42.262927448944126],[-71.097924336519114,42.262928343782356],[-71.097916944282645,42.262929003941601],[-71.09790523204795,42.262931022313715],[-71.097887034875242,42.262936217161659],[-71.097870371126731,42.262942334104608],[-71.097853398357756,42.262948676418425],[-71.097807683092938,42.262972527900565],[-71.097764413940652,42.262999131696255],[-71.097722070053109,42.263025509444695],[-71.097672590847267,42.263060324970937],[-71.097625873960908,42.263096521290848],[-71.097554604321218,42.263169218351479],[-71.097471225391487,42.263258111418835],[-71.097413111579129,42.263343662368179],[-71.097348757170479,42.263442225480716],[-71.097329329305836,42.263495668670991],[-71.097308671647568,42.263549105832659],[-71.097275628916464,42.263613248981486],[-71.097258802572881,42.263645205520099],[-71.097241667208834,42.263676931355171],[-71.097227023771381,42.263704550010516],[-71.097210193834542,42.263736734530774],[-71.09719305757217,42.263768689012352],[-71.097160632881995,42.263832833267351],[-71.097145993936124,42.263859309722662],[-71.097109263620794,42.263922753183699],[-71.097071923349375,42.263984822435518],[-71.097041739955841,42.264035482972581],[-71.097002861768658,42.264097548124653],[-71.096963986276407,42.264158925147598],[-71.096938786736075,42.264199999136039],[-71.096897451656574,42.264261368746531],[-71.096876935932116,42.264292396897837],[-71.096856421105983,42.264322739626863],[-71.096835899991632,42.26435468184507],[-71.096795485685305,42.264416055293736],[-71.096756912027004,42.264479034166513],[-71.096737628791118,42.264509381459277],[-71.096718344656921,42.264540413477313],[-71.096714610360294,42.264546574141093],[-71.096710874267018,42.264552964158902],[-71.096691282010653,42.264583996155444],[-71.096672924937849,42.264614344727285],[-71.096634647723576,42.264678470837261],[-71.09661043094016,42.264710399579364],[-71.09658469241063,42.264739580047603],[-71.096557118622968,42.264766924342524],[-71.096496747344318,42.264819536748192],[-71.096495513059111,42.264820218825818],[-71.096448792579508,42.264856643488777],[-71.096400526099302,42.264893976236884],[-71.096372681918737,42.26491537523026],[-71.09633524912087,42.26494359896833],[-71.09630118770022,42.26497458024847],[-71.0962701949246,42.265006713596257],[-71.096257762241066,42.265025194119602],[-71.096249675606899,42.265037972063105],[-71.09624842964358,42.265040253624768],[-71.096245942208569,42.265043903990332],[-71.096243457468503,42.265047554355633],[-71.096240977220006,42.265050289304121],[-71.096237266279559,42.265053019598973],[-71.096232328240447,42.265054605124405],[-71.096229232645967,42.265057337413474],[-71.096224295505166,42.26505914896758],[-71.096219359262676,42.265060732498455],[-71.096196508816789,42.265071400390184],[-71.096163766122999,42.265088434976001],[-71.096133790240287,42.26510616758663],[-71.096122024106691,42.265116645340768],[-71.096110871522441,42.265127353110458],[-71.096088268113263,42.265147627200676],[-71.095923888094376,42.265288828343387],[-71.095738218901559,42.265437045326948],[-71.095709435083222,42.265460726347165],[-71.095680341346124,42.265484864066529],[-71.095628664861081,42.265525844121107],[-71.095576682050535,42.265566594133411],[-71.095523680550457,42.265622204714944],[-71.095497022146091,42.265650695379868],[-71.095471594433647,42.265679190685383],[-71.095470361945075,42.265679186696659],[-71.095429454463684,42.265721119259723],[-71.095388252334857,42.265760993626529],[-71.095342307101333,42.265820516281401],[-71.095298820556749,42.265880734241868],[-71.095296647532066,42.265883470483793],[-71.095257765751626,42.265945761836548],[-71.095238166308761,42.265977708550714],[-71.095220108374932,42.266008973848685],[-71.095192139328546,42.266049808640552],[-71.095153359057733,42.266096093268985],[-71.09511488780737,42.266142150508962],[-71.095072316646053,42.266203514904973],[-71.095051797328338,42.266234771448886],[-71.095032515889088,42.266264888548193],[-71.095021638189294,42.266280858502562],[-71.094981541886611,42.266340401939473],[-71.094941441990642,42.26640017400323],[-71.094902562006823,42.266462237492107],[-71.094863985653575,42.266524530267297],[-71.094856831470665,42.26653593913538],[-71.094850907081351,42.266547809355096],[-71.094831313926704,42.266578611687329],[-71.094812948769018,42.266609876022557],[-71.094776832003021,42.266672863340155],[-71.094764368776765,42.266696145696997],[-71.094760617412163,42.266704820986952],[-71.094758397675065,42.266714876344565],[-71.094755873409127,42.266724699694763],[-71.094753660858586,42.266733381628534],[-71.09475085541996,42.266738860021206],[-71.09474744182188,42.26674319367477],[-71.094744948996976,42.266747758004136],[-71.094742789447025,42.266748436737039],[-71.09474124254811,42.266749573498274],[-71.094739088388053,42.266749566185794],[-71.094737849611278,42.266750477589085],[-71.094735387329081,42.266750468282254],[-71.094734152145563,42.266751149674263],[-71.094731997087194,42.266751141696957],[-71.094729527618483,42.266752048446833],[-71.094727065336286,42.266752039804786],[-71.094725832847715,42.266752035816182],[-71.094724601257454,42.266752031162738],[-71.094723370565532,42.266752027174149],[-71.094722446199086,42.26675202385028],[-71.0947209064867,42.266752018532102],[-71.09471966770991,42.266753156622833],[-71.094718739750235,42.266753839344283],[-71.094717502770081,42.266754749417991],[-71.094715963057695,42.266754744099821],[-71.094715958566113,42.26675543014516],[-71.094715028809787,42.26675657089492],[-71.094713790931351,42.266757480303809],[-71.09471002878692,42.266768215715224],[-71.094706215438549,42.266786725636969],[-71.094706170522784,42.266793814103238],[-71.094703981328436,42.266799065138557],[-71.09470270482241,42.266806150944404],[-71.094685617069075,42.266830330029222],[-71.094665148057004,42.266853583078017],[-71.094614633093656,42.266905085569014],[-71.094532620501468,42.266971341267372],[-71.094462408178856,42.267021861132442],[-71.094410775711253,42.267055751751897],[-71.094358842308068,42.267088497620804],[-71.094318018369975,42.267116937765358],[-71.094278430513711,42.267145382550538],[-71.094212019861402,42.267178763891188],[-71.094173398592389,42.26720012355247],[-71.094160148441944,42.267201905130442],[-71.094147206413652,42.267203460022486],[-71.094125324351651,42.267207041791693],[-71.094104080991798,42.267206966672944],[-71.094075135476714,42.267207779683986],[-71.094045276374999,42.267206758600601],[-71.094040350912294,42.267206741316642],[-71.094046582525408,42.267105691206048],[-71.093611552687832,42.267083494568425],[-71.093606078354497,42.267183709765924],[-71.093569161189563,42.267179235211799],[-71.093547320450071,42.267176413271002],[-71.0935270284061,42.26717199588645],[-71.093502134292947,42.267164819713287],[-71.093475395040201,42.267157634897281],[-71.093452961412623,42.267151153405457],[-71.093427733126191,42.267148548177978],[-71.09340250483973,42.267145715599533],[-71.093377277451609,42.267142881691456],[-71.093334213115213,42.267136555089195],[-71.093295784983994,42.267127499610972],[-71.093271800864215,42.267123069592373],[-71.093235824235393,42.267115852862702],[-71.093211863471836,42.267107535939758],[-71.093196521145089,42.267099478275597],[-71.093167687919419,42.267082681555777],[-71.093136443615521,42.267057645679984],[-71.093103391002956,42.267026886127091],[-71.093073378289318,42.267001853552955],[-71.093036611143063,42.266974282211216],[-71.092998310572597,42.266945561469065],[-71.092964933668213,42.266917087343856],[-71.092931560357101,42.266888384524485],[-71.092875141665687,42.266852510801449],[-71.092844160568163,42.266834563960728],[-71.092810711798563,42.266817294517494],[-71.092783065247374,42.266807592170203],[-71.092754490736496,42.266798572542434],[-71.092724364835135,42.266791376383551],[-71.092663491398213,42.26677789613106],[-71.092593965388488,42.266769418288597],[-71.092524419615813,42.266763911978153],[-71.092459787627774,42.266760252405405],[-71.09239484122935,42.26675796359347],[-71.092375443907429,42.266757895121877],[-71.092355111439289,42.266759880797551],[-71.092333873469329,42.266758889621634],[-71.092294167035462,42.266757606610604],[-71.092253220028169,42.266757461025421],[-71.092192263047949,42.266756558264227],[-71.092047307300433,42.266748039202987],[-71.091927302259947,42.266737780430219],[-71.091872243617871,42.266729581122149],[-71.091818408481217,42.266722985910157],[-71.091765509389063,42.266714107866918],[-71.091712600415477,42.26670683192566],[-71.091639746147607,42.266689420850746],[-71.091554626282871,42.266664192034405],[-71.091492253557732,42.266644532682854],[-71.091429884425864,42.266624415960671],[-71.091311576302957,42.26658946545902],[-71.09119048160602,42.266557017814776],[-71.091088725840535,42.266533331223329],[-71.091037062830239,42.266524229124208],[-71.090984769202592,42.266516953825821],[-71.09094722950519,42.266513390631125],[-71.090909060987087,42.266512338956815],[-71.090871495238531,42.266513120732405],[-71.090835771934621,42.266514592544581],[-71.090800952335897,42.266519043878709],[-71.090713395341794,42.266537483407468],[-71.090587269180944,42.266569046911656],[-71.090491989370335,42.266591804799937],[-71.090474381492456,42.266600888940388],[-71.090456153777026,42.266610428449845],[-71.090420018146403,42.26662813603577],[-71.09037524880759,42.266647643159246],[-71.090329870411011,42.266666233553956],[-71.090299607067408,42.266680303484357],[-71.090270866368215,42.266697122248893],[-71.090248893576359,42.266714652980816],[-71.090237970960814,42.266737252600599],[-71.090226989954772,42.266769228163682],[-71.09020999652455,42.266825880046589],[-71.090197630316354,42.266881403761744],[-71.090191273837391,42.266959590121353],[-71.090191575671341,42.267055864762732],[-71.09019247757989,42.267106635177917],[-71.090193689407201,42.267157405552226],[-71.090184686491426,42.267216372472333],[-71.090173545585273,42.267273043896473],[-71.090156161387895,42.267342729402856],[-71.090134174222982,42.267410111419096],[-71.090105124503339,42.267474265929295],[-71.090075769356488,42.267538419709425],[-71.090026096114542,42.267649609424538],[-71.089979440313627,42.267770414060315],[-71.089972173841304,42.26779897222481],[-71.089936777524159,42.26789237514803],[-71.089898565886912,42.267895375212603],[-71.089901837551182,42.267974635231099],[-71.089939651234744,42.267971736213767],[-71.089944502137271,42.267983416041915],[-71.089948168161953,42.267988002883293],[-71.089951833288325,42.267992361047057],[-71.089956423679425,42.267996723199097],[-71.089961318599407,42.268001314028083],[-71.089970811097004,42.268009579646666],[-71.089977824244428,42.268020123394223],[-71.089982406550703,42.268025399588275],[-71.089987287097628,42.268032505863765],[-71.089990934257685,42.268039836827015],[-71.089993352522427,42.268046935123778],[-71.089995769888858,42.268054032754982],[-71.0899966412547,42.268062039775501],[-71.089996589152392,42.268070043471155],[-71.089996536151801,42.268078275178048],[-71.089995562378036,42.268086046206157],[-71.089994273295588,42.268094960617887],[-71.089990519236025,42.26810386572177],[-71.089985472500757,42.268122599274825],[-71.089981686101837,42.268136763940554],[-71.08998066561567,42.268151853281253],[-71.089985120361163,42.26817702233879],[-71.089988757639745,42.268185954686118],[-71.08999239491834,42.268194886367439],[-71.089995724973093,42.268203588041452],[-71.090000598333503,42.268211838344079],[-71.090008859240868,42.26821987127002],[-71.090018658063983,42.268227909513044],[-71.090028156849797,42.268235031719897],[-71.090046240834781,42.268247674731924],[-71.09005566865369,42.268265544723313],[-71.090066310096546,42.268286621494845],[-71.090069961748171,42.26829303705906],[-71.090074557529164,42.268296713161725],[-71.090079447957564,42.268302218008792],[-71.090084036552042,42.268306579474626],[-71.090088935065296,42.268310942934448],[-71.090100606875779,42.2683153283309],[-71.090111350726573,42.268320169085008],[-71.090123645069568,42.268323642435469],[-71.090141159522659,42.268328965137037],[-71.090148537386071,42.268330821135791],[-71.090154682760954,42.268332673145935],[-71.090160521810276,42.268334522497007],[-71.090166661795251,42.268337059870412],[-71.090171570189966,42.268339821266423],[-71.090176171360838,42.268342582662328],[-71.090181075263985,42.268346029421366],[-71.090185977370496,42.268349706185703],[-71.090189028049181,42.268354061665491],[-71.090206909913235,42.268397803242735],[-71.090242188551073,42.268512954705869],[-71.090265395628137,42.268637894443621],[-71.090290985935638,42.26877519365587],[-71.090290267283407,42.268886328674242],[-71.090284903442836,42.268953998871282],[-71.09027493393981,42.269019822323806],[-71.090229831326042,42.269138344914694],[-71.090171360882508,42.269276258591688],[-71.090136185550918,42.269335816482716],[-71.090094856759649,42.269394439686373],[-71.090061030697626,42.269435481014966],[-71.090024749539921,42.269475370980473],[-71.089985098801606,42.269512504229326],[-71.089929385287689,42.269557811802123],[-71.089870306684702,42.269599677969921],[-71.08980538454081,42.269640379481679],[-71.089736774812664,42.269680152987668],[-71.089683953873973,42.269706491379999],[-71.089628673348003,42.269732363112972],[-71.089584239979104,42.269747296522361],[-71.089553019031413,42.269756194745412],[-71.089403595961997,42.269698655406962],[-71.089172595983314,42.269746655711984],[-71.089150595343682,42.269750654794038],[-71.088672594594485,42.269741654864831],[-71.088105595055126,42.269639654912723],[-71.087751595052822,42.269575654832394],[-71.087341594973978,42.269501655614107],[-71.086810595419649,42.269405655259064],[-71.086693594345462,42.269390655959029],[-71.086100593968553,42.269319655855583],[-71.085948594530876,42.269300654765715],[-71.085691594612939,42.269237655449317],[-71.085657593379437,42.269193655868342],[-71.085605594399226,42.269127655774469],[-71.08555459344727,42.269061655611537],[-71.085519593287174,42.269016655460852],[-71.085405594382678,42.268993655149828],[-71.085345594108219,42.268983654665156],[-71.084815594378782,42.268894655333774],[-71.08464259412645,42.268865655606682],[-71.084361593919041,42.2688186550808],[-71.084178593620933,42.268771655184587],[-71.083991594023189,42.268729654851704],[-71.083694593023935,42.268624655226539],[-71.083552592733724,42.268574655153628],[-71.083211594048507,42.268516654726909],[-71.082968593475954,42.268504655915621],[-71.082921592721959,42.268513655356664],[-71.082831593208596,42.268540655666413],[-71.082613593648702,42.268620655408299],[-71.082323592322169,42.268753655710107],[-71.081091593334193,42.268929655078367],[-71.080832592868106,42.268978655751702],[-71.080809592403554,42.268982655547234],[-71.080314591935917,42.269211655217191],[-71.079959592108693,42.269421654996037],[-71.079926591598408,42.269440655384685],[-71.079800592998325,42.269514656004098],[-71.079760591917051,42.269538655898863],[-71.079568592296425,42.269568655089699],[-71.079280591518028,42.269614655948502],[-71.078993591462847,42.269660656108989],[-71.078800592017316,42.269691655013233],[-71.078748592138794,42.269699655178243],[-71.078591591779954,42.26972465543826],[-71.078538592076498,42.2697326555991],[-71.078508591040958,42.269737655782215],[-71.078462591908519,42.269744655506145],[-71.07841759170266,42.26975165522925],[-71.078385591915634,42.269756655410859],[-71.078358592151446,42.269760655821777],[-71.078275591412449,42.26977365615835],[-71.07824759182337,42.269778655008722],[-71.078162591434548,42.269792655111388],[-71.078057591852556,42.269809655184432],[-71.077485591392048,42.269900655419079],[-71.077294590698017,42.269930655767141],[-71.07697259138105,42.269981655860782],[-71.076821591768294,42.270060656002578],[-71.076542591210739,42.270205655079565],[-71.075922591069627,42.27034065554782],[-71.075386590594093,42.270281655654451],[-71.075205590844121,42.270261655756961],[-71.074894590499511,42.270311655821224],[-71.074779590871785,42.270317655719893],[-71.074568590086272,42.270324655379369],[-71.074487590793737,42.270326655566855],[-71.074001590546928,42.270298656260351],[-71.073710590293786,42.270294655883582],[-71.073590590643192,42.270301655545659],[-71.073387087197048,42.270313383467688],[-71.073295590192103,42.27031865614611],[-71.07326459022994,42.270325656470213],[-71.073226589696802,42.27032265585661],[-71.073209589978376,42.27032465604411],[-71.073163466878427,42.270329977247222],[-71.073131590160571,42.270333655225329],[-71.073042589573788,42.27033965578665],[-71.072986590395615,42.270348655630471],[-71.072798590074626,42.270437655567882],[-71.072776590333334,42.270454655466956],[-71.072733590675611,42.270489656339556],[-71.07256058952494,42.27061365621681],[-71.072442590422483,42.270677655243226],[-71.07240059058968,42.270694656407017],[-71.072310590178006,42.270722655537618],[-71.072145589423258,42.270751655739858],[-71.07191259069306,42.270791655882356],[-71.071895589177998,42.270794656473633],[-71.07174258901712,42.270820656052798],[-71.071694590234856,42.270821655806344],[-71.071353589753002,42.270804656670983],[-71.071297589676504,42.270792656301047],[-71.070931589080303,42.270717656097375],[-71.070608589938416,42.270638656114322],[-71.070415588696264,42.270621655600117],[-71.06978458958281,42.27061365621681],[-71.069710589064641,42.270619655422045],[-71.069460589717707,42.270640656291796],[-71.069302588635651,42.27065265602598],[-71.06925358913017,42.270657656136123],[-71.069011588382509,42.270670655622951],[-71.068845589599462,42.270704655955491],[-71.068778588754,42.270718656517239],[-71.068693589263518,42.270740655779342],[-71.068502588569487,42.27078365585588],[-71.068414588705949,42.270814656202006],[-71.068375588347877,42.270835656342051],[-71.068263589093192,42.270914656742988],[-71.068204566185784,42.270955878552599],[-71.068047975458711,42.271043963632472],[-71.068040231082648,42.271056721743676],[-71.068079691378131,42.271145694092205],[-71.068084495568272,42.271163549302855],[-71.06808917938416,42.271199241096539],[-71.068089052721689,42.271217763011734],[-71.068087698062257,42.271235595601269],[-71.068083876629046,42.271254331547247],[-71.068080060585714,42.271272155485008],[-71.068074087687378,42.27128996944684],[-71.068035071159656,42.271367574022747],[-71.06799603846224,42.271447463821232],[-71.067946487391183,42.271534632226924],[-71.067913680917002,42.271559435666134],[-71.067657890131414,42.271638510273391],[-71.067583193418912,42.271620392632386],[-71.067586972631304,42.271608056733449],[-71.067587039106641,42.271598224838073],[-71.067584948726974,42.271588611634627],[-71.067575496653546,42.271575084548061],[-71.067559514726341,42.271570680101419],[-71.067511589605914,42.271555177457294],[-71.067485498038494,42.271543416530186],[-71.0674701997292,42.271529180839941],[-71.067419426949357,42.271524645439811],[-71.06739111025496,42.271522938432952],[-71.067363414296437,42.27152077542646],[-71.067252082490015,42.271501832166265],[-71.067192130724592,42.271488801608896],[-71.067170299866547,42.271484373226208],[-71.067149091541012,42.271479034173034],[-71.067111873440481,42.271473405300256],[-71.067074344522865,42.271468233091603],[-71.067040822091386,42.271462617512285],[-71.06702422032663,42.271458897722539],[-71.067007303253192,42.271456317932547],[-71.066970396868072,42.271450004392946],[-71.066952245509441,42.271447877943707],[-71.066937726937809,42.271454912708045],[-71.066924413905298,42.271465609430273],[-71.066917240857762,42.271479074721121],[-71.066914381520206,42.271536919535961],[-71.066716901278042,42.271508504650789],[-71.066534628615315,42.271462538410255],[-71.066456884817356,42.271440064123041],[-71.066442462365487,42.271432919677743],[-71.066428047100118,42.271424632572199],[-71.066421309735475,42.271419348021269],[-71.066413945346781,42.271415661465113],[-71.066406887283591,42.271412205567778],[-71.066399522894912,42.27140851768177],[-71.066388759281168,42.271406647814452],[-71.066379220969466,42.271405697924465],[-71.066368450169222,42.271404741387258],[-71.066338613525375,42.271400285080297],[-71.066303537906805,42.271396721496899],[-71.066268779393511,42.27139178858247],[-71.066239841963252,42.271390992243511],[-71.066209974776697,42.271390879905184],[-71.066183791581111,42.27139261018101],[-71.066157294873491,42.271395025786859],[-71.066145274516657,42.271396809905148],[-71.06613447946188,42.271399514000926],[-71.066122448325288,42.271403126108964],[-71.066111659558729,42.271404687544681],[-71.066081794168795,42.271404574541648],[-71.066052858535187,42.271403549537922],[-71.06602146511095,42.271401601233087],[-71.065991616789006,42.271398974245315],[-71.065967632669228,42.271394309214742],[-71.065943647651153,42.271389873513478],[-71.06591967341285,42.27138360782736],[-71.065899388555408,42.271378043424264],[-71.065880350559596,42.271370883683268],[-71.065862545950665,42.271362811940136],[-71.065844435016217,42.271354739531233],[-71.065830019750862,42.271346452415372],[-71.065816840567322,42.271337713950679],[-71.065808565286943,42.27133219341534],[-71.065800292701468,42.271326217543276],[-71.06579077954261,42.271321378349484],[-71.065781260095548,42.271317911811408],[-71.065771731665336,42.271315360598791],[-71.065752372072652,42.271309798183829],[-71.065689074082769,42.27129080899423],[-71.06568416029819,42.271289187730488],[-71.065679572602022,42.271284597805689],[-71.065674664207293,42.271282063874551],[-71.065671000877572,42.271277247942749],[-71.065667329463011,42.271273804002874],[-71.065663967967225,42.271270132062149],[-71.06566030284084,42.271265773460279],[-71.065657871101394,42.2712614188464],[-71.065656662867326,42.271257754881695],[-71.065655770840252,42.271253407579273],[-71.065654570691024,42.271248830281614],[-71.065654595843867,42.271245170304489],[-71.065654606623639,42.271243570975535],[-71.065655844502103,42.271242660301894],[-71.065655851688632,42.271241515644945],[-71.065655863366729,42.271239914986424],[-71.065655867858297,42.27123923031936],[-71.065655882231354,42.271237172329776],[-71.065655886722922,42.271236486333208],[-71.065654661420879,42.271235567018046],[-71.065654673997287,42.271233736364415],[-71.065654680285505,42.271232822366997],[-71.065653146861308,42.271231902387093],[-71.065652240461176,42.271229154412254],[-71.065651015159148,42.271228463097799],[-71.065649783568873,42.271228458444746],[-71.065647320388365,42.271228449138576],[-71.065646095086322,42.271227530488034],[-71.065643631007504,42.271227521181871],[-71.065642399417243,42.27122751652881],[-71.065640238968982,42.271228422549555],[-71.065638698358271,42.27122841656702],[-71.065636543299902,42.271228408590332],[-71.065635609950334,42.271230006590251],[-71.065632838647673,42.271229995954613],[-71.065631915179551,42.271229992631021],[-71.06563067550448,42.271231131305612],[-71.065625744651882,42.271231798689911],[-71.065622049881114,42.271231784730695],[-71.065618347923817,42.271232685433581],[-71.065613730583266,42.27123266748599],[-71.065610035812497,42.271232653526766],[-71.065570420108472,42.271217411371914],[-71.065503490229901,42.27118948823982],[-71.065470364853809,42.271170611352659],[-71.065436947525257,42.271149902474285],[-71.065398647853101,42.271122316993399],[-71.065366214179775,42.271092694777323],[-71.065332848055164,42.271064211889758],[-71.065303166819874,42.271037116275473],[-71.065273477499744,42.271011391318069],[-71.065249619144097,42.27098820428165],[-71.06522576168679,42.270965475234362],[-71.065216263799286,42.270958350012414],[-71.065326862580434,42.270919908764519],[-71.065165409272723,42.270754162438394],[-71.065060283028288,42.270788477143235],[-71.065043479142588,42.270760147670877],[-71.064997925574545,42.270775890478156],[-71.064974021404836,42.270759884437659],[-71.064946426955927,42.270742766298888],[-71.064934725501033,42.270724886374033],[-71.064926337032915,42.27070893748742],[-71.064866528099614,42.270702397864419],[-71.064832931107986,42.270698705283742],[-71.064819627058625,42.270698654764225],[-71.064806329297468,42.270698604909391],[-71.064797824048384,42.270699395274569],[-71.06478969698999,42.270699364696931],[-71.06478008950802,42.270699328136693],[-71.064772706254715,42.270698477281009],[-71.064764592671068,42.270696524301272],[-71.064757212112696,42.270694850508498],[-71.064750207948421,42.270692902846491],[-71.064742836373185,42.270690405451766],[-71.064735832208925,42.270687633523039],[-71.064729571849696,42.270684866911985],[-71.064723683393026,42.270681275369455],[-71.064718909745608,42.270676866872009],[-71.064714130708296,42.270673281311545],[-71.064703466807558,42.27066610819589],[-71.064691699775665,42.270658104829813],[-71.064673642740118,42.270650901134765],[-71.064655584806275,42.27064452370027],[-71.064631624042704,42.27063647380028],[-71.06460765968589,42.270628424563981],[-71.064582582316405,42.270622016549531],[-71.064568175135875,42.270621139103518],[-71.064552665722488,42.270619984464325],[-71.064545278875912,42.270619956545566],[-71.06453827111838,42.270618281421321],[-71.064529764072645,42.270619071122766],[-71.064522757213425,42.270617399322106],[-71.064516495955885,42.270614632708011],[-71.064510597617726,42.270612689031893],[-71.064504702872838,42.270610196951885],[-71.064498816212776,42.270606608728713],[-71.064492923264524,42.270603840119975],[-71.064488144227212,42.270600255220103],[-71.064483365189901,42.270596668990585],[-71.064476026852347,42.270589505837172],[-71.064469062213959,42.270581523068067],[-71.064462835092399,42.270573264434077],[-71.064458091089378,42.270564466036241],[-71.064453347984667,42.270555666307743],[-71.064450087998509,42.270546599355491],[-71.064447559240989,42.270537808930719],[-71.064440662874546,42.27051994623082],[-71.064433373944325,42.270505647824542],[-71.06442496122169,42.270492994629691],[-71.064415432791478,42.270481431594895],[-71.064404800331801,42.270469867228499],[-71.064401130713847,42.27046628564468],[-71.064398926248131,42.270464355258682],[-71.064395250342002,42.270461872479082],[-71.064393050367869,42.270459119152811],[-71.064390492864248,42.270454719281368],[-71.064388297381697,42.270451965954791],[-71.064385734488198,42.270448388358382],[-71.064385759641027,42.270444824056419],[-71.064385783895531,42.27044125643058],[-71.06438580815005,42.270437688804584],[-71.064387317319728,42.270433303555734],[-71.064387366727061,42.270426167637851],[-71.064387415236098,42.270419033048654],[-71.06438491432634,42.270406399778423],[-71.064382783522476,42.270394043699817],[-71.064378067367258,42.270381403777222],[-71.064368606310666,42.270359963431524],[-71.064357677406932,42.270337694818998],[-71.06432818571615,42.270274468534801],[-71.064323492917097,42.270258260287321],[-71.064318804609627,42.270241502299115],[-71.064316706145135,42.270224481071033],[-71.064314234879774,42.27020745717941],[-71.064314289677029,42.270199498292442],[-71.064314344474241,42.270191542728163],[-71.064315506894218,42.270183588492358],[-71.064318151534437,42.270175367031456],[-71.064320416187257,42.270168240390646],[-71.064323028488104,42.270164682720228],[-71.064325268886421,42.270161123055402],[-71.064328989708315,42.270157569373012],[-71.064332698852141,42.270155114500255],[-71.064336417877414,42.270151560817482],[-71.06434124093218,42.270148834067136],[-71.064346055003796,42.270146932919836],[-71.064349396736645,42.270144475387717],[-71.064354214401504,42.270142572910785],[-71.064359030269742,42.270140943640683],[-71.064365323866625,42.27013904714628],[-71.064370136141591,42.270137419870323],[-71.064376049751118,42.270137442471373],[-71.064380852144609,42.270137460419285],[-71.064386763957501,42.270137483020314],[-71.064391568147656,42.270137500968225],[-71.06439747457064,42.270138346513598],[-71.064403379197003,42.270139192058956],[-71.064408183387144,42.27013921000686],[-71.064446582772277,42.270142923227155],[-71.064476864082195,42.270144958651422],[-71.064506792354194,42.270145072321412],[-71.064512716743508,42.27014317449769],[-71.064519755043747,42.270140457718007],[-71.064526046843994,42.270138833765735],[-71.064530863610543,42.270136931953381],[-71.064536805966142,42.270132563966818],[-71.064542734847024,42.270129841204088],[-71.064548678100948,42.270125473217021],[-71.064554986969199,42.270121105894418],[-71.064560936511313,42.270115641090399],[-71.064565769447555,42.270111268449213],[-71.064570608671985,42.270106073527685],[-71.064575450591363,42.270100602739774],[-71.064579187582936,42.270094580219386],[-71.064581446845878,42.27008827584968],[-71.064585180244208,42.27008280373078],[-71.064587437710514,42.270076775226002],[-71.064588945083557,42.270072114085956],[-71.064590084147341,42.270067727482278],[-71.064591224109435,42.270063342207735],[-71.064591253753846,42.270058951614949],[-71.064592396410887,42.270054291803085],[-71.064591315737587,42.270049897221277],[-71.064591346280309,42.270045506627604],[-71.064590267403659,42.270041111380429],[-71.064589183137116,42.270037539743342],[-71.064586618446967,42.270034785069043],[-71.06458441308294,42.270033131865574],[-71.064581844799562,42.270030376526378],[-71.064579642130468,42.270028448121224],[-71.0645759581395,42.270026788270194],[-71.064573382669579,42.270024857205982],[-71.064567496009531,42.270021266290598],[-71.064562716972219,42.270017681357594],[-71.064557946918057,42.270013272148987],[-71.064553186745357,42.270006944505361],[-71.064549534195407,42.270000892727481],[-71.064546251751366,42.269994569071009],[-71.064535294999843,42.269975865987533],[-71.064522480532318,42.269958804138597],[-71.064517712274792,42.269953571314446],[-71.064514057928207,42.269948071264778],[-71.064509289670696,42.269942839104445],[-71.064508225167089,42.269936523419048],[-71.064508269184529,42.269930211721423],[-71.064508305117144,42.269924996842803],[-71.064508348236274,42.269918687803028],[-71.064509499876465,42.269912379427332],[-71.064509701099084,42.269883018550068],[-71.064502532543131,42.269850884364097],[-71.064495732296407,42.269818751491265],[-71.064480844517206,42.269727040529915],[-71.064478525067145,42.269688614484913],[-71.064480257917339,42.269651299865203],[-71.064482613300001,42.269631550375522],[-71.064487546847545,42.26961208871311],[-71.064495071136363,42.269592632362674],[-71.064502226217613,42.269572901467413],[-71.064508221573803,42.269560575803624],[-71.064515700048545,42.269547980916457],[-71.064523907056994,42.26953648617684],[-71.064533595387317,42.269524998747379],[-71.064544755158096,42.269513515968953],[-71.064555537636465,42.269503675769954],[-71.06456741516115,42.269495764655694],[-71.064580764126262,42.269488680481722],[-71.06460710901861,42.269472589027082],[-71.064630118466297,42.269457582430803],[-71.064652026579438,42.269441752212735],[-71.064672461455515,42.269424813861718],[-71.064684363234733,42.269413335053585],[-71.064694044378555,42.269402669226046],[-71.064703730013946,42.2693909065678],[-71.064713423734162,42.269378592833839],[-71.064720903107215,42.269365176285405],[-71.064728044713732,42.26934736576802],[-71.06473297646464,42.269328724313795],[-71.064736800592797,42.269310080195119],[-71.064741996448404,42.269253021061019],[-71.064742399791967,42.269194298678563],[-71.064738987092198,42.269153120919711],[-71.064732248829259,42.269112210362515],[-71.064728644788332,42.269098747889799],[-71.064722831790135,42.269084457138092],[-71.064716637906244,42.269072084846435],[-71.064709717285311,42.269057790764933],[-71.064701302766039,42.269045409826312],[-71.064681110435089,42.2690263980178],[-71.064660916307488,42.269008485033396],[-71.064594015175018,42.268958562375879],[-71.064539223332588,42.268920761391875],[-71.064507915248299,42.268906370887372],[-71.064478089384238,42.268891988356593],[-71.064436103924493,42.268872344989013],[-71.06439559978665,42.268852433056175],[-71.06435507319091,42.26883553974988],[-71.064313053595185,42.268821111999848],[-71.064282076090919,42.268813037271201],[-71.064249610976546,42.268805778190959],[-71.064164333008335,42.268795576256906],[-71.064097501046135,42.268789832807286],[-71.064035091490069,42.26878520480961],[-71.063977456479762,42.268784986106482],[-71.06390060291227,42.268785520566425],[-71.063601885232515,42.268812922934046],[-71.063516479703509,42.268821655101242],[-71.063440648418819,42.268834812512623],[-71.063322205548602,42.268811859997328],[-71.063262537650786,42.268785015355533],[-71.063130163707143,42.268639346263612],[-71.063093405544038,42.268612315417535],[-71.062997716999988,42.268557614862331],[-71.062961821219531,42.268513025169803],[-71.062913975150877,42.268485949731001],[-71.062889043308488,42.268458413605579],[-71.062889474499826,42.268395847532652],[-71.062913985930663,42.268323772062928],[-71.062999640293,42.268278817918429],[-71.063049026972379,42.268243334534205],[-71.063096386154157,42.268180122103452],[-71.063098046240796,42.268100001481166],[-71.063073232976024,42.268054627049445],[-71.062953912451789,42.267945506782027],[-71.062881254016645,42.267873881505203],[-71.062844312597235,42.267819408322424],[-71.062772643207225,42.26776480081061],[-71.06266402251633,42.267710875962621],[-71.062567357503553,42.267638336369728],[-71.062519703674354,42.267583820438489],[-71.06239871138537,42.267556467393945],[-71.062313173804029,42.267583857000481],[-71.062081953738087,42.26773527606629],[-71.061900176945414,42.267842427010414],[-71.061729419786303,42.267905164476076],[-71.061510321586823,42.268012998504055],[-71.061424486663128,42.268084018027729],[-71.061302244817568,42.268236674999144],[-71.061306252202058,42.268351667215256],[-71.061374154057745,42.268416139849677],[-71.061502159494154,42.268498406561534],[-71.061484368359942,42.268613314541284],[-71.061544195259557,42.268670622871845],[-71.061535251632591,42.268734803354043],[-71.061475272019393,42.268753232928162],[-71.061431779186591,42.268791486708068],[-71.061371378263516,42.268817050372228],[-71.061294619019108,42.268804132267498],[-71.061218364627919,42.268771736284286],[-71.061011484414621,42.268821984817677],[-71.060727985094104,42.268891974396794],[-71.060539523039068,42.268896742648884],[-71.060522365217153,42.268973237381125],[-71.060247006429719,42.269041611453552],[-71.060084161631664,42.269028638885459],[-71.059955326151922,42.269066288242129],[-71.059766458956716,42.269128954026513],[-71.059731423762315,42.269173274060776],[-71.059765660354401,42.269243929990509],[-71.059765127653435,42.269320492105486],[-71.059927766737317,42.269416610914718],[-71.060098752966823,42.269481204108033],[-71.060218252255794,42.269564535012918],[-71.060311242260752,42.269634592236045],[-71.060294173372029,42.269698463961419],[-71.060157206342353,42.269736360201712],[-71.059985672140542,42.269697282050863],[-71.05982309683705,42.269645071231757],[-71.059789694779823,42.269613658170087],[-71.059746949345367,42.269544069567608],[-71.059730399682891,42.269479792192094],[-71.059644674353635,42.269427874345091],[-71.059584762114071,42.269383189544904],[-71.059147875458791,42.269407306484773],[-71.058919058386266,42.269370755490584],[-71.058847013500468,42.269370478291876],[-71.058650128841336,42.269576354141883],[-71.058571128300315,42.269885316554898],[-71.058532518709384,42.269911786479874],[-71.05834883479335,42.269972548941652],[-71.058078254144931,42.270202290849461],[-71.058037050219482,42.270282535099426],[-71.0579557194486,42.270395281434944],[-71.057852802161463,42.270530443691882],[-71.057820385556113,42.270569288669847],[-71.057748075667305,42.270606604740358],[-71.057623905138854,42.270663203984491],[-71.057454361603703,42.270762161803823],[-71.057370649399004,42.270845537546343],[-71.057247500255016,42.270967176938569],[-71.056882998947017,42.271100507976357],[-71.056553145659521,42.271297910913241],[-71.05650435905477,42.271405566973932],[-71.056346580754891,42.271512526886383],[-71.05620362375889,42.271507584010166],[-71.055994841812137,42.271511168193705],[-71.055714913294864,42.271596525809841],[-71.055242046417519,42.271796939701836],[-71.05479943929052,42.27194944476711],[-71.054596956330514,42.272054858954931],[-71.054522974676971,42.272172019819507],[-71.054316964032864,42.272305958516142],[-71.054303157825274,42.272378077956652],[-71.054344783958911,42.272448487009214],[-71.054383847199048,42.272515598347695],[-71.054444371191309,42.272578125101788],[-71.054566723529632,42.272623876491892],[-71.054662098561664,42.272669798014611],[-71.054767738642454,42.272674598551717],[-71.054851642188311,42.272670533184133],[-71.054924873748575,42.272712804086893],[-71.054985605251673,42.272745970436958],[-71.055063418219902,42.272767674525319],[-71.055136517727831,42.272775916254091],[-71.055209413318195,42.272813516842938],[-71.055253575395867,42.272838661438996],[-71.055332837346654,42.272863940960846],[-71.055405030454466,42.272843639440374],[-71.055493712139324,42.272843156197361],[-71.055597661590724,42.272878410991524],[-71.055748706119232,42.272889698397506],[-71.05586301853576,42.272869556415259],[-71.056034709044454,42.272834547558283],[-71.056116737806292,42.272781354903763],[-71.056157712661346,42.272734312097313],[-71.056185791302184,42.272682009404981],[-71.056211146251073,42.272649177370631],[-71.056244975008056,42.272619672196505],[-71.05631248250333,42.272582612566936],[-71.056367604925796,42.272572946336716],[-71.056433698472816,42.272579512354035],[-71.056531830434466,42.272601295600332],[-71.056623035486965,42.272609605151317],[-71.056735854903479,42.272591382765171],[-71.056836830032992,42.272576678025523],[-71.056920670696755,42.272581392157257],[-71.057005849850327,42.272606693053],[-71.057088570314946,42.272612499302355],[-71.057196524455904,42.272603860055106],[-71.057599502404159,42.272623250334398],[-71.057643755211672,42.272635768830128],[-71.057677177930145,42.272664436461717],[-71.057668416661173,42.272701997899162],[-71.057733010021678,42.272764537762555],[-71.057849129848577,42.272803404628483],[-71.057984726947439,42.27280392708964],[-71.058083085284537,42.272793602166821],[-71.058330461550838,42.272766836991721],[-71.058414246519078,42.272779508341991],[-71.058481144956602,42.272829709145022],[-71.05850364146626,42.272888795724135],[-71.058463712250187,42.272892210328621],[-71.058380218336126,42.272837554699464],[-71.058291626482799,42.272825412468897],[-71.058218408397252,42.272833365706589],[-71.058123398979546,42.272840958006633],[-71.058022867617765,42.272844960880626],[-71.057904949363689,42.272852463443677],[-71.057789923684822,42.272869037278241],[-71.057734486852013,42.272870469059498],[-71.057680687647959,42.272849954834477],[-71.057655815992689,42.27281336130109],[-71.05760923385364,42.272764061166043],[-71.057587070618951,42.272710465637857],[-71.057476631737913,42.272704825574984],[-71.057376897181811,42.272700874539446],[-71.05723544216896,42.272692373563999],[-71.057011137334086,42.272695898520958],[-71.056837227986662,42.272678211916094],[-71.056699298861318,42.272693870490862],[-71.05651652044709,42.272729662453855],[-71.056372691186951,42.272743378070153],[-71.056233048076024,42.272792504732379],[-71.056156719124658,42.272876182225438],[-71.056032925888601,42.272930860421184],[-71.05587411003458,42.272973879609452],[-71.055722848113774,42.272993874658155],[-71.055521504217566,42.272989529469584],[-71.055280447599273,42.272958135357058],[-71.055160491067809,42.272939833971442],[-71.055075319999105,42.272966397002122],[-71.05491829179249,42.272965788795126],[-71.054892985352623,42.272938797692625],[-71.054844956027637,42.272938610909847],[-71.054808921906655,42.272965364711993],[-71.054796968923483,42.272983977172998],[-71.054772897667121,42.272991841984663],[-71.054747404377679,42.272991742943347],[-71.054711563394477,42.272991604019651],[-71.054699799955827,42.27298277737701],[-71.054699989500349,42.272955885987862],[-71.054677365429939,42.272915735000829],[-71.054627616729476,42.272844191813036],[-71.054527012604183,42.27280648156551],[-71.054403439455399,42.272776638792877],[-71.054337622589472,42.272783520525813],[-71.054390808244165,42.272891570879658],[-71.054508468681789,42.273026492477513],[-71.054593354984561,42.273092678594821],[-71.054643445943114,42.273115375633836],[-71.054640830048996,42.273172170707291],[-71.054647729110386,42.273189209751116],[-71.054709916782542,42.273225947307154],[-71.05502399565367,42.273434896776664],[-71.055458140650671,42.273805392028962],[-71.055542766442031,42.273856486033338],[-71.056036992561886,42.274406401344422],[-71.056270855471382,42.274410872062063],[-71.056329395085186,42.274441283036879],[-71.056416475073888,42.274511320881182],[-71.05647381723341,42.274554352949174],[-71.056659079489421,42.27463958746462],[-71.056784471726658,42.274567898007689],[-71.056850540120863,42.27457803320317],[-71.056900056157644,42.27468332534476],[-71.056833355349468,42.274816706349256],[-71.056826741054024,42.274863881203487],[-71.05681921496857,42.274936021645722],[-71.05671607939081,42.274942759570649],[-71.056686390070681,42.274855381184437],[-71.056651012618161,42.274789112502859],[-71.056555389651109,42.274724804582839],[-71.056469244808611,42.274679742006263],[-71.056364129343976,42.274651892859247],[-71.056265333527321,42.274671818247889],[-71.056258185632629,42.274848237126264],[-71.056379864234472,42.275465316455524],[-71.056204041475496,42.276089204647242],[-71.056226331372642,42.276124963442399],[-71.056228775688538,42.276145555697582],[-71.056223809801651,42.276168585967859],[-71.056206976271525,42.276197883431877],[-71.056177936433357,42.276229055923991],[-71.05615490812103,42.276245979153018],[-71.056141286068069,42.276291206777678],[-71.056145721050612,42.276343909265755],[-71.056163582253404,42.276378829766145],[-71.056200653928556,42.276414647552613],[-71.056245934408778,42.276438695999737],[-71.05627836987874,42.276450346342799],[-71.056285308465974,42.27646217348596],[-71.056285183600181,42.276480008579661],[-71.056268530631442,42.276483512720013],[-71.056245595743917,42.276486990938096],[-71.056235909210201,42.276498479757393],[-71.056222465023652,42.276518731579714],[-71.056205747376211,42.276531293169839],[-71.05620562251039,42.276549127579358],[-71.056201890908724,42.276554328616498],[-71.056197050785954,42.276559798179555],[-71.056190008892443,42.276562514017868],[-71.056181513524805,42.276562481449069],[-71.056172995699285,42.276564920120187],[-71.05615963954763,42.276572826359207],[-71.056145189247971,42.276578257369856],[-71.05612114134783,42.276582555784174],[-71.056094879998795,42.276586022032696],[-71.056086371156439,42.276587907698428],[-71.056073395890465,42.276593895700287],[-71.056057418454813,42.276606457275435],[-71.056050374764681,42.276609175105719],[-71.056042976240008,42.27661079224459],[-71.056027456046834,42.27661073242443],[-71.056022682399416,42.276606323012352],[-71.056020578545017,42.276590125698526],[-71.056018022838046,42.27658572492571],[-71.056012145161134,42.276581311523906],[-71.055996668087118,42.276574938677456],[-71.055972710916791,42.276566064015789],[-71.055963111519674,42.276565205263282],[-71.055955739046112,42.27656243159889],[-71.055939124704963,42.276560446896731],[-71.055918803914906,42.276560368465724],[-71.055901788026787,42.276563047747231],[-71.055886256155517,42.276564908156196],[-71.055869600491846,42.276568410962462],[-71.055855151090498,42.276573568794539],[-71.055841801227061,42.276580652836941],[-71.055823621122343,42.276591282222334],[-71.055806882813656,42.276607134572863],[-71.055781571882207,42.276633106496973],[-71.05575959100554,42.276658816531089],[-71.0557390887558,42.2766845318721],[-71.055711196066227,42.276710219286606],[-71.055659508801398,42.276756393064069],[-71.055653194543282,42.276760759926972],[-71.055632803684645,42.276770561771606],[-71.055613452176786,42.276789971373653],[-71.055610082596161,42.276796267761689],[-71.055598817722512,42.276822019603237],[-71.055595459819969,42.276826397096237],[-71.055590617900577,42.276831868629714],[-71.055585784066025,42.276836240140035],[-71.055579476096113,42.276839782146553],[-71.055564979084068,42.276852348325328],[-71.055547111593057,42.27687093836915],[-71.055528885674264,42.276887608188176],[-71.055501016340884,42.276910002767046],[-71.055473518910048,42.27693212349584],[-71.055447867517103,42.276954250198891],[-71.055423670496609,42.276979128606406],[-71.055406951052547,42.276992511630255],[-71.055398408074183,42.276998514880958],[-71.055391340129532,42.277005623468156],[-71.055377921095811,42.277021762849401],[-71.05536714580397,42.277030501855378],[-71.055339291741973,42.277050151985755],[-71.055311832040374,42.277066785200837],[-71.055302167964555,42.277074979176263],[-71.05527911539771,42.277095193592132],[-71.05524903620875,42.277116484756156],[-71.05522342164673,42.277133399770918],[-71.055204465397608,42.277149241350386],[-71.055181427203834,42.277166989178887],[-71.055163228234491,42.27718036285755],[-71.055145029265148,42.277193741186032],[-71.055094524183247,42.27722921753768],[-71.055074133324609,42.277238743474747],[-71.055053737076079,42.277249368096534],[-71.055027017586269,42.277265453577783],[-71.054994732134972,42.277284813177786],[-71.054982464741443,42.277295465707596],[-71.054971667890044,42.277306951056239],[-71.054960888106635,42.277315963863082],[-71.054947531954994,42.27732387067249],[-71.054920839414635,42.277336116388156],[-71.054912679118587,42.277340747745917],[-71.054897140959127,42.27734315980053],[-71.054887509222652,42.277346687820682],[-71.054868201732248,42.277360060796539],[-71.054810335854896,42.277391117727525],[-71.054788460081099,42.277401735677046],[-71.054782530301907,42.277404182291598],[-71.054751423440266,42.277413942162603],[-71.05473696236082,42.27742102079327],[-71.054721008281362,42.277430014308621],[-71.054712844392057,42.277435195997946],[-71.054704313990115,42.277439554173185],[-71.054682820898634,42.277448525752192],[-71.054664650675392,42.277457236118579],[-71.054656130154925,42.277460770114288],[-71.054647598854686,42.277465127623131],[-71.054633153046581,42.277469739031588],[-71.054598370278782,42.277476737232156],[-71.054581690360578,42.277483806550535],[-71.05456722568789,42.277491710680252],[-71.054552769998324,42.277497965789287],[-71.054526102610808,42.277506641586577],[-71.05450942448924,42.277513712895548],[-71.054486433906177,42.277525149019652],[-71.054445669256893,42.277542004105413],[-71.054404556061286,42.277556116140325],[-71.054373451894563,42.277564776642485],[-71.05435790834521,42.27756828205181],[-71.054342355812693,42.277572887470839],[-71.054326426886078,42.277578862085946],[-71.054308624972109,42.277587848267565],[-71.054268969742196,42.277604709318467],[-71.054243409977417,42.277613391747707],[-71.054228947999661,42.27762046836196],[-71.054213397263766,42.27762479927339],[-71.054189335888879,42.27763101847767],[-71.054165282598831,42.277636139001956],[-71.054140083956796,42.277645919441433],[-71.054114894297939,42.277654877697827],[-71.054093424562637,42.277660008190047],[-71.05408232048741,42.277662710023094],[-71.054072694140814,42.277665414514701],[-71.054057134421782,42.277671393108953],[-71.054051189371236,42.277676035076581],[-71.054046354638373,42.27768040719301],[-71.054038930062532,42.277684768009905],[-71.054027088470477,42.27768746651865],[-71.054013781726169,42.27768823818576],[-71.054001937439153,42.277690936694306],[-71.053988628898225,42.277691707696761],[-71.053963496731512,42.277692434167115],[-71.053962394498654,42.277691606004211],[-71.053959807350651,42.27769159603433],[-71.053958703321172,42.277690768536047],[-71.053956117071465,42.277690758566166],[-71.053953900029327,42.277690749925625],[-71.053952791508266,42.277690745937711],[-71.053950204360262,42.27769073596783],[-71.053949095839201,42.277690731315253],[-71.053946505996223,42.277691544191079],[-71.053944285360842,42.277691535550538],[-71.053943177738091,42.277691531562581],[-71.053940587895127,42.27769234510307],[-71.053939473085862,42.277693163296121],[-71.053934631166499,42.277698631431051],[-71.053927219167079,42.277701347220287],[-71.053911687295809,42.277703757267091],[-71.053886512908306,42.277709971146329],[-71.053873163943166,42.277717053731656],[-71.053857610512338,42.277721384636457],[-71.053849096280075,42.277723271597495],[-71.053839472628454,42.277725977415791],[-71.053828744947324,42.277727583226842],[-71.053819130278839,42.277728370845246],[-71.053808395411195,42.277731070681419],[-71.053799909925004,42.2777293917582],[-71.053775929398512,42.277723811963611],[-71.053770041840139,42.277720221486803],[-71.053763046659014,42.277716626357211],[-71.053748728411691,42.277703124513479],[-71.053740306705919,42.277692389635114],[-71.053731882305186,42.277681653425574],[-71.053727127522379,42.277674776215385],[-71.053722382621032,42.277666524492751],[-71.053716513927299,42.277660466139103],[-71.053699986722705,42.277646132131892],[-71.05369262682558,42.277641438318724],[-71.05367936948862,42.277635348059093],[-71.053585950987255,42.277625107010039],[-71.053394419388923,42.277747300934841],[-71.053338828045867,42.277770133881447],[-71.053273993038545,42.277794030269703],[-71.053211350818856,42.277821503826956],[-71.053159852200224,42.277840784826815],[-71.053069511327067,42.277866229835404],[-71.052871068989219,42.277919792398961],[-71.052712616054578,42.277961982681084],[-71.052578963808287,42.277997959749392],[-71.052494914735362,42.278021780280731],[-71.052499643467016,42.278032499815936],[-71.052491112166763,42.278036857285258],[-71.052485178794313,42.278039579706402],[-71.052462240313531,42.278043880679661],[-71.052449268640828,42.278049316880796],[-71.052427400053531,42.278058839370622],[-71.052411845724393,42.278063442759802],[-71.052387787044466,42.278069384760393],[-71.052378153511356,42.278072914733833],[-71.052369624906049,42.278077545372781],[-71.052352945886184,42.278084615953034],[-71.052321453647252,42.278096020070194],[-71.05229036115864,42.278103856328521],[-71.052281855011216,42.278104645936232],[-71.05226148481384,42.278110877056911],[-71.05223743511705,42.27811517403736],[-71.052204844238545,42.278125750656365],[-71.052182239931042,42.278134716820418],[-71.05217483332153,42.278137158754014],[-71.052162994424393,42.278139033074197],[-71.052150790811268,42.27814063289285],[-71.052126744707735,42.278144104372878],[-71.05210158109999,42.278149496033642],[-71.052039026016857,42.278164343037936],[-71.052016436082425,42.278171391010282],[-71.051988678140148,42.278177595538288],[-71.051974235027018,42.27818192907008],[-71.05196572079474,42.278183814688013],[-71.051939469327195,42.278186184172597],[-71.051914320990818,42.278188831481636],[-71.051890290158639,42.278190657945366],[-71.051861445254886,42.278194111477035],[-71.051803728497873,42.278204313219177],[-71.051770040776404,42.278212414660132],[-71.051751904689127,42.278216734231812],[-71.051736337783566,42.278222986610274],[-71.051705239006751,42.27823164569147],[-71.05166894976422,42.278242208333253],[-71.051634134657064,42.278253595140967],[-71.051608963862819,42.278259808965984],[-71.051584906081189,42.278265201281471],[-71.051571586760474,42.278267621941168],[-71.051559743371755,42.278270320424895],[-71.051546402491482,42.278275482105606],[-71.051522351896367,42.278280051581767],[-71.051513838562443,42.278282487527825],[-71.051499372991415,42.278289565396271],[-71.051494546343392,42.278293114632277],[-71.051486342029889,42.278303786266505],[-71.051481453398125,42.278315566536271],[-71.051480256842169,42.278327909098209],[-71.051470578393307,42.278337751907429],[-71.051456119110483,42.278344829769665],[-71.051435385095417,42.278350786366026],[-71.051418729431717,42.278354289073029],[-71.051387276718685,42.278360475637442],[-71.05137064800445,42.278360410501762],[-71.051355108048355,42.278363095023877],[-71.051335876016424,42.278365764923578],[-71.051316652967685,42.278366512655019],[-71.051304454744425,42.278367287637082],[-71.051286704932721,42.278369140681598],[-71.05127818800554,42.278371575294948],[-71.051272257328009,42.278374297037018],[-71.05126374399407,42.27837618331386],[-71.051255243236525,42.278376150081336],[-71.05120866738568,42.27837843913607],[-71.051161697174422,42.278384565879648],[-71.051138763185236,42.278388043328093],[-71.051114717081688,42.278391518117751],[-71.051084766351806,42.278394145478671],[-71.05107662761533,42.278395759913138],[-71.051064379984751,42.2784028464093],[-71.051055876532274,42.278403910513546],[-71.051047753067152,42.278402781273613],[-71.051039280157397,42.278399180865769],[-71.051031900497335,42.278397506612883],[-71.051006798873345,42.27839384040437],[-71.050977990800519,42.278391805911163],[-71.050957672705422,42.278390903981254],[-71.050950653269766,42.278390876730597],[-71.050944378537523,42.27839002863734],[-71.050937356406934,42.278390001386725],[-71.050929984831726,42.278387227137991],[-71.050921876637972,42.278384454218447],[-71.050914489791396,42.278383599478587],[-71.05090598813554,42.278384391741334],[-71.050886745323837,42.278387881818155],[-71.050854548805731,42.278394891880467],[-71.050830478447708,42.278401931851192],[-71.050797938773158,42.278405372742967],[-71.050781310058952,42.278405307607279],[-71.050748792842299,42.27840517999455],[-71.050733287920465,42.278402649008299],[-71.050715183274235,42.278402578555415],[-71.050698537492039,42.278404983922883],[-71.050683028078652,42.278403278431632],[-71.050667167423995,42.278399648114558],[-71.050623931509364,42.278399479293526],[-71.050530442041122,42.278399935907935],[-71.050487189058501,42.278402512090459],[-71.050470538784708,42.278405187970328],[-71.050453511218507,42.278409511516713],[-71.050433110478394,42.278420135276491],[-71.050408980831563,42.278435959251659],[-71.050395600425389,42.278446606269654],[-71.050382566768945,42.278460826439797],[-71.050373988756292,42.278472316228559],[-71.050373905212979,42.278484115741669],[-71.050367853262898,42.278503575993909],[-71.050364120762879,42.278508776205086],[-71.050359225842911,42.27852137927141],[-71.050355366680463,42.278544415984534],[-71.050347156078757,42.278556183581038],[-71.05034084451556,42.278560549654514],[-71.050327848588353,42.278569279142012],[-71.050320424012526,42.278573641226721],[-71.050303738704443,42.278581807091037],[-71.05028669047698,42.27858887628539],[-71.050264092457695,42.278596745714836],[-71.050237436748262,42.278603775693334],[-71.050196716116446,42.278614318997981],[-71.050178584520751,42.278617815043887],[-71.050140134829959,42.278620406504409],[-71.05011869563738,42.278621148915612],[-71.050112414616905,42.278621124323685],[-71.050105396079601,42.27862109707312],[-71.050097997554928,42.278621889997531],[-71.050082454005562,42.278625398006689],[-71.050065819901448,42.278626154375416],[-71.050050310488061,42.278624445566912],[-71.050031102710662,42.278623547628236],[-71.050023725745547,42.278621598881927],[-71.050018958386332,42.278616367441643],[-71.050013065438065,42.278613599184695],[-71.049996094465726,42.278609964891842],[-71.049979505277364,42.27860441242575],[-71.049971012604672,42.278603554365681],[-71.049892020148476,42.278591720977921],[-71.049887189907196,42.278595269532261],[-71.04988345650888,42.278600470400526],[-71.04987641641199,42.278603184156914],[-71.049859413100293,42.278603941855231],[-71.049845027479336,42.278600319525474],[-71.049836903115903,42.278599462794624],[-71.049821051444397,42.27859418549177],[-71.04980667750155,42.278588641664712],[-71.049791159104998,42.278588581181772],[-71.049781565097774,42.278586897628898],[-71.049759073978009,42.278579673571315],[-71.049735097943071,42.278573266365271],[-71.049720719508642,42.278568819205582],[-71.049703756621128,42.278564089570182],[-71.049685665449616,42.278561549949885],[-71.049669048413477,42.278560385486429],[-71.049642812217314,42.27856028246601],[-71.049622110541577,42.278561300706841],[-71.04959954486165,42.278564780139511],[-71.049576603685921,42.278569081076917],[-71.049557390518615,42.278569005307055],[-71.049541844274316,42.278572508666585],[-71.049515220005929,42.278575150642219],[-71.049490085144257,42.278575874443845],[-71.049464997893324,42.27857028874233],[-71.049438748222414,42.278572104560617],[-71.049430251058141,42.278572071328234],[-71.049412167073157,42.278568435703676],[-71.049395557223562,42.278566448406117],[-71.049387068144128,42.278564769505159],[-71.049379711840274,42.278560349595466],[-71.049367951096571,42.278551246574409],[-71.049360957712082,42.278546828657738],[-71.049343993027946,42.278542370861786],[-71.049329628068222,42.278536004195537],[-71.04932113449722,42.278535149457745],[-71.049305600829328,42.278536733979401],[-71.04928159065841,42.278535816100039],[-71.049271994854536,42.278534129887113],[-71.0492649808088,42.278533006631349],[-71.049251730658369,42.278525819123274],[-71.049245848489889,42.278521405857347],[-71.049238477812963,42.278518633608371],[-71.049230355246181,42.278517776876349],[-71.049214471235317,42.278516892229156],[-71.049196727711831,42.278517645275947],[-71.049188229649246,42.278517612043544],[-71.049179750451273,42.278514837135766],[-71.049167976232852,42.278507654942807],[-71.04916059657279,42.278505980028186],[-71.04914988595965,42.278505114655623],[-71.049134353190084,42.27850752334237],[-71.049117331912072,42.278510201211773],[-71.049098113354887,42.27851094694752],[-71.049091077749594,42.278512839866764],[-71.04908255183922,42.278516373803271],[-71.049075521623806,42.27851799421645],[-71.049051559961924,42.278509943328096],[-71.049041959666482,42.278509080614171],[-71.049014225080384,42.278511715281347],[-71.049005707254878,42.27851415387704],[-71.048998686920925,42.278514125961777],[-71.048987980799367,42.278513259260045],[-71.048976897385401,42.278512391228944],[-71.048966195755412,42.278510429186241],[-71.048956608036377,42.278507920802305],[-71.04893519309833,42.278505095380787],[-71.048914895664481,42.278501447124107],[-71.048899011653631,42.278500562476637],[-71.048872773660818,42.278501281626546],[-71.048863165280522,42.278501243741573],[-71.048856118895444,42.278504784989892],[-71.048846446734785,42.278513528442723],[-71.048837932502522,42.278516236221016],[-71.048829431744991,42.27851620298857],[-71.048822429377353,42.27851343406261],[-71.048818766945928,42.27850902877158],[-71.048816225611986,42.278502705968734],[-71.048814089418244,42.278491170989369],[-71.048811540897773,42.278485946184709],[-71.048804600513918,42.278474397244651],[-71.048798716548774,42.278470806145997],[-71.048784342605927,42.278465260314093],[-71.048776962047555,42.2784635847337],[-71.048760332435009,42.278464342433686],[-71.048744816733418,42.278463458450354],[-71.048726724663609,42.278461465167638],[-71.048708617322418,42.278461394050161],[-71.048675047280256,42.278453303275647],[-71.048666938188191,42.278450530359017],[-71.048645214229666,42.278439741106688],[-71.048629722782579,42.27843528994967],[-71.048615365907722,42.278428097777919],[-71.048609484637552,42.278423683840487],[-71.04860582939267,42.278418183200628],[-71.048597448111067,42.278401410765767],[-71.048593801849336,42.278395085958188],[-71.048580971212118,42.278379941245056],[-71.048566671829434,42.278364518039915],[-71.048551254044213,42.278350188845373],[-71.048546480396794,42.278345780219681],[-71.048542826050209,42.278340548756454],[-71.04853436392024,42.278335028834491],[-71.048471115337719,42.278291972761977],[-71.04844348585452,42.278279515208354],[-71.048411497745576,42.278257159001335],[-71.048358796282798,42.278237194867152],[-71.048105183911787,42.278098990404381],[-71.047970177904361,42.278065529106613],[-71.047914904564934,42.278043908595087],[-71.047854079637048,42.278023364150641],[-71.047796452711566,42.278020391818934],[-71.047736138925075,42.278031681627283],[-71.047672368421388,42.2780616149631],[-71.047617278338265,42.278066061493924],[-71.047546153327332,42.278090754024284],[-71.047523832887464,42.27806020589798],[-71.047505075166001,42.277995918596844],[-71.047476253618427,42.277995804941007],[-71.047430175434243,42.278032120963374],[-71.047383333682077,42.278071176665577],[-71.047331417346868,42.27809704230652],[-71.047274876484565,42.278097641823507],[-71.047229631038647,42.278068924820317],[-71.047229861007366,42.278036819399993],[-71.047267360280586,42.278011995247041],[-71.0472963956272,42.277981924304228],[-71.04730150614283,42.277939136510916],[-71.047262289290799,42.277894253031008],[-71.04717350160476,42.277856582361245],[-71.047097040601017,42.277801124809393],[-71.046988446859586,42.277742793897779],[-71.046884272829345,42.27768695140923],[-71.046776839711271,42.277621489941282],[-71.046689583652764,42.27757669197608],[-71.046601280158654,42.277523655530807],[-71.046511566309547,42.277461008727144],[-71.046431783335905,42.277404715349164],[-71.046373339841836,42.277361673928212],[-71.046289415634732,42.277315789721861],[-71.046205819312718,42.277276219103335],[-71.04613782493054,42.277225183038368],[-71.046057985363035,42.277176844798042],[-71.045970827220899,42.277118599714825],[-71.04588795673763,42.277080678667808],[-71.045800652170115,42.277043012164334],[-71.045719553164574,42.277016074651812],[-71.045628524181893,42.27698250842667],[-71.045541096545193,42.276961857289777],[-71.045465571585979,42.27693027439701],[-71.045393619226658,42.276915720884119],[-71.045321905819236,42.276919825193104],[-71.04529175117176,42.276899402015971],[-71.045252297164495,42.27688771918735],[-71.0451899675585,42.276871281336774],[-71.045180284618056,42.276881946565112],[-71.045158831052433,42.276884603234279],[-71.045134962815339,42.276863929466664],[-71.045060769159377,42.27685293456085],[-71.045007825151487,42.276866991582793],[-71.044955180282571,42.276840166323609],[-71.044904971644712,42.276833654588103],[-71.044818409983947,42.276846760477056],[-71.044814537346753,42.276871716028253],[-71.044759654774467,42.276847350700649],[-71.044666157221386,42.276848625530334],[-71.04467889084053,42.276876391952783],[-71.044677674521637,42.276891479201296],[-71.044608342548003,42.276872544201986],[-71.044544687926972,42.276885737818738],[-71.04453228398954,42.276915050901337],[-71.044478106594738,42.276946942206365],[-71.044450232769805,42.276969059598855],[-71.044439393697587,42.276986031814388],[-71.044410658388287,42.276974116369111],[-71.04439711269211,42.277008090702729],[-71.044353960320805,42.277047982522305],[-71.044318806548787,42.277054979440408],[-71.044303384271998,42.277041472137611],[-71.044313111229869,42.277024770455412],[-71.044326612010281,42.276997107786045],[-71.044338609010907,42.276973007708165],[-71.044330589750373,42.276957883922563],[-71.044249875223784,42.276980613467472],[-71.044181312208025,42.277008058134172],[-71.044103186626074,42.277029974111954],[-71.04405375682758,42.277069843319154],[-71.044004464471314,42.277090229219858],[-71.043965810862943,42.27712136006145],[-71.043888657258123,42.277161939070751],[-71.043838148582978,42.277197413446331],[-71.043809064727327,42.277233795065698],[-71.043813625474044,42.277267566537489],[-71.043803939838654,42.277278228375444],[-71.043771487300688,42.277269317921117],[-71.043723246871608,42.277297665072261],[-71.043661994345655,42.277336664733518],[-71.043606215254712,42.277385287325949],[-71.04357122138282,42.27742164557376],[-71.043575789316037,42.277453770582646],[-71.043565007735992,42.277463605552498],[-71.043533608921877,42.277461835563777],[-71.043491762700995,42.277474018774612],[-71.043445689008379,42.277509510255655],[-71.043378117732715,42.277553694788672],[-71.043330008457687,42.277614972304583],[-71.043316376523236,42.277660470791687],[-71.043285896685646,42.27773691235015],[-71.043257732704859,42.277799092955611],[-71.04325647057189,42.277820490891408],[-71.043204600050757,42.277839219562644],[-71.043167529273916,42.277805043621655],[-71.043132632420068,42.277827134126788],[-71.043114679589138,42.277856699340617],[-71.043137047639703,42.277880660832231],[-71.043124034644492,42.277892134775087],[-71.04308313345129,42.277876056100361],[-71.043027884366381,42.277902454874692],[-71.04302779363654,42.277915078666581],[-71.0430372376251,42.277938164785795],[-71.043024942383809,42.277951564222377],[-71.042995012315188,42.277951444584566],[-71.042948315191765,42.277970740831677],[-71.042941901220644,42.277988554229495],[-71.042958843446911,42.277996853100454],[-71.042946545510645,42.278010800199318],[-71.042909620260886,42.278007357956717],[-71.042876903618264,42.278034671239446],[-71.042864387391404,42.278079349906221],[-71.042877642033417,42.278086262298821],[-71.042882326747616,42.278102471856528],[-71.042852309542411,42.2781147014692],[-71.042826102092306,42.27811020642217],[-71.042774135451424,42.278142929267275],[-71.042663260887494,42.278196821263045],[-71.042584783165964,42.278267032395533],[-71.042520728794628,42.278335382428544],[-71.04245667262667,42.278404555888422],[-71.042333531567508,42.278519041702545],[-71.042229989052927,42.278580921780033],[-71.042111150025661,42.278713263668756],[-71.041841544049348,42.279153174361582],[-71.041923217078335,42.279151851724336],[-71.041958064524849,42.279136899939274],[-71.041974102147591,42.279116381772162],[-71.042008964865474,42.279098682347005],[-71.042086932343921,42.279098992735022],[-71.042192692798935,42.279088714039162],[-71.042244131230433,42.279078215344953],[-71.042417169212044,42.279064636694436],[-71.042479506902879,42.279079977977226],[-71.042529666133376,42.279093625082638],[-71.042579785838029,42.279112484310012],[-71.042620735540268,42.279121703562311],[-71.042655471595666,42.2791218418079],[-71.042696150904987,42.279117614018858],[-71.042769404923149,42.27910528025194],[-71.042791980484552,42.27915174671088],[-71.042799960219227,42.279223949373502],[-71.042767912821461,42.279311907250573],[-71.042739878198091,42.279407292348026],[-71.042739376938158,42.279476717858508],[-71.042730423429717,42.279540070497482],[-71.042690480738926,42.279595893398685],[-71.042680428590899,42.279657323124376],[-71.042651103986756,42.279726631383475],[-71.042632559166023,42.279787204267052],[-71.042623964983704,42.279851381405258],[-71.042636449769532,42.279913722759531],[-71.042674499710003,42.279966562455662],[-71.042712832619827,42.279980162180088],[-71.042697151628218,42.280002327690859],[-71.042713445270849,42.280048767567649],[-71.042742972894231,42.280104863846482],[-71.042798132147624,42.280142680720395],[-71.042821869230707,42.280181741760821],[-71.042845480549616,42.280238091810077],[-71.042890545434162,42.280291782625028],[-71.042945182766374,42.280350723300586],[-71.043000308782084,42.2803929272416],[-71.043052830581814,42.280437590279078],[-71.043108733640267,42.280474309652625],[-71.043180579100053,42.280503957367507],[-71.043248743263817,42.280531946158703],[-71.043319468524459,42.280563509301459],[-71.043400959195452,42.280587707700136],[-71.043510962393569,42.280604333999875],[-71.043623920150637,42.280620700426283],[-71.043687457092375,42.280624520033882],[-71.04370423672357,42.28060318286667],[-71.043729223363201,42.280623039911035],[-71.043801921324203,42.280688363341888],[-71.043804261435497,42.280722951116005],[-71.043824368426527,42.280752667170283],[-71.043866329631754,42.28077588251638],[-71.043917565043969,42.28079392508134],[-71.043964482254623,42.28079575678656],[-71.044007693016425,42.280799495963961],[-71.044067388762016,42.280823058891279],[-71.044105597704302,42.280854219126091],[-71.044116145722384,42.280877586633601],[-71.044136785414338,42.280884800458374],[-71.044127967551518,42.280929222553667],[-71.044077175907034,42.280952346781383],[-71.044054544650081,42.280964605748991],[-71.044034239131392,42.280961779773037],[-71.043963403377987,42.280945582249437],[-71.043922711492257,42.280951733334433],[-71.043856662860975,42.280938025486137],[-71.043778928046166,42.280904787015551],[-71.043669766569494,42.280873891990581],[-71.043563152714924,42.280848496714057],[-71.043461290948244,42.280830529931826],[-71.043364165998028,42.280821911085248],[-71.043245733907611,42.280795645794264],[-71.04314289567219,42.28075873984838],[-71.043038686607673,42.280707559057085],[-71.042873835871561,42.28061058082438],[-71.042731548120457,42.280561170479089],[-71.042619037724364,42.280533830377088],[-71.042527907232071,42.280513985932551],[-71.042451070732554,42.280510111818757],[-71.042363492178879,42.280509762889338],[-71.042267308663085,42.280524471759612],[-71.042202567978876,42.280534093569493],[-71.042123329384282,42.280556004333242],[-71.042013776242129,42.280579715563427],[-71.041936799605438,42.2805953249865],[-71.04185171746991,42.280607607950131],[-71.041791390208701,42.2806205395867],[-71.041742066411388,42.280644491387214],[-71.041704930955873,42.280669315832391],[-71.041690206670054,42.280712886694431],[-71.041694675788591,42.280759283511557],[-71.041715794282595,42.280802173735957],[-71.041771822206869,42.28087347128379],[-71.04177630929172,42.280917119765611],[-71.041730189785042,42.280958097098164],[-71.041726496810909,42.28100885166311],[-71.041722245982982,42.281085394834491],[-71.041722240593089,42.281086218300501],[-71.041729184570229,42.281096949942231],[-71.041737548783857,42.281115916903268],[-71.04174591030251,42.28113461003479],[-71.041746977501063,42.281140650774283],[-71.041747993495648,42.281153275911301],[-71.04174898793066,42.281169197563997],[-71.041747767120185,42.281184560931479],[-71.041746607395154,42.281191692308177],[-71.041741708881915,42.281204843814166],[-71.041740509631012,42.281217461627477],[-71.041742595519111,42.281235304680052],[-71.041743519885529,42.28126110588331],[-71.041741244452922,42.281269054068751],[-71.041737516444485,42.281273428594304],[-71.041735248198393,42.281280555308619],[-71.041732479590692,42.281305515750105],[-71.041733547687556,42.281311009491709],[-71.041741958613571,42.281323390014833],[-71.04174450443908,42.28132888973645],[-71.041745480009496,42.281347552896932],[-71.041739447822337,42.281364268719663],[-71.041739407398154,42.281369757139146],[-71.041739362482403,42.281376067691177],[-71.041744074146067,42.281388434909125],[-71.041745092835612,42.281401061325752],[-71.041742417652685,42.281413399960236],[-71.041740154796472,42.281419703861701],[-71.041737528122596,42.281424906490692],[-71.041727848775409,42.281434746157736],[-71.041724477398148,42.281441045404712],[-71.041716951312694,42.281459673971874],[-71.041709750417382,42.281484616397783],[-71.041708564641198,42.281495315405401],[-71.041705849932427,42.281513139770013],[-71.041705741236257,42.28152823388384],[-71.041706765315681,42.281539763654898],[-71.041711427572011,42.281559539985537],[-71.041711375469717,42.28156667331362],[-71.041714933696568,42.281585349031396],[-71.041719603139413,42.281604026072841],[-71.041723208976961,42.281616389258382],[-71.041724265395729,42.281623529226202],[-71.041723123636999,42.281628188182701],[-71.041721989963122,42.28163175251683],[-71.041720478098497,42.281636137651084],[-71.041719345322932,42.28163969999089],[-71.04171559126334,42.281647642811663],[-71.041714417165267,42.28165669221611],[-71.04171322060931,42.281669038111318],[-71.041713105624964,42.281684952987483],[-71.041714153060568,42.28169319089163],[-71.041714101856599,42.281700325533834],[-71.041712951114718,42.281706357579104],[-71.041713966211006,42.281718984596587],[-71.041711697066589,42.281726110595876],[-71.041704289558751,42.281728823553081],[-71.041688754094238,42.281730408659058],[-71.041681343891469,42.281733122945283],[-71.041676506463645,42.281738318902278],[-71.041673085679051,42.281750927304195],[-71.04167304166161,42.281756963996891],[-71.041674058554506,42.281769591004291],[-71.04167764642574,42.281784699013564],[-71.041680861496161,42.281799803031504],[-71.041689181692306,42.281824807796468],[-71.041692786631543,42.2818374474179],[-71.041698422661639,42.281875613503018],[-71.041698376847563,42.281881922675197],[-71.041692387779563,42.281892601676979],[-71.041689709003393,42.281904940879819],[-71.041688459446831,42.281924693169735],[-71.041688421717581,42.28192990639085],[-71.041701649410129,42.281939837695518],[-71.041705309146607,42.281945341351019],[-71.041707427374064,42.281958521278021],[-71.041707292626754,42.281977180264363],[-71.041711903679115,42.282004092394708],[-71.041712914283806,42.282017540812511],[-71.041709467448058,42.282034268420496],[-71.041704574324712,42.282046871446262],[-71.041703064256723,42.282051255222427],[-71.041703006764536,42.282059213277329],[-71.041705463656825,42.282077059414561],[-71.041709029070191,42.282094912192861],[-71.041710055844575,42.282106440531031],[-71.04170996511472,42.282119064145334],[-71.04170616254612,42.282133318711061],[-71.041692603375239,42.282168938496],[-71.041679407123695,42.282205381047568],[-71.041676722059307,42.282218542311135],[-71.041675512028647,42.282232808817326],[-71.041675362908293,42.282253388442882],[-71.041675213787954,42.282273968726287],[-71.041673970519597,42.282292622966921],[-71.041670139204925,42.282311267897505],[-71.041665252369782,42.28232277625785],[-71.041665117622472,42.282341434471704],[-71.041662455015981,42.282352126023177],[-71.041662377760872,42.282362828206544],[-71.041662305895656,42.282372706938951],[-71.041662234928751,42.282382585005188],[-71.041663632707298,42.282393292500274],[-71.041669410671233,42.282411975283701],[-71.041669312754863,42.282425423614441],[-71.041666686080958,42.282431448944244],[-71.041641090383578,42.282495558257779],[-71.041631331984632,42.282516100579571],[-71.041624170615194,42.282535556263561],[-71.041613287525522,42.282558838077968],[-71.041613198592316,42.282571187119395],[-71.041611673252959,42.282577490905027],[-71.041604522663306,42.282595300342173],[-71.041604470561012,42.282602433552988],[-71.041605481165718,42.28261588649535],[-71.041608037771013,42.282620287511669],[-71.041616031878718,42.282638976873827],[-71.041618583094134,42.282644200669523],[-71.041619605376923,42.282656005382798],[-71.041619567647686,42.282661217878854],[-71.041616909532763,42.282671087259999],[-71.04161239190519,42.282682595554576],[-71.041607555375705,42.28268696732362],[-71.041595297863651,42.28269515059916],[-71.041591568956903,42.28270034847062],[-71.041590452351016,42.28270116792789],[-71.04159043258808,42.282703912744111],[-71.041590411926833,42.282706654237174],[-71.041590400248737,42.282708302455951],[-71.041591505176527,42.28270912922379],[-71.041591485413591,42.282711874704226],[-71.041592946972557,42.282713800062879],[-71.041592934396149,42.282715444958491],[-71.041595041843806,42.282730548088757],[-71.041597506820935,42.282747571920773],[-71.041595865598921,42.282769793613916],[-71.041593425774607,42.282801065203984],[-71.041585693076641,42.282848235410356],[-71.041580775698776,42.282864130715204],[-71.041574817173498,42.282870417856479],[-71.041571086470114,42.282874794264693],[-71.041569919558555,42.28288302204421],[-71.041568716714394,42.282896189147657],[-71.041567511175288,42.282909628735212],[-71.041568521779965,42.282923081611976],[-71.0415695862836,42.282929122180001],[-71.041575406468311,42.282941768225918],[-71.041575360654235,42.282948079949684],[-71.041573062763746,42.282959594839745],[-71.041569328467091,42.282964796012408],[-71.041553651967092,42.282986137032061],[-71.041542790436978,42.283005851765424],[-71.041540123338905,42.28301736465108],[-71.041545958794984,42.283028090647093],[-71.041552212865994,42.283031683479869],[-71.041554383195717,42.283038002505251],[-71.041554351754684,42.283042392858434],[-71.041554325703544,42.28304596110015],[-71.041554300550715,42.283049528677033],[-71.041553167775149,42.283053090936932],[-71.041552032304608,42.283056653861237],[-71.041550491693911,42.283065429247941],[-71.041549319392473,42.283074479777994],[-71.041549255612082,42.283083261143567],[-71.041546945145171,42.2830958752577],[-71.041546771770314,42.28311974835907],[-71.041539374143952,42.283120815042061],[-71.041533435381595,42.283124360018327],[-71.041532193909873,42.283143015336407],[-71.041533159598814,42.283162502062972],[-71.041530422432146,42.283183071415856],[-71.041525527512178,42.283195401061583],[-71.041525482596413,42.283201714089159],[-71.041526911816021,42.283208855206539],[-71.04153168546344,42.283213264156608],[-71.041538696814229,42.283214388658109],[-71.041547181402095,42.28321606942901],[-71.041551967625921,42.283218832831537],[-71.041555630955656,42.283223237128681],[-71.041554103819678,42.283230366945453],[-71.041548107565148,42.283241867162708],[-71.041546955026647,42.283247351431129],[-71.041549123559733,42.283254495201689],[-71.041550562660817,42.283259715623394],[-71.041539290600639,42.283285464823564],[-71.041538130875594,42.283292595297901],[-71.041538027569345,42.283306862890065],[-71.041535727882206,42.28331838037294],[-71.04153416211868,42.283330173661753],[-71.041535578761881,42.283338959643871],[-71.041536615417712,42.283348842210827],[-71.04153769159943,42.283353237194511],[-71.041542393381619,42.283367528033899],[-71.04154340398631,42.283380976160721],[-71.041541079146356,42.283396061187318],[-71.04153985025107,42.283411969645876],[-71.041540794380424,42.283435300316562],[-71.041541768154175,42.283453966176104],[-71.041545408127718,42.283461111917056],[-71.04155240780041,42.283464708048122],[-71.041558667261313,42.283467478085726],[-71.041563441807057,42.283471887682246],[-71.041566674843764,42.283484250501282],[-71.041566629927985,42.283490560176922],[-71.041566448468302,42.283515533034851],[-71.041564047271549,42.283541317354043],[-71.041561362207176,42.283554752816443],[-71.041554159515201,42.283579695077535],[-71.041549266391868,42.283592024645642],[-71.041538418336501,42.283609818510328],[-71.041534681344913,42.283616115546081],[-71.041523892578354,42.283625949554171],[-71.04150680572333,42.283638231262401],[-71.041484184347851,42.283648843507073],[-71.041476778636635,42.283650733613612],[-71.041462401100532,42.283646011670157],[-71.041446905161877,42.283642382984354],[-71.041437289595066,42.283643441683374],[-71.041431356222617,42.283645887391025],[-71.041425041964487,42.28365052692471],[-71.041422788091438,42.283655733357129],[-71.04142015423102,42.283662033046667],[-71.041404493002361,42.283681455811688],[-71.041398547951815,42.283685822194634],[-71.041394815451795,42.283691293797112],[-71.041392549002339,42.28369759747067],[-71.041391356039654,42.28370911687589],[-71.041387627132906,42.283714317322065],[-71.041373147188835,42.283723315920611],[-71.041350174572074,42.283732004817224],[-71.041345342534171,42.283735553082082],[-71.041340497919848,42.283741020692659],[-71.041336713317548,42.283753354881341],[-71.041328504512478,42.283764024926271],[-71.041322192949281,42.283768390638883],[-71.041315132191173,42.283773848942303],[-71.041310301051553,42.283777397204801],[-71.041305464522068,42.283781768897889],[-71.04130174370016,42.283785321812069],[-71.041292012250679,42.283802295514626],[-71.04128716853468,42.283807490636384],[-71.04127748559425,42.283818154690813],[-71.041271480356556,42.283830754036771],[-71.041269084549697,42.283855714797198],[-71.04126414561226,42.283874355277696],[-71.041264022543075,42.283891369496367],[-71.041260229855936,42.283904527084772],[-71.041256442558705,42.283917135053201],[-71.041249343173007,42.283927806399561],[-71.041237035355294,42.283943674183774],[-71.0412250338631,42.283967775583243],[-71.041216428900995,42.283982011122141],[-71.041206725299304,42.283995142107997],[-71.041201837565836,42.2840069239721],[-71.041188411345601,42.284023607853555],[-71.041173837078432,42.284045779252374],[-71.041159296947257,42.284063557038721],[-71.041147343065759,42.284081345453508],[-71.041138764154795,42.284092014778295],[-71.04113752627633,42.284109845718774],[-71.041133790183068,42.284115320607334],[-71.041119336290151,42.284121298589682],[-71.041113396629484,42.284124842845053],[-71.041108559201689,42.284129486995624],[-71.041101447239583,42.284141808481081],[-71.041092876413444,42.284151653705081],[-71.041055297190169,42.284186353887314],[-71.041027403602286,42.284210939678928],[-71.041020350030678,42.284215575848108],[-71.041012933539676,42.284219114116937],[-71.041001044336909,42.284227847472607],[-71.040979474888601,42.284246420055005],[-71.040973167817,42.284249962974201],[-71.040960188957769,42.284256224058204],[-71.04094792605585,42.284265229225234],[-71.04094307784824,42.284271246404003],[-71.040932192961947,42.28429452890618],[-71.040927248634631,42.284313993345229],[-71.040927202820555,42.284320302937779],[-71.040925959552197,42.284338959895486],[-71.040924428822947,42.284346088921353],[-71.040922173153277,42.2843512933025],[-71.040913594242312,42.284361960587773],[-71.040908763102721,42.284365508817146],[-71.040895770768756,42.284373688551781],[-71.040888370447448,42.28437530814972],[-71.040855796636919,42.2843823102355],[-71.040835399490092,42.284392109565459],[-71.040802806814952,42.284401855726962],[-71.040779102969552,42.284408897020306],[-71.040758375242689,42.284414027627172],[-71.040738009536881,42.284419160892007],[-71.040716515547075,42.284427304731949],[-71.040698356103604,42.284434369283005],[-71.040681669897197,42.284442259913767],[-71.040674253406209,42.28444579816982],[-71.040664567770833,42.284456460122406],[-71.040657518690779,42.284459999706847],[-71.040643067492809,42.284465155563836],[-71.040630796506022,42.284475809538087],[-71.040614057299024,42.284490837148212],[-71.040600596044484,42.284512186290577],[-71.040582340481279,42.284532694060985],[-71.040574145150941,42.284541717132306],[-71.040565515934333,42.284559520032914],[-71.040560677608212,42.284563891671731],[-71.040555845570296,42.284568262645642],[-71.040548428180998,42.284571798236271],[-71.040542483130452,42.284576165222113],[-71.040531692567257,42.284586002403238],[-71.040525747516725,42.284590369388091],[-71.040517230589501,42.28459308022817],[-71.040500208413192,42.28459575385142],[-71.040489463664073,42.284600102227266],[-71.040476413837936,42.284615965854641],[-71.040471569223598,42.284621434718012],[-71.040465221727814,42.284630189949205],[-71.040460345672443,42.284640050382336],[-71.040455471413708,42.284649908820136],[-71.0404531492687,42.284664169459113],[-71.040445792964832,42.284659474839579],[-71.040430133532809,42.28467834635731],[-71.040411930970208,42.284691445962629],[-71.040138243947538,42.284873108915988],[-71.039776219294779,42.285158424410476],[-71.039519164579602,42.285390097379221],[-71.039288622741708,42.2855335147229],[-71.039100471503772,42.285691370252088],[-71.038948543033015,42.285797781571659],[-71.038748494507473,42.285915251165854],[-71.038718427894892,42.285932965955091],[-71.03868095736776,42.285952572770512],[-71.038576311722011,42.286011702204952],[-71.038464231618946,42.286076287029573],[-71.038558183719587,42.286166672976059],[-71.03869878173964,42.286296484877127],[-71.038832448358974,42.286413923636019],[-71.039021892272615,42.286586466471086],[-71.039095687974879,42.286653718261299],[-71.039030564608368,42.286714927117011],[-71.038991845422984,42.286754010665469],[-71.03900734225995,42.286757641165771],[-71.03903597246638,42.286784375809951],[-71.039027804983803,42.286789830529266],[-71.039029898058416,42.286806578800707],[-71.039033485031339,42.286821687595861],[-71.039039294436293,42.286835978977578],[-71.039041840261802,42.286841475559768],[-71.039051333657724,42.286857430332134],[-71.039051293233541,42.28686292026682],[-71.039049773284091,42.286868949159583],[-71.039043735707054,42.286885939309919],[-71.03903889109273,42.286891408640805],[-71.039023369102935,42.286891346836704],[-71.039017423154064,42.286895713661757],[-71.039008843344789,42.286906380516207],[-71.039007646788832,42.286918724053592],[-71.039005028199782,42.286923377966623],[-71.039000179093875,42.286929397549756],[-71.038979714573387,42.2869479746522],[-71.038974886128742,42.286951522071362],[-71.038967843336906,42.286954238790884],[-71.038942310521591,42.286958527193562],[-71.038935282102798,42.286959594476123],[-71.038930494082337,42.286957656620615],[-71.038903938085909,42.286950415579632],[-71.038824075162211,42.286903718953099],[-71.038834878301813,42.286892236018268],[-71.03857545203428,42.286738071151838],[-71.038431355076199,42.286936168084807],[-71.038410895945589,42.286953922460519],[-71.038395352396236,42.286957426018418],[-71.038377162410043,42.286968056976242],[-71.038362713907006,42.286973213292491],[-71.038348246539343,42.286980290184715],[-71.038331589079036,42.286983788424678],[-71.038307504347969,42.286992749340882],[-71.038291553861782,42.287000643638535],[-71.038231434111381,42.287034976744287],[-71.038205090117373,42.287049139817825],[-71.038193944719637,42.287057326514137],[-71.038183158648025,42.287066889509809],[-71.038179409978326,42.287074008923213],[-71.038172299812871,42.287085778249484],[-71.038161493079997,42.287098084536474],[-71.038148115368784,42.287107911355427],[-71.038137342771904,42.28711582623994],[-71.038136222572746,42.287117467697826],[-71.038123974043828,42.287124550554857],[-71.038102457596153,42.287135167528731],[-71.038097617473412,42.287140638167074],[-71.038094990799507,42.28714584032366],[-71.038093841854263,42.287151324252193],[-71.038094768915641,42.287176298317284],[-71.038093621767032,42.287181507781064],[-71.038087669529958,42.287186973763454],[-71.038071746891546,42.287191299365524],[-71.038064726557593,42.287191271454098],[-71.038048087063586,42.287192027720053],[-71.038040675064181,42.287194742435496],[-71.038034737200149,42.287198285853449],[-71.038030996615305,42.287204581201451],[-71.038027215606263,42.287216092655271],[-71.03802606127114,42.287222397305293],[-71.038027079062346,42.287234750749072],[-71.038025924727208,42.287241058720021],[-71.038023670854159,42.287246262862006],[-71.038007679045478,42.28725964436979],[-71.037971602703664,42.287290783478291],[-71.037958235772237,42.287299511091717],[-71.037941482192181,42.287316455936164],[-71.037928110769187,42.287325183546024],[-71.037923275138013,42.287329554992873],[-71.037918389201181,42.28734133556889],[-71.037911250289625,42.28735722243001],[-71.037906406573597,42.28736269039085],[-71.037893035150603,42.287371417994315],[-71.037883346820266,42.287382082774556],[-71.037879563116277,42.287394416250393],[-71.037866114438174,42.287414120300518],[-71.037859045595198,42.287420402335826],[-71.037840828659554,42.287435422598001],[-71.037837452790711,42.28744172058051],[-71.03783108193872,42.287454042082679],[-71.037829876399613,42.287467484685358],[-71.037833488525365,42.287479022673317],[-71.037837090769656,42.287491386699671],[-71.037837044955566,42.287497699296765],[-71.037835457632468,42.287512784002217],[-71.03783312470766,42.287528967210974],[-71.037834084108397,42.287549275962498],[-71.037837651318398,42.287567127854693],[-71.037837565080125,42.287578928987408],[-71.037837486926691,42.287589627624705],[-71.037837416858096,42.287599232406365],[-71.037832513853274,42.287612659693337],[-71.037809278928449,42.287656197842622],[-71.037797311572248,42.287675907127216],[-71.037790937126971,42.287688230577274],[-71.037783844029505,42.287698080563523],[-71.03777895899097,42.287708763895886],[-71.037776279316489,42.287721925338872],[-71.037772916024068,42.287726575205298],[-71.037764347892889,42.287736145409418],[-71.037753542956651,42.287747903314617],[-71.037733121555306,42.287760990319747],[-71.037717171967429,42.287768885185685],[-71.037689724842238,42.287782222722107],[-71.037678592919249,42.287788486777821],[-71.037668936029931,42.287794760801198],[-71.0376596474499,42.287801859531271],[-71.037647380954695,42.287811413774769],[-71.037642537238668,42.287816882360694],[-71.037629113713379,42.287832745178115],[-71.037626866128548,42.287837126558017],[-71.037619364297612,42.287852463711189],[-71.037611135729605,42.287865601864972],[-71.037599931941386,42.287881747103754],[-71.037593940178439,42.287892424424015],[-71.037585271435944,42.287915441761847],[-71.037584108117642,42.287922571047609],[-71.037585126807187,42.287935198812903],[-71.037587661852911,42.287942343381076],[-71.037589833080958,42.2879483894488],[-71.037593433528613,42.287961849224196],[-71.037595894014174,42.287978870978101],[-71.037602742769906,42.288002774127499],[-71.037605290392051,42.288008272601502],[-71.037613323127317,42.288021751636037],[-71.037616923574987,42.288034937601942],[-71.037617985383648,42.28804125346732],[-71.037616837336714,42.288046738646983],[-71.037605996467875,42.288063434084975],[-71.037588831459416,42.288085591435703],[-71.037581711412471,42.288099008650768],[-71.037573122620046,42.288111596507875],[-71.037553721704839,42.288136215988658],[-71.037526147917205,42.288167389220334],[-71.037521302404556,42.288172855781731],[-71.037507943557983,42.288179937855496],[-71.037498273193933,42.288188681294869],[-71.037490798312461,42.288200175955232],[-71.037481036320258,42.288220717746064],[-71.037471288701127,42.288240160371139],[-71.037461566234811,42.288255488787101],[-71.037452223755849,42.288269722692633],[-71.037439835988067,42.288295467186991],[-71.037430123403212,42.288309696431703],[-71.037420412614992,42.288323927666767],[-71.037410718894762,42.288335415656974],[-71.037404767556012,42.288340605088571],[-71.037399914856834,42.288346895006065],[-71.037389060513263,42.28836551289227],[-71.037377902539134,42.288375346158972],[-71.037362323057152,42.288383242276979],[-71.037358615709991,42.28838514951962],[-71.037418056334005,42.288494878341062],[-71.037549478063454,42.288717408247962],[-71.037688239028753,42.288947650003408],[-71.03777263754634,42.289081629467098],[-71.037766329576414,42.28908517144982],[-71.0377661993207,42.289103008287],[-71.037770922662446,42.289113729259732],[-71.037778238542117,42.289124459534115],[-71.037789961556584,42.289138776310345],[-71.037797272944687,42.2891495065805],[-71.037813747148675,42.289170980406006],[-71.037826938908623,42.289186948543673],[-71.037831708064473,42.289191632857758],[-71.037835369597559,42.289196038730999],[-71.037839028435727,42.289201266634734],[-71.03784230728651,42.289207589693042],[-71.03783636223595,42.289211956357583],[-71.037821943377338,42.289212997685077],[-71.037817105949514,42.289217369665465],[-71.037819648181781,42.289223689399471],[-71.037834027514535,42.289228137136178],[-71.037848410440546,42.289232585537157],[-71.037855425384592,42.289233439465299],[-71.03786393153203,42.28923264800347],[-71.037884253220383,42.289233555759004],[-71.037899760837149,42.28923553740384],[-71.037907165650026,42.289233647464918],[-71.037922694826335,42.289232884578105],[-71.037928576096505,42.289237299087418],[-71.037938066797466,42.289253529035157],[-71.037941664550189,42.289266713414129],[-71.037945315303503,42.289273041117639],[-71.037946383400381,42.289278535493594],[-71.037946293568851,42.289290881888796],[-71.037942456864272,42.289310624553295],[-71.03794342704478,42.28932929000112],[-71.037945928852849,42.289340824325386],[-71.037949515825787,42.289355931183671],[-71.037952736286073,42.289370214680567],[-71.037955241687399,42.289381747668294],[-71.037956203783068,42.289401510240268],[-71.037958298654303,42.289418257152846],[-71.037965490566478,42.2894460040811],[-71.037971201156722,42.289473743022754],[-71.037973684100166,42.289488021176723],[-71.037973631997886,42.289495155600761],[-71.037974698298129,42.289501196203148],[-71.037979408165185,42.289513838271752],[-71.037980357684432,42.289536070868991],[-71.037982332181414,42.289619774639881],[-71.037980725095366,42.289637605344879],[-71.037980594839667,42.289655440032],[-71.037980418769862,42.289679589086141],[-71.037982834339658,42.289702649629916],[-71.037986427600785,42.289716933048233],[-71.037992196581556,42.289736713457373],[-71.037996924414898,42.289747436315828],[-71.038007505670635,42.289766136854297],[-71.038015868985923,42.289784832735535],[-71.038022786013599,42.289799128761295],[-71.038026443055131,42.289804357944057],[-71.03803009560508,42.289810684929023],[-71.038032265934802,42.289817002609929],[-71.038035819670071,42.289836502556341],[-71.03803682488487,42.289850775311812],[-71.038036715290417,42.289865868757154],[-71.03803550705635,42.289879308851532],[-71.038030547457666,42.289900692052363],[-71.038025486349369,42.289935523302717],[-71.03802423050459,42.289955825297618],[-71.038023070779545,42.289962955016946],[-71.038020422546097,42.289971177219087],[-71.038016632553919,42.289984334866752],[-71.038013158768706,42.290004077978388],[-71.038011613666413,42.290013677075692],[-71.038009324759088,42.290023545305047],[-71.038005535665206,42.290036152048877],[-71.037998419211533,42.290049295063419],[-71.037993562020787,42.290056412146143],[-71.037990921872151,42.290063536537879],[-71.037988658117655,42.290069837580283],[-71.037987075286125,42.290084101644027],[-71.03798688035171,42.290110718584394],[-71.03798925998889,42.290139267290478],[-71.037993869244616,42.290166178592379],[-71.038000814120082,42.290176907358457],[-71.037960598341442,42.290268400500103],[-71.037954242760804,42.290329020397976],[-71.037997031314418,42.290391484289721],[-71.038034844099684,42.290477253588541],[-71.038025606723593,42.290577926656731],[-71.037996115931136,42.29066863906894],[-71.037957101200035,42.290747786718114],[-71.03790289955073,42.29078049834834],[-71.037859309699897,42.290828344376457],[-71.037868591991725,42.290873111655436],[-71.037905601683107,42.290916892758261],[-71.038071468413804,42.291029794887791],[-71.038398899843287,42.291236919707828],[-71.038598062629973,42.291396333846926],[-71.038681661646962,42.291437557542935],[-71.038821820390837,42.291325059504018],[-71.038994269077619,42.291193758819787],[-71.039036256333986,42.291213684958365],[-71.039076698488088,42.291243210000573],[-71.039085931372597,42.29129483742522],[-71.038882159330171,42.29146442908398],[-71.038652655046434,42.291664652869223],[-71.038724322639808,42.291720373325674],[-71.0388690313506,42.291591706256703],[-71.038898972199021,42.291591826533136],[-71.038929139422876,42.291610605600781],[-71.038967105820063,42.291625029462587],[-71.038991226483759,42.291611677456075],[-71.039039280961546,42.291611047500218],[-71.039105182269125,42.291646163544037],[-71.039148043586266,42.291698747532088],[-71.039171629752374,42.29175866499655],[-71.039171292884134,42.291805039060101],[-71.039158503569439,42.291886761576961],[-71.03915931744308,42.291927105144651],[-71.03917811379209,42.291985080703931],[-71.039206633505742,42.292027730044587],[-71.039229212660402,42.292074196940845],[-71.0392335506249,42.292138426684851],[-71.039244033065955,42.29217057542202],[-71.039268965806656,42.292198391575376],[-71.039272583322301,42.292209106705194],[-71.039266591559368,42.29221978595001],[-71.039214497357733,42.292267598324138],[-71.039189252003297,42.29228341350553],[-71.039185515011724,42.292288888348267],[-71.039190294049035,42.292292472678824],[-71.039233406894454,42.29231048337207],[-71.039253868719996,42.292291903864076],[-71.039241010235031,42.29228115220063],[-71.039458230057264,42.292092951942479],[-71.039459260424877,42.292103659780707],[-71.039478406218521,42.292113614068313],[-71.039501283613859,42.292118918147992],[-71.03953968030406,42.2921245624538],[-71.039569477422035,42.292144164684096],[-71.039626882463637,42.292179245876504],[-71.039186017169968,42.292575652755978],[-71.039610881671791,42.292549913333467],[-71.03961438959297,42.29272802181503],[-71.039384064249077,42.292736152619923],[-71.039389414614902,42.292813560674034],[-71.039682203413776,42.292805952838918],[-71.039653433968482,42.293000945436106],[-71.039716976300099,42.293004767615678],[-71.039719352344036,42.292983372843175],[-71.040415380500903,42.293027044830907],[-71.040786988381114,42.293057070052463],[-71.040720416930355,42.293623467907928],[-71.040650639392354,42.293663255515035],[-71.040519072135837,42.293610313678364],[-71.040506514586468,42.293659933071062],[-71.040767644059784,42.293736715371011],[-71.04083537793052,42.293163189177726],[-71.040878585099051,42.29316802602974],[-71.040905548032299,42.292915947067421],[-71.041014828086631,42.292933123639337],[-71.040988582907275,42.293086415481461],[-71.041073654263016,42.293077699966219],[-71.041086835243163,42.292942465794631],[-71.041147809291388,42.292943534969325],[-71.041131506665607,42.293051314195019],[-71.041220014975607,42.29307828472178],[-71.041205774881732,42.293258240993381],[-71.041290505775947,42.293296999532124],[-71.041782069289326,42.293350549642412],[-71.041877025706427,42.293355593137051],[-71.041974238691523,42.293354884124078],[-71.042104012012416,42.293349364853015],[-71.042184481298946,42.293312914793411],[-71.042218534634728,42.293255148442675],[-71.042175097497477,42.293128470018345],[-71.042073407309005,42.292930212480165],[-71.042072245787338,42.292733454091234],[-71.04207182627411,42.292637956933355],[-71.042069340635706,42.29247055464387],[-71.042070726736199,42.292432142466495],[-71.041922912549438,42.291968343776936],[-71.041844091671479,42.291777312441738],[-71.041832041670261,42.291756681437526],[-71.041810807293572,42.291729156808671],[-71.041805120059522,42.291697849115224],[-71.041781346145513,42.291662905208234],[-71.041752704260986,42.291636997291619],[-71.041731225542549,42.291591631831487],[-71.041710035183314,42.291557522491395],[-71.041721089851208,42.291511188116289],[-71.041711688083439,42.29148288723043],[-71.04169542498353,42.291431780273065],[-71.041663249126699,42.29138363102097],[-71.041608603709648,42.291324689369993],[-71.041582186952084,42.291297689518238],[-71.041612420651276,42.290950403050594],[-71.041612647026739,42.290919122215307],[-71.041606920266801,42.290893301709119],[-71.041604509188574,42.290869420921183],[-71.041607190659704,42.290855985025189],[-71.041610663546592,42.290836240851512],[-71.041624282006296,42.290792662370961],[-71.041631806295115,42.290774033905301],[-71.041635232469602,42.29076059931797],[-71.041639096123646,42.290737565077777],[-71.041639199429895,42.290723295845808],[-71.041635573829424,42.290713401809811],[-71.041626098399803,42.290694706204185],[-71.041625042879346,42.290687566599857],[-71.041623084552015,42.290651883850074],[-71.041624531737952,42.290604690912069],[-71.041626936527962,42.290578906825694],[-71.041634620716906,42.290538871397096],[-71.041641932104994,42.29049883527852],[-71.041643545479246,42.290480183467686],[-71.041643708074318,42.290457680078468],[-71.041642383059269,42.290436545598247],[-71.041645184006327,42.290406920499436],[-71.04164755735529,42.290385527502579],[-71.041646539564098,42.290372350003032],[-71.041646579988267,42.290366861703205],[-71.041650316979855,42.290361663135201],[-71.041664828364972,42.29034827497663],[-71.041668189860758,42.29034307507807],[-71.041670871331874,42.290330463079478],[-71.041672081362563,42.290316197077907],[-71.041672177482297,42.290303025544581],[-71.041668596797578,42.290286821783688],[-71.041666426467842,42.2902805021563],[-71.04165585419527,42.290260152420295],[-71.041648639825226,42.290235975678705],[-71.041648703605617,42.290227194645581],[-71.041648754809572,42.290220058975422],[-71.041652571751229,42.290203061749999],[-71.041655281968431,42.290186058539263],[-71.041656493795756,42.290171793834055],[-71.041652990366146,42.290145161635444],[-71.041654150989501,42.29013802994313],[-71.041658002965434,42.290116642835727],[-71.041659283963028,42.290092499929884],[-71.041658344325242,42.290069445509523],[-71.041657363364948,42.290051603629813],[-71.041656384201303,42.290033763074121],[-71.041657602316818,42.29001867631424],[-71.041659916376972,42.290005238243168],[-71.041661500106827,42.289990975490639],[-71.041661623176012,42.289973962919241],[-71.0416591644871,42.289956115031778],[-71.041657041768076,42.289942934119701],[-71.04165233369767,42.289929470780415],[-71.041641428150115,42.289904455941574],[-71.041625107558033,42.28986158254601],[-71.041622602156721,42.289850046988022],[-71.041621589755394,42.289836594261331],[-71.041615844130831,42.289813521805058],[-71.041614904493045,42.289790192831866],[-71.041611266316139,42.289782220469235],[-71.041607630834193,42.289774249434743],[-71.041600712908192,42.289759950745221],[-71.041596004837785,42.289746486702334],[-71.041592395406965,42.289734123783141],[-71.041589917853415,42.289719019673711],[-71.041591701009267,42.28967704193952],[-71.041592975718643,42.289653997999579],[-71.041598028742115,42.289619989283551],[-71.041603097935266,42.289583512477996],[-71.041603278496638,42.289558540696326],[-71.041604566680746,42.289533574885525],[-71.041608483335395,42.289503405109777],[-71.04161073900508,42.289497927366796],[-71.041618217479822,42.289485607593441],[-71.041627983065254,42.289464243523128],[-71.041638861663358,42.289442056753366],[-71.041651213498525,42.289420703300813],[-71.041653472761453,42.289414402193529],[-71.041653556304766,42.289402875857078],[-71.04165840091909,42.289397681196732],[-71.04166100154184,42.289395769333041],[-71.041663225770492,42.289394955279107],[-71.041665819206699,42.289394143218807],[-71.041668049723569,42.289392230025918],[-71.041671748087595,42.289392244645661],[-71.041673968722989,42.289391430591685],[-71.041677667086987,42.289391445211429],[-71.041679888620692,42.289390632486537],[-71.041683584289771,42.289390647106281],[-71.041686170539492,42.289390657074307],[-71.041700605567783,42.289387969699355],[-71.041715051375874,42.289383636938275],[-71.041735435946293,42.289375486429144],[-71.041760612130446,42.289369549481989],[-71.041779863026989,42.289364960873975],[-71.041800222444579,42.289360653363644],[-71.041820573777343,42.28935716721729],[-71.041841275453052,42.289356426261627],[-71.04184940071481,42.289357282181726],[-71.041869649639636,42.289368062919223],[-71.041892512661931,42.289375290391604],[-71.041899886033775,42.289378064821037],[-71.041910532866538,42.289387984319099],[-71.041912711281086,42.289393205561609],[-71.041916322508527,42.289404746519523],[-71.041919887921892,42.289422597885931],[-71.04192090032322,42.289436048707408],[-71.041923275468818,42.28946542174026],[-71.041923062568117,42.289494782133318],[-71.0419180715284,42.289520557360063],[-71.041917960137297,42.289535924007332],[-71.041918952775674,42.289551843541609],[-71.041919965177001,42.289565293670996],[-71.041924635518157,42.289583972334022],[-71.041930408092185,42.289603479662397],[-71.041933909725174,42.289630385212426],[-71.041946866126509,42.289678458719209],[-71.04195045938765,42.289692744801123],[-71.041953696017615,42.289705379521429],[-71.041959818036261,42.289727630657872],[-71.04196446771617,42.289749053117504],[-71.041971354201152,42.289767742358492],[-71.04197824068612,42.289786427606792],[-71.041981797116335,42.289805926898133],[-71.041985399360613,42.289818564253899],[-71.041990100244504,42.289832850303995],[-71.041992212183729,42.289847953057091],[-71.041994693330551,42.28986223245527],[-71.04199349857123,42.289873752062306],[-71.041984839710196,42.289895945325313],[-71.041983644950861,42.289907742699114],[-71.041983555119344,42.289920088306488],[-71.041986853733064,42.289924492135157],[-71.041993092532707,42.289930007054664],[-71.041996381264966,42.289935233568457],[-71.041998924395529,42.289941555224011],[-71.041999935898545,42.289955005270173],[-71.042005687811312,42.289977254989417],[-71.04201294619881,42.289995945491775],[-71.042015065324563,42.290009399513465],[-71.04201635171205,42.290036021801598],[-71.042014827271018,42.290042328162954],[-71.0420076389521,42.290065348702349],[-71.042007567985209,42.290075228885087],[-71.042007510493022,42.290083187255533],[-71.0420085606236,42.290091147618533],[-71.042011037278826,42.290106524094519],[-71.042011908644653,42.290139456680365],[-71.042008025227673,42.290165236959496],[-71.04200560336966,42.290193766369647],[-71.042004024131401,42.290207208387621],[-71.042003857943072,42.29023025677683],[-71.042006266326354,42.290255236931003],[-71.04200843665609,42.290261558554491],[-71.04201204429026,42.290273922699242],[-71.042013049505059,42.290288195355593],[-71.042015282716861,42.290337322959701],[-71.042012082917807,42.29042182907417],[-71.04200973741662,42.290439658223072],[-71.042007020012875,42.290457484708838],[-71.042004602646458,42.290485191972529],[-71.042001827750525,42.290510974103711],[-71.041984766048344,42.290570453449419],[-71.041962533643385,42.290629365238217],[-71.04195313007898,42.290652377588827],[-71.041948233362376,42.290664980219667],[-71.0419466658022,42.290677323685088],[-71.041948020461646,42.290694342711667],[-71.041949083168618,42.290700385192658],[-71.041953786747456,42.290714671042799],[-71.041963254092238,42.29073446708712],[-71.041970103746266,42.290758367861784],[-71.041972591181292,42.290771825707765],[-71.041971074825099,42.290777305998041],[-71.04196497436601,42.290803075383778],[-71.04196123198453,42.290809373029596],[-71.041956741306421,42.290817314029795],[-71.041951885014001,42.290824430361262],[-71.041942165242631,42.2908394837022],[-71.04193579528895,42.290851806533354],[-71.041932379894249,42.290863592431315],[-71.041925978499535,42.290880306393738],[-71.041919869057267,42.290907176178926],[-71.041917466962218,42.290932960130981],[-71.041913659902036,42.290948036704087],[-71.041908776660136,42.290958720149789],[-71.041899041617413,42.29097651791443],[-71.041890415994047,42.29099349831823],[-71.041884382908606,42.291010210917122],[-71.041876898145659,42.291022807495764],[-71.041874635289446,42.291029108442146],[-71.041874591272006,42.291035143581354],[-71.041875641402569,42.291043382920961],[-71.041880356659505,42.291055747576721],[-71.041886191217273,42.291066474862269],[-71.041889850953737,42.291071701946244],[-71.041894621906209,42.291076388113751],[-71.041901981803335,42.291080808474511],[-71.041908976984459,42.291084400848042],[-71.041917458877364,42.291087179853832],[-71.04192596861806,42.291086117957327],[-71.041950010229996,42.291083742312686],[-71.041957011699324,42.291086241557267],[-71.04196289296948,42.291090928388215],[-71.041966546417754,42.291096980798912],[-71.041976003881061,42.29111759872886],[-71.041986581543526,42.291137124188744],[-71.04199605337989,42.291156098094937],[-71.041999609810105,42.291175593639743],[-71.041999518181953,42.291188215436797],[-71.041995795563409,42.291191769926861],[-71.041988742890112,42.291196132466695],[-71.041971705442421,42.291201277140118],[-71.041964650972517,42.291205639679347],[-71.041959806358165,42.291211109964138],[-71.04195494377754,42.29121904958469],[-71.041950035382825,42.291233297439831],[-71.041948837030233,42.291245915238271],[-71.041949860211346,42.291257445889045],[-71.041956811375016,42.291267354458896],[-71.041968880240844,42.291284964743411],[-71.04198170818313,42.291300380134295],[-71.041991229426813,42.291311944665274],[-71.04200335129326,42.291322695829635],[-71.042026124484025,42.291342268406375],[-71.042037875346267,42.291353018236521],[-71.04204852038238,42.291362938752613],[-71.042059162723547,42.291373683927652],[-71.042065361099006,42.291385234490413],[-71.042066386076741,42.291396762457595],[-71.042065149096601,42.291414596646625],[-71.042069857167007,42.291428059668469],[-71.042076815517191,42.29143686910821],[-71.042082683312628,42.291443205896897],[-71.042095928971492,42.291451217255471],[-71.042111400655628,42.291458409934158],[-71.042123536895133,42.291466691082675],[-71.042147426691784,42.291485448258761],[-71.042162865138252,42.291497034684618],[-71.042169850437901,42.291502550795435],[-71.042178311669559,42.291507797114129],[-71.042183083520356,42.29151220747692],[-71.042195163165971,42.291528445477148],[-71.042203180629883,42.291544393746335],[-71.042207931819433,42.291551548537306],[-71.042212678517387,42.291559525992021],[-71.042225869379024,42.291575767967132],[-71.042226933882645,42.291581809699032],[-71.04222467731465,42.291587287925317],[-71.042214995272516,42.291597129327762],[-71.042212368598612,42.291602331780837],[-71.042208908288146,42.291620977943303],[-71.042206191782725,42.291638805423737],[-71.042207158369976,42.291658566623084],[-71.042205965407277,42.291670086566135],[-71.042205824371777,42.291689570655144],[-71.042205681539656,42.291709327186979],[-71.042203279444564,42.291735112139655],[-71.042196860981875,42.291753748295221],[-71.042195707545062,42.291760052491036],[-71.042196770252033,42.291766369976422],[-71.042202906643723,42.291786698626083],[-71.042203954079369,42.291794937202866],[-71.042203896587168,42.291802893362515],[-71.042203845383213,42.291810028853355],[-71.042203787891026,42.291817987004606],[-71.04220596001737,42.291824307806721],[-71.042212141324853,42.291838600711529],[-71.042216863768303,42.291850145208457],[-71.042221596093228,42.291860043052949],[-71.04222854995183,42.291869674428305],[-71.042236982437402,42.291878764892992],[-71.042243967737051,42.291884007193239],[-71.042251341108923,42.29188677951867],[-71.042272731792451,42.291893176067738],[-71.042293021141461,42.291898469533876],[-71.042328076098798,42.291906567884993],[-71.042361276035066,42.291914932038011],[-71.042367536394281,42.291918525028436],[-71.042369709418949,42.291924570714521],[-71.042369669893077,42.291930059543141],[-71.04236593469814,42.291935257981656],[-71.04235295224565,42.291941518966361],[-71.04234701527993,42.291945063446335],[-71.042343278288342,42.291950535660462],[-71.042342126648137,42.291956567388794],[-71.042342029630106,42.291970014346674],[-71.042343054607841,42.291981542206813],[-71.042344120009773,42.291987859005474],[-71.042351032545881,42.292002979848007],[-71.042359414725809,42.292019203767097],[-71.042363079852166,42.292023609442552],[-71.042371505151195,42.2920343432083],[-71.042384337585034,42.292048664639175],[-71.0424033549196,42.292076181818857],[-71.042415409412385,42.29209598740281],[-71.042427100985819,42.292114693224633],[-71.042447598743976,42.292142490796508],[-71.042462982393218,42.292162035873794],[-71.042475807640528,42.29217717860314],[-71.042499674080986,42.292199503955416],[-71.042522432898721,42.292220997340763],[-71.04253453051065,42.292234490757444],[-71.042545147699002,42.292248803504265],[-71.042554654569642,42.292263110931813],[-71.042562681915015,42.292277412375633],[-71.042576860923461,42.292309573667382],[-71.042581568993867,42.292323041149487],[-71.042586187232743,42.292348854424517],[-71.042588636938532,42.292368344948585],[-71.04259080726824,42.292374666360004],[-71.042597005643728,42.29238621740366],[-71.042605025802573,42.292402164126678],[-71.04261452997828,42.292416472183895],[-71.042619293744224,42.292421978246644],[-71.042631390457842,42.292436296266906],[-71.042645704213598,42.292449800269431],[-71.042658564495184,42.292460553897619],[-71.042674391912186,42.292469398411527],[-71.042681393381514,42.292472992699352],[-71.042703139797908,42.292481035822995],[-71.042727086188421,42.292491833967397],[-71.042749541375599,42.292504545872831],[-71.042764992398475,42.292514213032682],[-71.042799931473127,42.292538499871419],[-71.042829687268608,42.292563588752756],[-71.042845107748775,42.2925779220243],[-71.042860535415457,42.292591429319003],[-71.042874843781306,42.292605755939256],[-71.042897621463652,42.29262532944626],[-71.042907150792203,42.292636069089951],[-71.042909347173065,42.292638821447305],[-71.042909329206751,42.292641292721207],[-71.042932078142996,42.292664709016869],[-71.042978650400613,42.292715658816526],[-71.043024975621492,42.292749596088868],[-71.043070569613718,42.292782708036306],[-71.043131283150515,42.29282054388041],[-71.043211397602505,42.292883976795942],[-71.043316562474502,42.292959310111193],[-71.043419154571524,42.29303271231268],[-71.04353984951814,42.29310728194568],[-71.043672275564077,42.293195072258854],[-71.043777435944506,42.293271227844251],[-71.043821492919307,42.293312290834962],[-71.043919447014503,42.293362622797794],[-71.044006643784186,42.293418402220809],[-71.044101239078557,42.293473109770765],[-71.044149027655024,42.293509796296284],[-71.044151083000415,42.293532032799007],[-71.044194853412634,42.293613157028183],[-71.044206843226718,42.293641743351657],[-71.044272749025865,42.293626089317726],[-71.044335276261208,42.293617281513178],[-71.044368895710718,42.293619336778427],[-71.04442537189432,42.293629438343046],[-71.044461138317345,42.293641930073058],[-71.044498462419085,42.293642900226985],[-71.044521291305415,42.293654791256415],[-71.044542587665845,42.293674359121503],[-71.044591348219456,42.293729709009142],[-71.044717217462136,42.293907479917856],[-71.04478722766379,42.294040571711854],[-71.044978053186355,42.294386265656208],[-71.045095336331528,42.294576350169365],[-71.04537009594263,42.295072203817838],[-71.045537213128199,42.295374720122702],[-71.04580286292402,42.29585352261428],[-71.046002315866559,42.296286512205114],[-71.046182555641792,42.296769916431423],[-71.046326331003002,42.297132433943453],[-71.04639230148085,42.29731435669936],[-71.046442838902109,42.297483869026905],[-71.046486057748737,42.297642650083425],[-71.046539951275903,42.29780778549236],[-71.046562008509383,42.297928064549112],[-71.046558171804804,42.29794753474215],[-71.046542612085773,42.297952137342612],[-71.046500484692203,42.297950872242147],[-71.046428445196298,42.297945374636029],[-71.04642018878053,42.297962357812089],[-71.046447260409934,42.298001704145662],[-71.046484389577259,42.298030116386499],[-71.046504705875734,42.29803211503009],[-71.04656729150156,42.298016172390398],[-71.046585284756702,42.298032433298175],[-71.046668347479454,42.298305528613412],[-71.046665799857308,42.298351620120791],[-71.046556176646561,42.298380822221731],[-71.046432381613883,42.298427534924031],[-71.046336064249118,42.298302296113704],[-71.04638650824559,42.298278347039926],[-71.04644219391173,42.298244814733287],[-71.046437535248671,42.298224216411903],[-71.046418989529627,42.29812974351097],[-71.046416695232381,42.29808884711403],[-71.046379858017545,42.298070864650931],[-71.046353367598115,42.298053747286758],[-71.046297468132934,42.298014284043802],[-71.04627411193556,42.297920616133851],[-71.046237007022739,42.297888364685157],[-71.046183291361999,42.29785357570622],[-71.046163311931778,42.297804378218054],[-71.046145305201904,42.297790036169268],[-71.046139485017179,42.297776840949943],[-71.046152595928746,42.29775274483378],[-71.046124645747014,42.297681288981373],[-71.046106757594757,42.297649932419844],[-71.046038665296223,42.297609601155827],[-71.046007493755852,42.297574899729909],[-71.045977005833436,42.297496298198695],[-71.045957249185392,42.297416915177138],[-71.045976792932706,42.297371439594883],[-71.045994963155962,42.297311964013943],[-71.046012476710729,42.29724068772758],[-71.046038257461063,42.29715078079419],[-71.046012489287151,42.297083996025712],[-71.045974395329225,42.29703554876842],[-71.045939947633002,42.296942935884857],[-71.045918001790611,42.296858879053481],[-71.045894290758696,42.29681515324409],[-71.045850171800154,42.296782049396846],[-71.045861248925917,42.296732150070021],[-71.045867495810413,42.29668579956801],[-71.045845175370545,42.296602015485526],[-71.045804094514267,42.29650663183579],[-71.045748039640557,42.296436981899269],[-71.04568219672349,42.296443583968667],[-71.045641285648813,42.296427506041489],[-71.045595880302784,42.296419367739595],[-71.045599803245636,42.296387276321362],[-71.045591624983288,42.296342790706191],[-71.045564445556039,42.296266943158194],[-71.045567332741356,42.296224969787943],[-71.045578436816598,42.296171502521645],[-71.0455786784634,42.296137751149395],[-71.045569359340647,42.296097650150074],[-71.045543027024735,42.29605830528466],[-71.045494103876038,42.296025181770084],[-71.045443906916276,42.29601510517486],[-71.045394663069018,42.296026434284407],[-71.045327318168802,42.29603687168165],[-71.045262590959325,42.296042926274865],[-71.045211956520021,42.296041901671906],[-71.0451762143515,42.296026392423215],[-71.04513423787489,42.296004000652118],[-71.045105619346586,42.295974523689665],[-71.045066267747231,42.295946652060103],[-71.045021997871729,42.295934953493756],[-71.044977648944467,42.295933952145312],[-71.04492364133128,42.295940051267571],[-71.044866961230099,42.295957662239026],[-71.044806906158399,42.295982396263277],[-71.044734555845423,42.296020252776977],[-71.044700668697971,42.296054970342212],[-71.044672604430161,42.296102880138825],[-71.044631248689441,42.296199860437902],[-71.044606720190615,42.296269189701846],[-71.04458845654257,42.296290520898786],[-71.044557127797034,42.296329636380172],[-71.044553104242866,42.296375173180664],[-71.044569785957705,42.296419695318228],[-71.044596773145472,42.296470568989768],[-71.044619138501091,42.296547218958224],[-71.044642516258051,42.296637318781478],[-71.044655161842314,42.296729298223084],[-71.044671372839915,42.2967880859781],[-71.044719017685949,42.296844528151439],[-71.044740193672155,42.296881109058084],[-71.044762488060883,42.29696763829282],[-71.044783534689657,42.297073647174301],[-71.044797172014,42.297182367504575],[-71.044797465763097,42.297295700926782],[-71.044798094583797,42.297362385138811],[-71.044832447058567,42.297416854712282],[-71.044879993089936,42.297487567346991],[-71.044915753224757,42.297551921802061],[-71.044995414027525,42.297628797695225],[-71.045082499406107,42.297700491478935],[-71.045165861267861,42.297776558560628],[-71.04526400760254,42.297852684021606],[-71.045367708220624,42.297927736313873],[-71.045464393894648,42.298001387870784],[-71.045557464747958,42.298064048137292],[-71.045641291937031,42.298126670468271],[-71.045734250500928,42.298204697135795],[-71.045829767466785,42.298286848550177],[-71.04593121511013,42.298366554721433],[-71.045980172394806,42.298395287057161],[-71.046021791341914,42.298416032163487],[-71.046052078041726,42.298419719797785],[-71.046080939115171,42.298415442806444],[-71.046295278040276,42.298319971539598],[-71.046392723689038,42.298442468842175],[-71.046369743885762,42.298451159695261],[-71.04626516920689,42.298497948091274],[-71.046207283566616,42.298529000582597],[-71.046201235209807,42.298547637385596],[-71.046212878274204,42.298573478673475],[-71.046291386538471,42.298656661476095],[-71.046282857034853,42.298712059475271],[-71.046355917016896,42.29873018394445],[-71.046378299440505,42.298753321571198],[-71.046380852452558,42.298757722788963],[-71.046467660251736,42.298869478667775],[-71.046459110985168,42.298875756238417],[-71.046447185849757,42.298889155208641],[-71.046423035541665,42.298906621837695],[-71.046396281017564,42.298926274447339],[-71.046364982814737,42.298961002370284],[-71.046340788489204,42.298983955199937],[-71.046328484264762,42.298999001275234],[-71.046303230825487,42.299015913737307],[-71.046285416335095,42.299025722750606],[-71.046270981306776,42.299028136632714],[-71.046261388197863,42.299025627736782],[-71.046251812156939,42.299020925549939],[-71.046234831303124,42.29901729110545],[-71.046221544321753,42.299014770249308],[-71.04620602592523,42.299013609486046],[-71.046189359481758,42.299018209350855],[-71.046073685219241,42.299066596612825],[-71.045907564265335,42.299138935250959],[-71.045766669801239,42.299199022375653],[-71.045710988626666,42.299128554844565],[-71.045638049917159,42.299041824598426],[-71.045582494506746,42.298954342094717],[-71.045564326978422,42.298961403023313],[-71.044801643827483,42.299233622577582],[-71.044892332348681,42.299473542479483],[-71.044803057775752,42.299500081700415],[-71.044751081253409,42.299376937973058],[-71.044092164297552,42.299559554550299],[-71.04405356099484,42.2995816287902],[-71.043987420735405,42.299629662809117],[-71.043940116350868,42.299679144574156],[-71.043867145302045,42.299802889014209],[-71.043850205770724,42.299845629402171],[-71.043840441083574,42.299866721524133],[-71.043829102548059,42.299901527330306],[-71.043437461338698,42.299824232302669],[-71.043397113507709,42.299934661430015],[-71.043823493467428,42.300012917740411],[-71.043826130921104,42.30000579248081],[-71.043836863093802,42.30000418923084],[-71.043876408729247,42.300005169253097],[-71.043927058439905,42.300004547354249],[-71.043952224742583,42.299999980782601],[-71.043954433699867,42.300001087709475],[-71.043964033096998,42.300002772018985],[-71.043977349722766,42.300001178735286],[-71.043992891475497,42.299999318353919],[-71.0440025016524,42.299999356225968],[-71.044007303147609,42.300000199377401],[-71.044024155542331,42.300020846949423],[-71.044044272414808,42.300050288796825],[-71.044065468163936,42.300084401510404],[-71.044078586262046,42.300111070035889],[-71.044091705258452,42.300136917326448],[-71.044105979488307,42.300156731006211],[-71.044118784074371,42.300175444400146],[-71.04413777266285,42.300207623584598],[-71.044154536124339,42.300240619988365],[-71.04416288057503,42.300262882020149],[-71.044172326360254,42.300285969916722],[-71.044181827840987,42.30030137513144],[-71.044191308660515,42.30031897491692],[-71.044200415780864,42.300337946056978],[-71.044207659795319,42.300358281241735],[-71.044212349899425,42.30037448972007],[-71.044214452855485,42.300390413159029],[-71.044216931307361,42.300405517367004],[-71.044216820814583,42.300420884016305],[-71.044215599105797,42.300436795484003],[-71.044212893380163,42.30045297537221],[-71.044207973307351,42.300468868228101],[-71.044201925848867,42.300487507114639],[-71.04419329663223,42.300505308830687],[-71.044171568182151,42.300545287428342],[-71.044156989423385,42.300567455669757],[-71.04414242324107,42.300588801356717],[-71.044127817532853,42.300614538158172],[-71.044112099710333,42.30064136990525],[-71.044097538019585,42.300661893685884],[-71.044080380197656,42.300683228710213],[-71.044067347439508,42.30069634824163],[-71.044052821681362,42.300711385270375],[-71.04404163046955,42.300725608388092],[-71.04403190171503,42.300741759632281],[-71.044024777176517,42.300756002675492],[-71.044016179400927,42.300769140130981],[-71.044010185841344,42.300779817259865],[-71.044002724434606,42.300789668520842],[-71.043995637625315,42.300798694578717],[-71.043989684489944,42.300803884312302],[-71.043982259914102,42.300808246186328],[-71.043970352745021,42.300818901382975],[-71.043940238521756,42.30084292988451],[-71.043926832962768,42.300856323785212],[-71.043913432793687,42.300869441951768],[-71.043900036217849,42.300882010646362],[-71.043885904820115,42.300893480400227],[-71.043869927384463,42.300904943507852],[-71.043835057480081,42.300921818250941],[-71.043789468877733,42.300938650467117],[-71.043634183402773,42.300994012573703],[-71.043379199304326,42.301085752443669],[-71.043379153490235,42.301092065007175],[-71.043377456572671,42.301122242520002],[-71.043377410758595,42.301128551757785],[-71.043373559680958,42.301201532504045],[-71.043371867254962,42.3012308874262],[-71.043366375853637,42.301326362252503],[-71.043363051188763,42.301479470885397],[-71.043355843106923,42.301658633106122],[-71.043349869310291,42.301820786774471],[-71.043348283783814,42.301835874029287],[-71.043425193945168,42.301986832086158],[-71.043507045738934,42.302118875657307],[-71.043593592128332,42.302266305746805],[-71.043678987775877,42.302419764888498],[-71.043703018608042,42.30241903737447],[-71.043761704647238,42.302431893443341],[-71.044032637435251,42.302487306059824],[-71.044622487420469,42.302609011269965],[-71.044635402499324,42.302612631554879],[-71.044634253554065,42.302617839077605],[-71.044781904247429,42.30264778730762],[-71.044999671143657,42.302695027030502],[-71.045228923000806,42.302737918265727],[-71.045522359484977,42.302800548571959],[-71.045764512946235,42.302848705040965],[-71.045998206972442,42.302891611452523],[-71.046257317931321,42.302946969184369],[-71.046514972721113,42.30299875576997],[-71.046646771742971,42.303022324346124],[-71.046748621831568,42.30304769872486],[-71.046820577784132,42.303065817295327],[-71.046888913526118,42.303073222581006],[-71.046928389991265,42.303084081361831],[-71.046938678396216,42.302989723383561],[-71.046912133179575,42.302979737595479],[-71.046888557793267,42.30296812072698],[-71.046881239218635,42.302957390153558],[-71.046875406457488,42.302945840384353],[-71.046869583577816,42.302933194368009],[-71.04686012701282,42.302911754467857],[-71.046852897371423,42.302888676171186],[-71.046847135577195,42.30286724688623],[-71.046842489490544,42.302845003049434],[-71.046853580989364,42.302793181124621],[-71.046879221602524,42.302723035195754],[-71.046912361351659,42.302637548331234],[-71.046942961563502,42.302546014691522],[-71.046979815846342,42.3024577989124],[-71.047021150925829,42.302364388089977],[-71.047087963125094,42.302274642612389],[-71.047119325108284,42.302231135828656],[-71.047130123756304,42.302220476220278],[-71.047143496077638,42.302210924826895],[-71.047156877382093,42.302201096377829],[-71.047213269124057,42.302172783021234],[-71.047247019727607,42.302156998228071],[-71.047281868072417,42.302142865127628],[-71.047352901455199,42.302134913596234],[-71.047471616514954,42.302127422492688],[-71.047475313980655,42.302127437109469],[-71.047515986103448,42.302125951512238],[-71.047555908132992,42.30212610897491],[-71.047666014637372,42.302133677813323],[-71.047776484061117,42.302142071170429],[-71.047799357863198,42.302148470664314],[-71.04782073686863,42.30215651255228],[-71.047843602585885,42.302164561083217],[-71.047866473693034,42.302170964561192],[-71.047883089830833,42.30217377098252],[-71.047900086854312,42.302174661941528],[-71.047906003158786,42.302174685195496],[-71.047913018102832,42.302175538283798],[-71.047918926322467,42.302176384063678],[-71.047926310474097,42.302177508891077],[-71.047932219592042,42.302178355999708],[-71.047937013900693,42.302180020983421],[-71.047941806412751,42.30218196102819],[-71.047946592636592,42.302184724927528],[-71.047951387843582,42.302186388582264],[-71.047956174067409,42.302189152481411],[-71.047959851770173,42.302191637332918],[-71.047963521388112,42.302195217777921],[-71.047966830781618,42.302197975697091],[-71.047970500399558,42.302201558134911],[-71.047973057903178,42.30220595911166],[-71.047975253385729,42.302208709721945],[-71.047975233622793,42.30221145501698],[-71.047975221944682,42.302213100732239],[-71.047975196791867,42.302216668552425],[-71.047974068507855,42.302219408531897],[-71.047974055033137,42.302221329972326],[-71.047972922257557,42.302224890483636],[-71.047971427460922,42.302227356066211],[-71.047970302770182,42.302229271526812],[-71.047968065066826,42.302232007519322],[-71.047966570270177,42.302234471772842],[-71.047956773243683,42.302260501565542],[-71.047953331797828,42.302276404595609],[-71.047950623377261,42.302293407864305],[-71.047951669016257,42.302302193859077],[-71.047953076676293,42.302312076108585],[-71.047954125010236,42.302320860771978],[-71.047956271983765,42.302330750326895],[-71.047960999817107,42.302341471041203],[-71.047967200887513,42.302353018928038],[-71.047977780346613,42.30237281862253],[-71.047982458772609,42.302390673621709],[-71.047987138096929,42.302408530609057],[-71.047989229374906,42.302426101236478],[-71.047991632368294,42.302452178122131],[-71.04799147336648,42.302474406816536],[-71.047988694877304,42.302501014534251],[-71.047986293680552,42.30252679839051],[-71.047986943162513,42.302591014152284],[-71.04798782890137,42.302622299820712],[-71.047990188775643,42.302654416630382],[-71.047991961151695,42.302716714158713],[-71.047990699917037,42.302738112268457],[-71.047989452157097,42.302757592268939],[-71.047990419642659,42.30277735330143],[-71.047991388924856,42.302796839933656],[-71.047991242499464,42.302817420149459],[-71.047988878133637,42.302837991721383],[-71.047980209391156,42.3028610089126],[-71.047970438415803,42.302883198263601],[-71.047944993635369,42.302926730507949],[-71.04792292921536,42.302962315946068],[-71.047900125481874,42.302997900699665],[-71.04786010553596,42.303062780370517],[-71.047850290543181,42.303091280684676],[-71.04784048094028,42.303118955150374],[-71.047832981804291,42.303134018840517],[-71.047829233134607,42.303141141088567],[-71.04782585097756,42.303149082527042],[-71.047823159624954,42.30316334362859],[-71.047821948695969,42.303177606055719],[-71.047821847186327,42.30319187711661],[-71.04782171962556,42.303209713280687],[-71.047823809106902,42.303227559405492],[-71.047825227546738,42.303236343941158],[-71.047827379910174,42.303245408182789],[-71.047831014493809,42.303254204010607],[-71.047834656263973,42.303262177989801],[-71.047854848594937,42.30328118943504],[-71.047871447664747,42.303286470649418],[-71.047910916943394,42.303298149911583],[-71.047924190450019,42.303302868388727],[-71.048242913611148,42.303397421227231],[-71.048257294740523,42.303402143018822],[-71.04828717630015,42.303411041140109],[-71.048315965508365,42.303417467080457],[-71.048331479413321,42.303419173887683],[-71.048347002301441,42.30341923501117],[-71.048361421160052,42.303419291483983],[-71.048373623874866,42.303418516145705],[-71.048384346166102,42.303418558002022],[-71.048395072050596,42.303417778012999],[-71.048405806019929,42.303415898465417],[-71.048433632234179,42.303401739072108],[-71.048434752433323,42.303400095381065],[-71.048434765908056,42.303398175305411],[-71.048434777586152,42.303396530285482],[-71.048436274179423,42.303393791686034],[-71.04843628585752,42.303392145337241],[-71.048436300230577,42.303390223268146],[-71.048436311908674,42.303388577583661],[-71.048434848553057,42.303386650199371],[-71.048434860231168,42.303385004514801],[-71.048434924011545,42.303375950259024],[-71.048436458334052,42.303367997554609],[-71.048439875525403,42.303355662555909],[-71.048454442606044,42.303334315813807],[-71.04847740444302,42.303328917006972],[-71.048491938286006,42.303311959860665],[-71.048501689498408,42.30329251325108],[-71.048515130091701,42.303273908414276],[-71.048533032616987,42.303251753084773],[-71.048556043861296,42.303239217418209],[-71.048582787605625,42.303221486900192],[-71.048601733074975,42.303208389819702],[-71.048619946417361,42.303194192509601],[-71.048630736082231,42.303184353583781],[-71.048640425310893,42.303173691479195],[-71.04865979837831,42.303152361285136],[-71.048688796893984,42.303129426584668],[-71.048717794511376,42.303106214825533],[-71.048741977158812,42.303084905869042],[-71.048765064759934,42.303061123382854],[-71.048784483641427,42.303033483439997],[-71.048805013738942,42.303005848800119],[-71.048823315116223,42.302979303084129],[-71.048842717828038,42.302954407703545],[-71.048877857227012,42.302899386824649],[-71.048889878482129,42.302872542751935],[-71.048901157728835,42.302845967746457],[-71.048920282861246,42.302807625679051],[-71.04895583458692,42.302747119444049],[-71.04896894190523,42.302723298295454],[-71.048983533240389,42.30269838288185],[-71.049015509671264,42.302620850112454],[-71.049044860326532,42.30254797000611],[-71.049052107035919,42.30251671752054],[-71.049060836863859,42.302484918886158],[-71.04906952447098,42.30245888453544],[-71.049076726264602,42.30243394244134],[-71.049080582732117,42.302411727684962],[-71.049084428419846,42.302390338101404],[-71.049092717174972,42.302368967778108],[-71.049102483658757,42.302346780239048],[-71.04911008699932,42.302317447097892],[-71.049117317539043,42.302288113943057],[-71.049132146927747,42.302230270117562],[-71.049143088407902,42.302199030762246],[-71.049157735438612,42.302166980160173],[-71.049168962583025,42.302147543162953],[-71.04917981692661,42.302128923371029],[-71.049200435059007,42.302088941792505],[-71.049210188966356,42.302068397880625],[-71.049216230136651,42.302050584647233],[-71.049236693758829,42.302032006683881],[-71.049246389275694,42.302020517205413],[-71.049257561622881,42.302008762628986],[-71.04926574976669,42.302000835663499],[-71.049275414740819,42.301993739198075],[-71.049294734807646,42.301979546264924],[-71.049316682446673,42.301960147745064],[-71.049337077796878,42.301951173676976],[-71.049365993667564,42.301939760589931],[-71.049381659387805,42.301920339468175],[-71.049397190360736,42.301919303001611],[-71.049423708627941,42.301932853472096],[-71.049440268171878,42.301943619433402],[-71.049455697635196,42.301957125383801],[-71.049482149427064,42.301980281092426],[-71.049508220333223,42.302004531060646],[-71.049535788730978,42.302026866881612],[-71.049563355332111,42.302049200701475],[-71.049638299979634,42.302114530484047],[-71.04968127807777,42.302153117472464],[-71.04972426246411,42.302190606186009],[-71.049766173363693,42.302222877356371],[-71.049807716852314,42.302254323327652],[-71.049844801103873,42.302290140356227],[-71.049881896135219,42.302324038584779],[-71.049930771673203,42.302365117597809],[-71.049980731477717,42.302409220252613],[-71.050040261034979,42.302459123053566],[-71.050100153511622,42.302510122731839],[-71.050197895604413,42.302593378732517],[-71.050307788309738,42.30268299353466],[-71.050355568801393,42.302721597448915],[-71.050403355581253,42.302759928274035],[-71.050447435013922,42.302799342699835],[-71.050492629255871,42.30283793591245],[-71.050541516471938,42.302877366899189],[-71.050590406382966,42.302915700951445],[-71.050670518139995,42.302982972512631],[-71.050712030187597,42.303019632902107],[-71.050752805616654,42.303056287955066],[-71.050865950223326,42.303156615365523],[-71.050984268227722,42.303257787717079],[-71.051032036142942,42.303298038294585],[-71.051079810346394,42.30333829083947],[-71.05113455008653,42.303386527952334],[-71.051189291623331,42.303433939196815],[-71.051247727930871,42.303482464579488],[-71.051306538835888,42.303529893025718],[-71.051351729484566,42.30356931162018],[-71.051396907556835,42.303610373211157],[-71.051492455963725,42.303690053376641],[-71.051546124912051,42.303733070831044],[-71.051599783978929,42.30377691076108],[-71.05165012736407,42.303819916861663],[-71.051700090761869,42.303863740786099],[-71.051765876186749,42.303918331632417],[-71.051831297793939,42.303972098600212],[-71.051940081079906,42.304062529290604],[-71.051987831927136,42.304105523237261],[-71.052035214465121,42.304149340983436],[-71.052084445735957,42.304192340185885],[-71.052134405540485,42.304236990336264],[-71.052202352311951,42.304299548063021],[-71.052232072174803,42.304330947155229],[-71.052261790241033,42.304363168064675],[-71.052358274692438,42.304467819136903],[-71.052403791429569,42.304513274313578],[-71.052447834929637,42.304558176698464],[-71.05252743913853,42.304645748414842],[-71.052620522568276,42.304761091416033],[-71.052727509223672,42.304896792506561],[-71.052803674681655,42.304999717989467],[-71.052872468564431,42.305099599169452],[-71.052955507930989,42.305223956132799],[-71.053027904058055,42.305337297669823],[-71.053092156058739,42.305452525133354],[-71.053153842470977,42.305564176118921],[-71.053182256183433,42.305623833248688],[-71.053210299789967,42.30568376470346],[-71.053242353475937,42.305751668436322],[-71.053275515682969,42.305819303029935],[-71.05332751376487,42.305942442129925],[-71.05338059790995,42.306068328773243],[-71.053419373689195,42.306179067833654],[-71.053461740932931,42.306304915471237],[-71.053474741351721,42.306348596822637],[-71.05347087410442,42.306372729510613],[-71.053467120044843,42.306380673198866],[-71.05346374597265,42.306387796408323],[-71.053458888781918,42.306394909651694],[-71.053454031591173,42.306402027544671],[-71.053447696671768,42.306409136800291],[-71.053442847565876,42.306415155185476],[-71.053436895328801,42.306420621491789],[-71.05343094309174,42.306425810761937],[-71.05342498905803,42.306431274409853],[-71.053417558194013,42.306436459693032],[-71.053390109272186,42.306449801248547],[-71.053376759408749,42.306455236327245],[-71.053363436494763,42.306457653246298],[-71.053350107292587,42.306460346536433],[-71.053330866277506,42.306463016574085],[-71.053311622567492,42.306465410240456],[-71.053280563316534,42.306466388833471],[-71.053248038913381,42.306465163100903],[-71.053222905848344,42.306464242971046],[-71.053148637632233,42.306458740129045],[-71.053024862362491,42.306449203994468],[-71.053002863519495,42.306527600358741],[-71.053070025163407,42.306544874864016],[-71.053124970617759,42.306564569601207],[-71.053193140171402,42.306596118371694],[-71.053248384764757,42.306625696658372],[-71.053249363928416,42.306644360960668],[-71.053252661643825,42.30670062688268],[-71.053272297917616,42.306799492894505],[-71.05328826098021,42.306895048963646],[-71.053299897756403,42.30697439944128],[-71.053301801286494,42.307018862929894],[-71.053301663844266,42.307038346920642],[-71.053302635821382,42.307058107938232],[-71.053309752275069,42.307097376174191],[-71.053321309101193,42.307136385954912],[-71.053343775966454,42.307200688030427],[-71.053361624592839,42.307238350454362],[-71.053368563180101,42.307250725881715],[-71.053374757063978,42.307263372359536],[-71.053379476812481,42.307275739809889],[-71.053381573480351,42.307292761658772],[-71.053382564322106,42.307309505142513],[-71.053380188278183,42.307331997859826],[-71.053376338997197,42.307353387093173],[-71.053371400958085,42.307372027263334],[-71.053366459325701,42.30739149121446],[-71.053361440438195,42.307421932109733],[-71.053371864488767,42.307463682104867],[-71.053349960867195,42.307529456029002],[-71.053311060222129,42.307593519868682],[-71.05329172847722,42.307608534655586],[-71.053257789227459,42.307650388164156],[-71.053244458228647,42.307653903193277],[-71.053153828996273,42.307609097352909],[-71.053131911899953,42.307624104164013],[-71.053127105913191,42.307624085562438],[-71.05310072957981,42.307641820819654],[-71.053100673884273,42.307649776970266],[-71.053103941955257,42.307658570854031],[-71.053112378034115,42.307667661032617],[-71.053156482619599,42.307704326666268],[-71.053128667185149,42.307769255298531],[-71.053144036461347,42.307791542570591],[-71.053115071183328,42.307810090267836],[-71.053090030644782,42.307795998961119],[-71.05306490027472,42.307794801821082],[-71.053040863154322,42.307795807631329],[-71.053016820644075,42.30779735886437],[-71.05299388575655,42.307799191777377],[-71.052969866602496,42.307797999287772],[-71.052948409443616,42.307799837515475],[-71.052937308961646,42.307801440566941],[-71.052926587568734,42.307801398713579],[-71.052913285315995,42.307800523778319],[-71.05289887813548,42.307798822404585],[-71.052885960361678,42.3077960268634],[-71.052856060835779,42.307789598712624],[-71.052837987630582,42.307783219058017],[-71.052822445877851,42.307785900997679],[-71.05279942026047,42.307800080663782],[-71.052775270850688,42.307817000062599],[-71.052763385241178,42.307824912344678],[-71.052750021903009,42.30783281997541],[-71.052723327566028,42.307843414857004],[-71.052697015911363,42.307852370812419],[-71.052669222934767,42.30786186687417],[-71.052621072337246,42.307874301305105],[-71.052570710087465,42.307886454054021],[-71.052537040332297,42.307889890678005],[-71.052503379560278,42.307892504850578],[-71.052434938715422,42.307899370125604],[-71.052397563409698,42.307904439692912],[-71.052386819558905,42.30790796533725],[-71.052376078403057,42.307910666537438],[-71.052354584413251,42.307917719153906],[-71.052319419861448,42.307923892185642],[-71.05228352408102,42.307928965737034],[-71.0522461658433,42.307931565292535],[-71.052207697287898,42.307934160197583],[-71.052181453006853,42.307934057889504],[-71.052153725607297,42.307933950266722],[-71.052123760504372,42.307936577724206],[-71.052027586870039,42.307944158486528],[-71.051783915255982,42.307950344138156],[-71.051500758193583,42.307945671184342],[-71.051216131487365,42.307940169136231],[-71.050905274873202,42.307931821727124],[-71.050803276562576,42.30792675681235],[-71.050701269268814,42.307922790048394],[-71.050658389087047,42.307921799519988],[-71.050613663765674,42.3079208016838],[-71.050548997641627,42.30791615862303],[-71.050484336907473,42.307911241190162],[-71.050421861774396,42.307910996713638],[-71.050358285306814,42.307909102020389],[-71.05028510674714,42.307906070643917],[-71.050210457645335,42.307902210837192],[-71.050044830764833,42.3079023848939],[-71.049901016776062,42.307902921015064],[-71.049757949287269,42.307902360313356],[-71.04962484950488,42.307903485038509],[-71.049490276485443,42.3079037800048],[-71.049451821404759,42.307904726687156],[-71.049412264989527,42.307904571896287],[-71.049288779875624,42.307905735152985],[-71.049251451282302,42.307903940774722],[-71.049215606705843,42.307901879996642],[-71.049173473024069,42.307900069009762],[-71.049130245194277,42.307896332769644],[-71.049090686982424,42.307896177314412],[-71.049051151228468,42.307893276812059],[-71.048917752307077,42.307884795200273],[-71.048775201349585,42.30786365461023],[-71.04859427615979,42.307831660039014],[-71.04844560767522,42.30778744558755],[-71.048333108058927,42.307751328747287],[-71.048250543002851,42.30771642962241],[-71.048201598294611,42.307684952497858],[-71.048184629118879,42.307679673645502],[-71.048151073449759,42.307667740753551],[-71.048134514804119,42.307656975771003],[-71.04810211975834,42.307637363753862],[-71.048049456923138,42.307608618362607],[-71.048023301575327,42.30759616660626],[-71.048008932124048,42.307588976435007],[-71.047976476891137,42.307578145669204],[-71.04796691252831,42.307571795888528],[-71.04795034579783,42.307561852680827],[-71.047932299542097,42.307552176537101],[-71.047909454486089,42.307541384961091],[-71.047908385490913,42.307535894171451],[-71.047892965010746,42.307520739190956],[-71.047889315155743,42.307514414649525],[-71.047880918602786,42.307499287566223],[-71.047875124469201,42.307482251822009],[-71.047869330335629,42.307465489782579],[-71.047864646519727,42.307448458679602],[-71.047854133535964,42.307419054837553],[-71.047845766627418,42.307400361533801],[-71.047838870260961,42.307382497325875],[-71.04782800783255,42.307350347717865],[-71.047817498442058,42.307320945158658],[-71.047802239658623,42.307283290091959],[-71.047794957016606,42.307267345144162],[-71.047785450145966,42.307253039796727],[-71.047773721741606,42.307238721159166],[-71.047766376217552,42.307231560178288],[-71.04775939990104,42.307225220327844],[-71.047749823860116,42.307219969339442],[-71.04773436385409,42.307210853851032],[-71.047718893068264,42.307202834532106],[-71.047700857592289,42.3071920601692],[-71.04769240354716,42.307184891875231],[-71.047686533955087,42.307178559327923],[-71.047674443529672,42.307163417548303],[-71.047671170967106,42.30715544472757],[-71.047665364257099,42.307140332173638],[-71.047661789860598,42.307123304968783],[-71.047660749611495,42.307113420152767],[-71.047660953529061,42.307084882462881],[-71.047663353827488,42.307059920942358],[-71.047666115248688,42.307035233123166],[-71.047668392477931,42.307027010491424],[-71.047672145639183,42.307019066220363],[-71.047677060322101,42.307003994158904],[-71.047683070051349,42.306990571006011],[-71.047700038328756,42.306944263265585],[-71.047703838202409,42.306930008999615],[-71.047708746597124,42.306915756723448],[-71.047714762614589,42.306901513744961],[-71.047722232106167,42.306890838982916],[-71.047730809220496,42.306880446567504],[-71.047745334978629,42.306865136635771],[-71.047756113863741,42.306857220246947],[-71.047764654147144,42.306852039648909],[-71.047781325980495,42.306846618555859],[-71.047801697076196,42.3068414831327],[-71.047826861582251,42.306838017220088],[-71.047834264598507,42.306836946288307],[-71.04783800248839,42.30683092528605],[-71.04783925833317,42.306810349039651],[-71.047841659529922,42.306784564944572],[-71.047845535760374,42.306759607955392],[-71.047848230706236,42.306744524537862],[-71.047849438041965,42.306731084720845],[-71.047851807797699,42.30670969062561],[-71.047855649892171,42.306689121647416],[-71.047858491263398,42.306653735628259],[-71.047860963427055,42.306618072554343],[-71.047864833369303,42.306593937967385],[-71.047868669175571,42.306574469119205],[-71.047879690605797,42.306532528529381],[-71.047891820557084,42.306490591897756],[-71.047893011723133,42.306479070679593],[-71.047907845603419,42.306420404247959],[-71.047915484876611,42.30638640657871],[-71.047924228179255,42.306352687920125],[-71.047932514239434,42.306331317613044],[-71.047941168608901,42.306309947963072],[-71.047948732423592,42.306286102252656],[-71.047957127179899,42.306249364042543],[-71.047957221503026,42.306236192519712],[-71.047959856261741,42.30622989243038],[-71.047963595049964,42.306223594333524],[-71.047966961935657,42.306218395745717],[-71.047970705215434,42.306212097647709],[-71.047982705809304,42.306187996122901],[-71.048015724285889,42.306119523506446],[-71.04801840755367,42.306106361921778],[-71.048018491995293,42.306094562931833],[-71.048019779281091,42.306069597032462],[-71.048028544143321,42.306033133740328],[-71.048035814208916,42.305998587101691],[-71.048036074720343,42.305962090550459],[-71.04803621036595,42.305943156316033],[-71.048037451837672,42.305924502435623],[-71.048041238236607,42.30591216860217],[-71.048045023737203,42.305899560385768],[-71.048049909674035,42.305888053675353],[-71.048053703259484,42.305874623640854],[-71.048054919578362,42.305859534696459],[-71.048052442024826,42.305844433125543],[-71.048051555387644,42.305813146400816],[-71.048056604817859,42.305778591004767],[-71.048062769057324,42.305743763865976],[-71.048075257436395,42.305703750036137],[-71.04808736762476,42.305664555339391],[-71.048093535457497,42.305628903663631],[-71.0480974853498,42.305593247317177],[-71.048100259347407,42.30556746471666],[-71.048100443502022,42.305541668153978],[-71.048095788432235,42.305520245751225],[-71.048094330466526,42.305517498607436],[-71.048093259674701,42.305512278037291],[-71.048092173611522,42.305508709739527],[-71.048092205052555,42.30550431895908],[-71.048092231103695,42.305500751325191],[-71.048098261494204,42.305484584028321],[-71.048105825308895,42.305460738669638],[-71.048106195414789,42.305408875714086],[-71.048104021491795,42.305350965661752],[-71.048094988931609,42.305269979461123],[-71.048089317867237,42.305235931343049],[-71.048085696758321,42.305225214443453],[-71.048083560564578,42.305213679042019],[-71.048082169972531,42.305201325138313],[-71.048105521678337,42.305140774033624],[-71.048126190116392,42.305093655067758],[-71.048137446006905,42.30507037626726],[-71.048145747338438,42.305046533409161],[-71.048149557093552,42.30503118117619],[-71.048152244852886,42.305017196875198],[-71.04815348183304,42.304999366538169],[-71.048152473923295,42.304985089907611],[-71.048121407485809,42.304935025673785],[-71.048100195567017,42.304902835618002],[-71.048089221747503,42.30488660106618],[-71.04807861983052,42.304869820397613],[-71.048073921641588,42.304854711945552],[-71.048069230639157,42.304838503291784],[-71.048059845939392,42.304807182848563],[-71.048047096150569,42.304780514318963],[-71.048031389107834,42.304753835812534],[-71.048015991983846,42.304735936970587],[-71.047999485440513,42.304718034801688],[-71.047966093264776,42.304683052277397],[-71.047944461832714,42.304657995463586],[-71.047925427430172,42.304631303617739],[-71.047908982870581,42.304604346011253],[-71.047906486452405,42.304591989994819],[-71.047905467762874,42.304579359589709],[-71.047905556696094,42.304567015527105],[-71.047906710132906,42.304560706633879],[-71.04790675325205,42.304554669468963],[-71.047906798167816,42.304548357917007],[-71.047905734562519,42.304542041049487],[-71.047904670058912,42.304535726174386],[-71.047902123335078,42.304529680370223],[-71.047894057362129,42.304520591067231],[-71.047884501982452,42.304512595987418],[-71.047873838980038,42.304504597584717],[-71.047862800481823,42.304497418354764],[-71.047851017280237,42.304491060290857],[-71.047838863074446,42.30448470289069],[-71.047818592590062,42.304475840797387],[-71.047797208194737,42.304467798541275],[-71.047788722708546,42.304465843286259],[-71.047781709561121,42.304464169726174],[-71.047774334392656,42.304461395961255],[-71.047767335618275,42.30445780169326],[-71.0477610725641,42.304455033243102],[-71.047754074688044,42.304451438310416],[-71.047748205095971,42.304445102166213],[-71.047480735313385,42.304213269407988],[-71.047467880421678,42.30420169462289],[-71.04744967246917,42.304215067877742],[-71.047438880109354,42.30422490531371],[-71.047430301198389,42.304235571890956],[-71.047410940707394,42.304254979675378],[-71.047372204454021,42.304295712617126],[-71.047324915340837,42.304343000267366],[-71.047316739773436,42.304349005562536],[-71.047307081087496,42.304355280593768],[-71.047297435876288,42.304360456082279],[-71.047290026571829,42.304362348224821],[-71.047284100385895,42.304363971295089],[-71.047277063882277,42.304365864101925],[-71.047257811189112,42.304370179222886],[-71.047224120772697,42.304377180414704],[-71.047199983041011,42.304392178694975],[-71.047163457541558,42.304434018396954],[-71.04711385257157,42.304495291692071],[-71.047065302223714,42.304563706281513],[-71.047061938032996,42.304569179392288],[-71.047053351935489,42.30458067106315],[-71.047039937393365,42.304595709157333],[-71.046987704851162,42.304662186326851],[-71.046976877457041,42.304677510746131],[-71.046955238838478,42.30470486827344],[-71.046940698707303,42.30472182305143],[-71.046920222508703,42.304742324242078],[-71.046900833271607,42.30476529622424],[-71.046882552555587,42.304788549891406],[-71.046873961068215,42.304800866007007],[-71.04686572711033,42.304815101488273],[-71.046857135622929,42.304827416934302],[-71.046848534254096,42.304841652409621],[-71.046838823465862,42.304855060075802],[-71.046824230334082,42.304879973307216],[-71.046815629863559,42.304893386280234],[-71.046792870147499,42.304922658427955],[-71.046768637194418,42.304951101428756],[-71.046755233432052,42.304964220070929],[-71.046741825178131,42.304978438906097],[-71.046732129661251,42.304990199571812],[-71.046719056478921,42.305008807223224],[-71.04670936186038,42.305020295491992],[-71.046699664546878,42.305032606247281],[-71.046692172597417,42.305046021180914],[-71.046681319152157,42.305064640774475],[-71.04666936706731,42.305081605421179],[-71.0466570475715,42.305098570727644],[-71.046648455185789,42.305110886118165],[-71.046641334240562,42.305124302363836],[-71.046633842291087,42.305138544415712],[-71.04661443329104,42.305164261419485],[-71.046595012612926,42.305191901091277],[-71.046586792129759,42.305204215134843],[-71.046579262451047,42.305222847968977],[-71.046573220382427,42.305240658976096],[-71.046558552690485,42.305275454503587],[-71.046543927219332,42.305304756370191],[-71.046529305341465,42.305333239060275],[-71.046513514755404,42.305370497338664],[-71.046504837029758,42.305394610470593],[-71.046496153914205,42.305419548734349],[-71.046484094031527,42.305451604324325],[-71.046470557318514,42.30548365856923],[-71.04642640512229,42.30560916744323],[-71.046421476964653,42.305625885464679],[-71.046415442980873,42.305642875870227],[-71.046406795797949,42.305663421937581],[-71.046398505246216,42.305684793800083],[-71.046381138116814,42.305735490574115],[-71.046377320276861,42.305752215869965],[-71.046372390322574,42.305770032042204],[-71.046359124900789,42.305815532783953],[-71.046345491169717,42.305860756454635],[-71.046339389812303,42.305886803350205],[-71.046333295641404,42.305911750055657],[-71.046328345025884,42.305932036270725],[-71.046321918478327,42.305951767739423],[-71.046314652904329,42.305985491263286],[-71.046311910347754,42.30600688494026],[-71.046309539693738,42.306028281267444],[-71.046288230756858,42.306164581533913],[-71.046284357221367,42.306189536765871],[-71.046278128303186,42.306233142460734],[-71.046275227643136,42.306276764069899],[-71.046274997674431,42.306308867056956],[-71.046273652896431,42.306341791170411],[-71.046272378187055,42.306364838305377],[-71.046268443566106,42.306397752424218],[-71.046263471391015,42.306421055979392],[-71.046258561199664,42.306435308367554],[-71.046253649211693,42.306450382558218],[-71.04624756941385,42.306473407065361],[-71.046241449191825,42.306501922444397],[-71.046234962457149,42.306530436481786],[-71.046231539875933,42.306543867705066],[-71.046223985044378,42.306566064394644],[-71.046214212272403,42.306588254432867],[-71.046208216017874,42.306599755036125],[-71.046192563772379,42.306617532436121],[-71.046186180343966,42.306630952346794],[-71.046183906707981,42.306638901317321],[-71.046182737999786,42.306647129978927],[-71.04617892644805,42.306663029907888],[-71.046175129269344,42.306677284234304],[-71.046170216383047,42.306692358367016],[-71.04616638417005,42.306711002054662],[-71.046161817135143,42.306728822606047],[-71.046158033431155,42.306741429992002],[-71.046140739065308,42.306781426553549],[-71.046118954919677,42.306829361406528],[-71.046109209097153,42.306847981801376],[-71.046101726130843,42.306860577205171],[-71.046095764910632,42.306866863280007],[-71.046079004144048,42.306884360249192],[-71.046069300542356,42.306896943687413],[-71.046061821169289,42.30690926271226],[-71.046058453385299,42.306914739605233],[-71.046055809643406,42.306922687875563],[-71.046053530617542,42.306930634151861],[-71.046047138205978,42.306945976620746],[-71.046042242387685,42.306958304936828],[-71.046035117849144,42.30697254923119],[-71.046027619611479,42.306986787543195],[-71.046016736521821,42.307009797238507],[-71.046006931410489,42.307036649512362],[-71.045980287379166,42.307091699328673],[-71.045966800971811,42.307116620311447],[-71.04594120886766,42.307179634239994],[-71.045932507785821,42.307207312887691],[-71.045927599391121,42.307221563769183],[-71.045922691894731,42.307235812654376],[-71.045908117627548,42.30725798451919],[-71.045894613253878,42.307284822071644],[-71.045881419697295,42.307320444242769],[-71.045867847051682,42.307356888852013],[-71.045848342830226,42.30739605060662],[-71.04583262590603,42.30742260641852],[-71.045818018401192,42.307449168862647],[-71.045803389336783,42.307478473039168],[-71.045792473009442,42.307505319798373],[-71.045780084343377,42.307531892172769],[-71.045770323249485,42.307552432308832],[-71.045750845977494,42.307588027090532],[-71.045731358824042,42.307624448292877],[-71.045706954292712,42.307677039533885],[-71.04569867452075,42.307697313886315],[-71.045690022846244,42.307717861276174],[-71.04566447026798,42.307775660199496],[-71.045646174280591,42.30780056098132],[-71.045626767077181,42.307826277562015],[-71.045617007779938,42.307846819595071],[-71.045609830240835,42.30786819470238],[-71.04560117946464,42.307888467664561],[-71.045591422862344,42.307909009677317],[-71.045579098874967,42.307925974886189],[-71.045571979726333,42.307939118153278],[-71.045564485980236,42.307953360232716],[-71.045559582077075,42.307966786502007],[-71.045552374893575,42.307992551511404],[-71.045540396757573,42.308013084189476],[-71.045528072770182,42.308030048705945],[-71.045512414236484,42.308048648151235],[-71.045504929473523,42.308060968279335],[-71.045494023027658,42.308086719299133],[-71.045488031264696,42.308097395851426],[-71.045456238090182,42.308149134354302],[-71.045445396323018,42.308165831771127],[-71.045434585098562,42.308178411631566],[-71.045424882395181,42.308190720440578],[-71.045416292704431,42.308203310925435],[-71.045408047068449,42.308218371406006],[-71.045398376704398,42.308227114056514],[-71.045367822306645,42.308260195942736],[-71.045339150777721,42.308288621491613],[-71.045320922163995,42.30830446719493],[-71.045299022135666,42.308316728811555],[-71.045278578276438,42.308332015802911],[-71.045265194277022,42.308342663082918],[-71.045253280819722,42.308354141442614],[-71.045242477680119,42.308365625114938],[-71.045233883497787,42.308377937873352],[-71.045225291112089,42.308390527656378],[-71.045220401582014,42.308402032580688],[-71.045210636894865,42.308423398198855],[-71.045185120249229,42.30847598478632],[-71.04517425961744,42.308495426473129],[-71.045163408867126,42.308513217953042],[-71.045139035776842,42.308561145508349],[-71.045130370627589,42.30858361186953],[-71.045121713563219,42.308604707707573],[-71.045090238392291,42.308663582032025],[-71.045076787019212,42.308683011702946],[-71.045064808883211,42.308703544155797],[-71.045057320527022,42.308716962957476],[-71.045050206768281,42.30872928162615],[-71.045015052996263,42.308785398203604],[-71.04500385190299,42.308800447251315],[-71.044993024508869,42.308815494966801],[-71.044984417750143,42.308829731533294],[-71.044974706961909,42.308843139014499],[-71.044959022377057,42.308865303669947],[-71.044941104580374,42.308889380918203],[-71.044921727021389,42.308910434801149],[-71.044910552877582,42.308922188753357],[-71.044904619505118,42.30892463812976],[-71.044890173697041,42.30892814578015],[-71.044875692854674,42.308937144762517],[-71.044869752295696,42.308940688950202],[-71.044863804550204,42.308945056239459],[-71.044857479512288,42.308950518340112],[-71.044839638970728,42.308963620204992],[-71.044819206789597,42.308977809570798],[-71.044798413485722,42.308990349409306],[-71.044772017389406,42.309010550262812],[-71.044746743288883,42.309029384589991],[-71.044722612743726,42.309043284294567],[-71.044698478605298,42.30905745902718],[-71.044669513327278,42.309075180594057],[-71.044647592637716,42.309090461422279],[-71.044633475613026,42.309100009114616],[-71.04461899656728,42.309108182979813],[-71.044578881399943,42.309134643735199],[-71.04455471402386,42.309153207644812],[-71.044540231384858,42.309162207923691],[-71.044511662263872,42.309176362035437],[-71.044498302518974,42.309183444404738],[-71.044475253545414,42.309200915485654],[-71.04445967765669,42.309207986558683],[-71.044447417449703,42.309216172367663],[-71.044141108107482,42.309243498028025],[-71.04416828394146,42.309320165664161],[-71.044142840957676,42.309361774892487],[-71.043996275429166,42.309384519319167],[-71.04398557290088,42.309381731820316],[-71.043977073939985,42.309380874843754],[-71.043907580269604,42.309379776717925],[-71.043891697157065,42.309377791056633],[-71.043862950169654,42.309365327692461],[-71.043845276714748,42.309355381446437],[-71.043829831081752,42.309343793655941],[-71.043815573919886,42.309321510919361],[-71.043797543833804,42.3093096381278],[-71.043782044301906,42.309306010920402],[-71.043743613475726,42.309303386177376],[-71.043691751937757,42.309317450573715],[-71.043626870218034,42.309342987831727],[-71.043572739535634,42.309364175091879],[-71.043407829510727,42.309418677463967],[-71.04322251425414,42.309482977872499],[-71.043156177263683,42.309504940348873],[-71.043055001809847,42.309538566971334],[-71.043017964270703,42.309548022919415],[-71.042925287777777,42.309582504499694],[-71.042839631618804,42.309617838384163],[-71.042799915303462,42.309639907769068],[-71.042752852565727,42.309654813119359],[-71.042682165034321,42.309665234306841],[-71.042641055432,42.309674947991986],[-71.04257609016895,42.309712010383755],[-71.042520706336731,42.309752951048125],[-71.04249166739686,42.309781101559317],[-71.042474442201296,42.309811491475138],[-71.042468224062901,42.309853178103872],[-71.042483508897448,42.309887264912355],[-71.042511111431196,42.309904391017206],[-71.042560157649078,42.309921323136741],[-71.042618754755068,42.309947352408635],[-71.042638958764115,42.309965269698374],[-71.042630630483103,42.309992129347684],[-71.042565434353051,42.310009705830446],[-71.042477723747027,42.310022527797791],[-71.042451361786704,42.310037790459496],[-71.04242714769822,42.310063487525341],[-71.04241990458209,42.31009364479447],[-71.042421600601344,42.310165822621322],[-71.042436554855868,42.31024518691251],[-71.042484130531619,42.31031233372272],[-71.042512831704968,42.310331106543615],[-71.042580022094953,42.310344821946117],[-71.042665009907367,42.310351196690952],[-71.042745531296148,42.310361393889764],[-71.042886002653773,42.31036387509721],[-71.042972624501672,42.310348852331458],[-71.043103703074664,42.31032083493681],[-71.043167330746243,42.310315873182795],[-71.043223654216234,42.310298261576932],[-71.043298597067135,42.310262061809439],[-71.043336747618937,42.310252335592907],[-71.043429234567327,42.310243922723316],[-71.04349078982554,42.310218370551581],[-71.043533073525964,42.3101996063332],[-71.043557180714927,42.310188998561856],[-71.043579820955031,42.31017673996714],[-71.043586127128336,42.310174019599131],[-71.043599143716804,42.310163371300241],[-71.043605464263138,42.31015818167387],[-71.043610328640398,42.310150244441132],[-71.043621141661475,42.310137664310439],[-71.043635671911204,42.310121804453694],[-71.043642730872691,42.310117168862725],[-71.0436597817951,42.310111198662177],[-71.043677573827622,42.310104958084729],[-71.043696842690466,42.310098722156894],[-71.043717582993736,42.310093590984955],[-71.043735368738055,42.31008817349263],[-71.043743871292222,42.310088207372701],[-71.043754577413779,42.310090170424864],[-71.043765306891544,42.310089116820564],[-71.043776380424035,42.310091902295149],[-71.043787083850631,42.310093867340136],[-71.043795577421662,42.310095546729457],[-71.04381697619003,42.310101944086227],[-71.043838370466844,42.310108339449442],[-71.043860124968091,42.310116384306504],[-71.043874498910952,42.310122752431305],[-71.043894764903769,42.310132438144649],[-71.043913917883927,42.310142391575376],[-71.043921285865892,42.31014598884034],[-71.043952269658362,42.310155991428211],[-71.04398326423059,42.310164072152247],[-71.044000242389473,42.310168529703411],[-71.044021654632587,42.310172182769364],[-71.04405157122649,42.310176690143535],[-71.04408186601114,42.310179555332013],[-71.044101086364947,42.31018045481386],[-71.044121424222979,42.310179712110262],[-71.044139193797619,42.310176215158684],[-71.044159918829536,42.310173555907539],[-71.044179176912593,42.310169239855711],[-71.04419695906364,42.310164097396182],[-71.044211409363314,42.310159488380904],[-71.044227344578132,42.310154337948816],[-71.044246253216556,42.310147278275444],[-71.044267002502977,42.310140227237419],[-71.044289593335748,42.310135103376311],[-71.044305523160688,42.310130499009148],[-71.044327036913415,42.310120980038654],[-71.044342604717301,42.310115555241211],[-71.044366665193863,42.31011125977917],[-71.044375170442976,42.310111293659219],[-71.044389561453826,42.310114916834316],[-71.044403921921955,42.3101229317964],[-71.044417184648808,42.31012929593463],[-71.044440820222249,42.310132957638949],[-71.044448204373893,42.310134633705644],[-71.04446146530411,42.310140998507023],[-71.044486479791502,42.310158933013817],[-71.044498258501505,42.31016611491976],[-71.04450931586436,42.310170548555497],[-71.044521107150771,42.310176083624398],[-71.044528482319265,42.310178581446955],[-71.044536603987737,42.310180535860212],[-71.044548853414952,42.310173448288594],[-71.044557001134578,42.310171562299537],[-71.044582497118967,42.310173581815803],[-71.044614656806132,42.310174533778586],[-71.044622054432494,42.310173738594067],[-71.044655741255653,42.310167562461338],[-71.044690525820087,42.310163309519019],[-71.04472309783398,42.310157949163745],[-71.044731242858674,42.310156335543269],[-71.044749365471191,42.310155584203301],[-71.044766015744997,42.310153728107842],[-71.044803355118091,42.310153876250055],[-71.044810742862992,42.310155005585159],[-71.044817758705364,42.3101558552437],[-71.044832136241496,42.310161948338234],[-71.044847627688554,42.310166676265624],[-71.04486463549182,42.3101667433614],[-71.044870570660919,42.310164022992971],[-71.044876513914829,42.310159655788226],[-71.044882469745176,42.31015418914231],[-71.044889877253013,42.310152573528768],[-71.044906539204888,42.310149071925501],[-71.044935415549702,42.310143698282737],[-71.044997905055808,42.310142297906978],[-71.045031438267046,42.310157524002307],[-71.045037138077518,42.310187731049957],[-71.045053994963823,42.310208378602695],[-71.045063466800187,42.310228175162393],[-71.045043988629885,42.310263498055427],[-71.045037534234567,42.310286795529379],[-71.04503999022856,42.310305466717935],[-71.045031362808572,42.310322446560143],[-71.044986853082875,42.310342576568985],[-71.044966374189329,42.31036307725784],[-71.044960298883055,42.310385278579567],[-71.044960176712195,42.310402291615816],[-71.044971698504014,42.310445147041861],[-71.044991717460135,42.310488858071629],[-71.04500593689275,42.310516628932113],[-71.045026439142489,42.310544973080432],[-71.045039253610028,42.310562038554046],[-71.045048770362143,42.310575523390561],[-71.045057169610047,42.310589824661392],[-71.045064125265284,42.310599732182411],[-71.045083189312237,42.310622035060057],[-71.045094158640183,42.310638817516882],[-71.045100022842362,42.310645976781558],[-71.045105905010843,42.310650663485397],[-71.045119126415202,42.31066306415002],[-71.045129766061407,42.310674633096987],[-71.045136738784663,42.310681793686172],[-71.045142965007884,42.310689775360615],[-71.045147706315944,42.310698851815324],[-71.045151001336421,42.310703255519613],[-71.045164195791301,42.310719497871744],[-71.045166744311771,42.310724721995882],[-71.045174687215521,42.310751643766089],[-71.045177228549463,42.310757693622911],[-71.045195180482096,42.310781087902889],[-71.045197353506765,42.310787135099645],[-71.045199888552489,42.310794277739724],[-71.045200917123495,42.310806083820488],[-71.045199752008571,42.310813212507959],[-71.045192291500143,42.310822786511345],[-71.045192195380395,42.310836234090786],[-71.045192144176426,42.31084336676065],[-71.045194637001345,42.310856824300323],[-71.04519935046163,42.310869192373268],[-71.045208829484523,42.310887889961364],[-71.045213568995962,42.310896962401635],[-71.045216828083809,42.310906578907904],[-71.045219378400901,42.310912079368151],[-71.045220398887054,42.310924432151175],[-71.04522399394483,42.310938714077814],[-71.045226151698131,42.310946954134877],[-71.045227580019443,42.310954096092544],[-71.045227491086223,42.310966443552886],[-71.045229664110906,42.31097276509027],[-71.04523182994906,42.310979907709275],[-71.045235485193942,42.310985960201371],[-71.045239136845581,42.310992284394011],[-71.045241302683721,42.310999429668023],[-71.045242740886493,42.311004921484169],[-71.04524116074991,42.31101918612061],[-71.045237697744497,42.311037831184009],[-71.045237569285405,42.31105566911107],[-71.045237551319104,42.311058137669285],[-71.04523863019574,42.311062805741919],[-71.045237492030296,42.311066369739066],[-71.045237466877452,42.311069937721854],[-71.045237440826313,42.311073504375805],[-71.04523370473305,42.311079526965173],[-71.045229972233045,42.311084177764243],[-71.045224025385863,42.311088544904841],[-71.045219182568175,42.31109374043325],[-71.045221678986337,42.311106372188618],[-71.0452216412571,42.311111585651737],[-71.045219009193318,42.311117888574039],[-71.045214233749263,42.311113478920007],[-71.045208452192114,42.311094794685012],[-71.045203838444792,42.311067882361804],[-71.045201391433963,42.31104839098235],[-71.045198205109642,42.311028620588466],[-71.045194670238999,42.311006380963967],[-71.04518281247725,42.310958309787388],[-71.045174877658354,42.310930561708183],[-71.045166508953159,42.310911870111489],[-71.045151303170357,42.31086735290657],[-71.04514407442727,42.310844003167261],[-71.04513827939536,42.310827238701414],[-71.045131015617983,42.310809372808762],[-71.045126686636607,42.310793988101437],[-71.045125337367068,42.310776148107351],[-71.045123215546369,42.3107629662384],[-71.045125522420022,42.310750353014775],[-71.045124510018681,42.310737177783516],[-71.045122335197391,42.310730856222492],[-71.045112848089673,42.310713804745113],[-71.045109187454884,42.310708577298527],[-71.04508749583573,42.310691477984847],[-71.045074596926554,42.310685938311074],[-71.045057622360957,42.310681480796546],[-71.045042100371148,42.310680595272387],[-71.045018063250794,42.310681324019548],[-71.044998822235712,42.310683168806207],[-71.044979584813888,42.310685562312109],[-71.044955543201951,42.310686565418926],[-71.044932629873998,42.310685376305571],[-71.044923394294557,42.310684516025191],[-71.04490900058876,42.310680892218578],[-71.044894610476234,42.310677269740395],[-71.044880225753587,42.310671995789136],[-71.044856264091692,42.31066284625652],[-71.044828630116925,42.310649565381723],[-71.044814242699331,42.310644844798034],[-71.04479985079017,42.310641220324811],[-71.044788031655983,42.310639526999559],[-71.044774729403258,42.310638652103798],[-71.044749610711278,42.310635807529827],[-71.044733741971768,42.310631353333264],[-71.044725609523525,42.310631320782079],[-71.044690820467522,42.310636397436802],[-71.044667860427168,42.3106417929597],[-71.044648604140733,42.310646107650534],[-71.044629334379579,42.310652344188462],[-71.044610058330207,42.310659403140868],[-71.044594495017904,42.310664554195945],[-71.044566658023868,42.31067953569918],[-71.044538813843346,42.310695615966004],[-71.044522094399269,42.310707073967436],[-71.044505379446775,42.310717711545379],[-71.044490908485869,42.310724787098152],[-71.044459390195797,42.310738109808476],[-71.044449759357633,42.310740540513606],[-71.044417534991766,42.310748644413351],[-71.044391975227001,42.310755405744786],[-71.044374183194478,42.310761644929116],[-71.044330798159521,42.31078013395642],[-71.044287398751507,42.310799719750683],[-71.044262179448225,42.310810320776014],[-71.044235461755036,42.310824485810443],[-71.044220988997495,42.310831564008431],[-71.04421136624417,42.310833171632822],[-71.044201726422855,42.310836699770348],[-71.044181349038965,42.310842929646356],[-71.044157263409545,42.310850791725031],[-71.04414059337283,42.310855116366113],[-71.044116522116468,42.310860511205995],[-71.044093568364346,42.310864811267024],[-71.04407800774699,42.310869139893008],[-71.044064659680174,42.310874574590095],[-71.044050184227686,42.310882473865995],[-71.044036819092895,42.310890379119719],[-71.044024922703599,42.310899387121871],[-71.044011538704169,42.310910037289112],[-71.044000740056148,42.310920695426262],[-71.043991049030865,42.310931359540362],[-71.043980198280536,42.310949152989004],[-71.043972718009172,42.310961471220836],[-71.043965566521194,42.310978455536201],[-71.043959519961007,42.310997095297232],[-71.043954559464012,42.311018477970798],[-71.043942927179401,42.31109334583617],[-71.043941627317182,42.311119959211418],[-71.043941409026559,42.311150142546552],[-71.043946836647521,42.311217945387568],[-71.043965620420096,42.311279488429825],[-71.043983131279944,42.311363252982012],[-71.044009237220408,42.311434702607421],[-71.044037211656672,42.311503419219456],[-71.044075167274059,42.311572170964361],[-71.044115771124908,42.311632154550139],[-71.044170405762173,42.311695486807523],[-71.04421917709557,42.311751109824506],[-71.044276407864004,42.311812805798091],[-71.044335931133048,42.311864632255741],[-71.044395833491137,42.311914812544863],[-71.044459070395561,42.311963907334814],[-71.044519694100813,42.312016835733672],[-71.044564229877665,42.312044728150255],[-71.044596108392142,42.312084919301896],[-71.044634218519761,42.312132268859216],[-71.044684415479537,42.312195582013196],[-71.044731603981404,42.312265468942165],[-71.044769678176408,42.312318035048342],[-71.044820019764941,42.312361040628481],[-71.04489027700329,42.31241126237213],[-71.044960995077403,42.312448862556664],[-71.045048446968636,42.312472533881419],[-71.045134789440482,42.312496747922218],[-71.045204158245056,42.312515957858594],[-71.045289557485845,42.312517118372924],[-71.045371072411342,42.312492468565665],[-71.045453022121464,42.312459042144148],[-71.045531269874289,42.312426147801752],[-71.045597736222149,42.312386344149786],[-71.045639761207767,42.312351935184637],[-71.045654454052567,42.312313576985055],[-71.045649943611522,42.312272671200816],[-71.045647952046536,42.312240556640738],[-71.045649369588048,42.312197754916269],[-71.045635220224014,42.312160378448645],[-71.04561503867285,42.312138895854631],[-71.045609258912307,42.312119938234915],[-71.045609551763093,42.312079050260785],[-71.045629266190318,42.312011349984473],[-71.045640133110297,42.311991085657347],[-71.045664513387109,42.312097104452633],[-71.045683348363681,42.31215151345009],[-71.045702220171165,42.31220070570653],[-71.045703163402209,42.312223762653659],[-71.045702958586332,42.312252300670998],[-71.045700510677193,42.31228439728919],[-71.04570032023436,42.312311014146601],[-71.045721554611021,42.312340459546796],[-71.045746589759673,42.312354826181462],[-71.045774258768745,42.312363171011171],[-71.045774131207978,42.312381005905422],[-71.045743006380008,42.312390487333886],[-71.045714064458181,42.312404642712572],[-71.045680177310729,42.312438535495033],[-71.045656929809482,42.312483722521812],[-71.045657667326338,42.312535587620189],[-71.045682776136829,42.312591668254107],[-71.045716092854107,42.312637352723087],[-71.045763394543698,42.312691873518219],[-71.045811095983595,42.312742827042612],[-71.045871084579957,42.312781206237787],[-71.045931837642627,42.312816299183474],[-71.045995270379791,42.312838775983074],[-71.046073157908168,42.312856096585001],[-71.046145190217544,42.312865162763011],[-71.046199210407167,42.312859338966078],[-71.046265560872371,42.312990494170243],[-71.046258524368739,42.312992388710533],[-71.046241443801918,42.313002747566948],[-71.046232847822992,42.313015335760724],[-71.046234183617798,42.313034826531059],[-71.046245727867515,42.313074938000682],[-71.046256074662963,42.31312766352309],[-71.046257099640698,42.31319105804684],[-71.046237338501086,42.31326562107963],[-71.046205399799462,42.313336840032825],[-71.046163245456441,42.313389362065934],[-71.046100393929265,42.313440702965266],[-71.046029049729398,42.313490363195484],[-71.045856824723131,42.313584081013211],[-71.045285636339628,42.313886695041333],[-71.044746737899004,42.314171321114273],[-71.044622769491468,42.314237787507516],[-71.044569694329553,42.314265841686357],[-71.044509652732572,42.314286183665068],[-71.044457794787846,42.314299424580518],[-71.044401215297995,42.314300846120474],[-71.044341357855686,42.314295395112474],[-71.044280409858601,42.314287195350026],[-71.04421548052818,42.314267180193141],[-71.04413667402325,42.31422323729938],[-71.044072205528565,42.314190874632502],[-71.043916524794895,42.314091468218535],[-71.043659592250577,42.313932660887154],[-71.043372874266396,42.313752331919403],[-71.043112243358067,42.313594606506136],[-71.042875581298162,42.313445755479307],[-71.042602097294747,42.313276181168497],[-71.042371290453843,42.313136407484578],[-71.042139395753154,42.312993613651699],[-71.041893118126438,42.312845822068809],[-71.041660122091187,42.31270219788108],[-71.041394726518575,42.312539784601881],[-71.041159518831122,42.312395604368426],[-71.040935760171934,42.312252838083708],[-71.040685049359283,42.312105848557295],[-71.04045319238783,42.311958661391799],[-71.040234183121569,42.311824146679811],[-71.040011882428104,42.311685226052177],[-71.039803918846559,42.311557891174346],[-71.03953517974449,42.311399027627502],[-71.039281961733877,42.311241322888925],[-71.03907878078293,42.311117573029364],[-71.038813392396833,42.310955976079399],[-71.038518203299546,42.310774774982264],[-71.038303990138573,42.310643021932485],[-71.03809490905283,42.31051732114409],[-71.037934728657902,42.310429414810464],[-71.037864351943583,42.310396204523371],[-71.037792450788231,42.310370118970511],[-71.037736030300195,42.310350410144721],[-71.037677360430663,42.310334806766299],[-71.037641549990184,42.310327527225631],[-71.037603133537061,42.310322981996364],[-71.037565822910054,42.310319263836526],[-71.037461590489301,42.310315277294002],[-71.037355850695533,42.310315677210454],[-71.03729703709557,42.310320104192513],[-71.037238195647831,42.310327825502135],[-71.037185248046669,42.310338312345131],[-71.0371333865087,42.31035237518163],[-71.037081895076597,42.310366434693371],[-71.037030013775677,42.310382966772607],[-71.036974752114347,42.310406891977252],[-71.036921689528825,42.310433295055908],[-71.036831096229051,42.310485617561355],[-71.036751596224732,42.310537985196468],[-71.03649698223218,42.310723833815096],[-71.036262732148799,42.310905646221123],[-71.036048970840412,42.311066138560868],[-71.035875363326923,42.311195507203088],[-71.035721822380239,42.311311512470823],[-71.035560130120672,42.3114294067977],[-71.035404340690846,42.311548970289728],[-71.035258240489668,42.311658145249524],[-71.035116915732544,42.311771453280322],[-71.034963783519316,42.311881422352847],[-71.034813951716458,42.311994969792309],[-71.034676379222262,42.312100337572687],[-71.034525498187136,42.312205648711789],[-71.034374537201955,42.312321938427573],[-71.034234740479121,42.312428116759619],[-71.03408268265099,42.312542480288947],[-71.033935488301793,42.312648904035676],[-71.033772257228136,42.312773921001465],[-71.033604533679764,42.312906879255053],[-71.033462135435869,42.313014148019896],[-71.033352100796719,42.313095474999471],[-71.033244618271297,42.313180654714465],[-71.033093547691649,42.313160558827398],[-71.033011908798628,42.313151170514608],[-71.032959050130671,42.313149309857572],[-71.032876049391675,42.313173944793355],[-71.032788185173743,42.313206517896418],[-71.032730537587028,42.313252657616594],[-71.032685357718123,42.3133120211548],[-71.032664538363079,42.313378069294423],[-71.032669955204256,42.313445597380664],[-71.032687628659147,42.313505491496151],[-71.032729304200132,42.313569872093197],[-71.032775362621379,42.313641132551581],[-71.032802724406608,42.313691186540197],[-71.032826280928319,42.31375549520537],[-71.032854353280939,42.313859885546094],[-71.032870376530667,42.313942823627755],[-71.032879186308648,42.314051526786585],[-71.03289036135078,42.314190699928893],[-71.032902310740681,42.314375151430241],[-71.032913884634823,42.314560427412133],[-71.032934253933874,42.314756440048143],[-71.032945943710672,42.314925801127345],[-71.03296130130876,42.315149509701484],[-71.032975337485084,42.315351808387355],[-71.032989323355736,42.315561241215185],[-71.033003773655395,42.315757505808271],[-71.033022536766737,42.315970523590089],[-71.033036467840176,42.316187091737312],[-71.033051727521908,42.316374304649329],[-71.033058747855861,42.316425099094104],[-71.033079967859493,42.31645537088707],[-71.03312085108638,42.316476939688478],[-71.03316513713159,42.316488646394639],[-71.03325001804447,42.316510393867219],[-71.033430090733063,42.316559422633247],[-71.033634857210487,42.316619800678062],[-71.033820459927981,42.316671318288535],[-71.034002764031726,42.316719258895056],[-71.034185779601202,42.316770767124666],[-71.034276913686782,42.316797206059917],[-71.034451786926496,42.316849502683453],[-71.034602752403259,42.316884963344464],[-71.034744122974459,42.316918465131835],[-71.034865203298352,42.316945574890518],[-71.03496983007949,42.316946821010532],[-71.035007113757032,42.316955205085961],[-71.035042759805833,42.316985533084612],[-71.035133853467215,42.317017186232071],[-71.035259615810361,42.317061325119049],[-71.035288214575758,42.317094369814406],[-71.035456890338338,42.317135116368185],[-71.035581488464885,42.317186385795033],[-71.035700291559522,42.317221717403612],[-71.035848730075372,42.317248934638549],[-71.036001113991972,42.317293180305562],[-71.036104019601026,42.317327625095054],[-71.036219101873755,42.317366232649377],[-71.036350802979243,42.317406825588108],[-71.036647814758268,42.31749446445253],[-71.036823827061767,42.317543470532023],[-71.036959202276776,42.317587648239822],[-71.037050329175827,42.317615456486514],[-71.03709691939973,42.317665585694002],[-71.037144213902806,42.317721209412809],[-71.037182179401654,42.317788044028063],[-71.03721308414238,42.317859514257663],[-71.037251975804281,42.31795132520012],[-71.037281185424064,42.318052973940546],[-71.037311927569732,42.31814667300781],[-71.037323446666605,42.318189527146117],[-71.037246241857815,42.318230377939024],[-71.037116472130194,42.318278699953787],[-71.036953766571003,42.318330732975923],[-71.03682511524589,42.318378235920491],[-71.036676830341932,42.318430325319675],[-71.036602264783454,42.318463777795735],[-71.036553908471717,42.318502825035303],[-71.036523537330282,42.318560602763341],[-71.036517190732795,42.318619301718989],[-71.03653452013296,42.31867644899075],[-71.036571496586674,42.318726541484871],[-71.036624135167386,42.318758857316361],[-71.036673184978511,42.318776894314865],[-71.0367739166646,42.318805839186552],[-71.036910480350699,42.318839320024622],[-71.037036380136101,42.31886562126089],[-71.037117905841399,42.318891743810255],[-71.037316632046853,42.318970202391753],[-71.037588291571936,42.319087097997688],[-71.037922305855815,42.319222903041187],[-71.038201019850817,42.319336257232386],[-71.03854238325205,42.319478401683511],[-71.038816283175422,42.319592833435671],[-71.03909427582326,42.319704261404233],[-71.039265295290406,42.31977986152765],[-71.039365941636532,42.319821152325389],[-71.039411298473553,42.319838346797937],[-71.039418578420609,42.319854294539148],[-71.039377395156407,42.319873062521275],[-71.039346176903663,42.319895164177659],[-71.03932193496739,42.319923606390979],[-71.039307294224898,42.319953732367175],[-71.039299660341612,42.319986632074041],[-71.039303045193606,42.320029453077183],[-71.039321949340447,42.320073982399464],[-71.039359035388628,42.320109807222991],[-71.03940320914441,42.320136875754272],[-71.039452284108378,42.320151342233189],[-71.039485873015167,42.320159434958086],[-71.039537270124143,42.320159640862954],[-71.03958430231917,42.320149949386426],[-71.03962028882944,42.320184120286541],[-71.039753014912677,42.320237887973676],[-71.039942155195746,42.320313559190403],[-71.040243763654075,42.320432490085658],[-71.040539423468587,42.320555783918657],[-71.040863892254265,42.320684408408574],[-71.041188306242717,42.320820165503136],[-71.041502071601784,42.320945450514927],[-71.041755755838025,42.321045251264302],[-71.041856383319512,42.321089285703394],[-71.041965126181282,42.321136093806153],[-71.042073158475674,42.321179331807841],[-71.042179731007735,42.321219821328647],[-71.042287385111379,42.321263879556739],[-71.042390294313691,42.321299964732226],[-71.042490929880017,42.321343172068239],[-71.042584204650922,42.321381686828254],[-71.042694458478991,42.321424113013869],[-71.042792547321511,42.321461820726867],[-71.042876200237387,42.321501395469454],[-71.04299125466234,42.321545483389094],[-71.043091909093306,42.321585947434926],[-71.04316859018428,42.321618360098576],[-71.043210223504431,42.321639105522948],[-71.043236698652478,42.321659791163057],[-71.043257928537599,42.321690061102039],[-71.043273269966008,42.321715916137613],[-71.043276717700067,42.32175078093254],[-71.043293263769286,42.321815057450962],[-71.043335798997987,42.321915937459153],[-71.043381697519123,42.322012164657586],[-71.043425491287536,42.322092465793062],[-71.043458569951255,42.322171901389147],[-71.043490714367067,42.322226638419586],[-71.043495222113151,42.322268365975049],[-71.043491131185348,42.322322683820026],[-71.043498128163108,42.322378141360794],[-71.043526534689022,42.322438624741515],[-71.043545090289513,42.322480685577084],[-71.043568840847314,42.322520019244124],[-71.043607092010433,42.322548710004114],[-71.043670451984056,42.322581891296394],[-71.043703893567141,42.322611385025745],[-71.043778291140654,42.322652569024484],[-71.043836823567929,42.322689298324683],[-71.043903800158887,42.322734292684558],[-71.043981541261886,42.322773842716245],[-71.044071120363711,42.322812339995934],[-71.044138173311453,42.322846632987812],[-71.044217062461385,42.32288069947549],[-71.044280603894705,42.322888907416697],[-71.044336984856884,42.322916024565927],[-71.044396716535047,42.32294013628993],[-71.04443182808626,42.322943017501828],[-71.044508348378798,42.322946065422755],[-71.044544511857183,42.322956912141123],[-71.044629444872356,42.322973162621928],[-71.044652253995721,42.322989442986596],[-71.044723129275013,42.323006463242599],[-71.044784036847901,42.323020975554336],[-71.044861924376306,42.323040218143881],[-71.04487881539859,42.323057022528118],[-71.04492416954065,42.323075039697578],[-71.044966283459487,42.323080695176209],[-71.045044329989693,42.323077436053119],[-71.045128116754569,42.32309917394268],[-71.045220389903903,42.323123410461918],[-71.045293360054444,42.323157725866309],[-71.045427715681598,42.323192009371446],[-71.045511571616728,42.323203866924892],[-71.04557038252176,42.323201631969155],[-71.045644864536925,42.323180522426675],[-71.045713742861309,42.323166524225101],[-71.045760430103257,42.32315326259328],[-71.045819179922844,42.323159804741834],[-71.045855368554072,42.323167083462508],[-71.045897018043902,42.323185909568281],[-71.045936740647448,42.323215428253178],[-71.045962591466377,42.323241937540082],[-71.045969781581903,42.323249310564286],[-71.045995127547641,42.323272734073903],[-71.045975585596949,42.323316289411693],[-71.045971703976605,42.323342068727129],[-71.045981123710689,42.32336872275085],[-71.046001220820216,42.323402830134697],[-71.046028755980316,42.323430655736729],[-71.046071842774609,42.323455521101394],[-71.046097977461159,42.323471814624767],[-71.046142280574344,42.323481870221194],[-71.04618441066286,42.323485602215243],[-71.046227715747762,42.323480284173435],[-71.046272189540844,42.323466191061613],[-71.046305937449432,42.323452877687416],[-71.04633710359991,42.323437908523211],[-71.046358990153479,42.323428391565407],[-71.046432200154214,42.323429503393726],[-71.04652583784447,42.323418346587218],[-71.046592078715207,42.323411471713968],[-71.0466626970763,42.323412576900878],[-71.046761047328559,42.323414610604111],[-71.046853542361802,42.323407839341705],[-71.046925635756608,42.323410045730611],[-71.046986991588838,42.323413855437352],[-71.047052699758609,42.323430028091714],[-71.047129439240081,42.323454479011843],[-71.04721210670408,42.323477857945399],[-71.047293614443063,42.323507813519726],[-71.047352173819817,42.32354097305263],[-71.047404716280795,42.323587555505163],[-71.047435775531738,42.323640090900859],[-71.047479632182217,42.323712432518541],[-71.047528156478933,42.323804550402294],[-71.047567005021705,42.32390513963513],[-71.047604518667967,42.324037278033906],[-71.04763458528052,42.324176524068072],[-71.047666280538706,42.324294920314159],[-71.047696440576033,42.32442154333944],[-71.047725735535778,42.324565175981775],[-71.047737722654929,42.324698861818277],[-71.047755863233775,42.324851504481742],[-71.047768149491915,42.324994796093492],[-71.047774124186859,42.325141904950847],[-71.047785063870393,42.325319216570087],[-71.047782654588801,42.32550114355147],[-71.047778863698298,42.325669341343115],[-71.047773833132723,42.325855647374944],[-71.047764502331859,42.326023000087631],[-71.047751383335438,42.326151372980078],[-71.047732371390765,42.326275881617427],[-71.047701531328741,42.326399793607692],[-71.047657298284179,42.326534905443118],[-71.047612144466399,42.326643667875565],[-71.047547636445856,42.326769918904461],[-71.047492836518572,42.326882759403297],[-71.047428327599718,42.327009010616472],[-71.047370846201304,42.327135287477596],[-71.047286856417188,42.327296310247789],[-71.047216474313004,42.327416225470962],[-71.047153199679329,42.327524642359577],[-71.047092548126287,42.327628680450388],[-71.047029350747735,42.327726396522955],[-71.046952703792755,42.327842992278519],[-71.0468739431019,42.327945038790261],[-71.046798942758812,42.328038315353425],[-71.04672249792479,42.328126376404505],[-71.046635729651484,42.328210550213718],[-71.046558255348117,42.328287631073302],[-71.046472249744525,42.328368516596363],[-71.046377004968193,42.328448269687982],[-71.046291020924158,42.328525588011551],[-71.046202870143617,42.328596313520279],[-71.046115872799945,42.328660180588692],[-71.046025512163823,42.328729251626463],[-71.045907299262325,42.328814398225639],[-71.045802118220649,42.328886977624421],[-71.045693648446715,42.328954327023716],[-71.045580319685442,42.329028795669743],[-71.045464483726178,42.329091725897101],[-71.045348622614085,42.32915794940368],[-71.045221046572379,42.329208210207355],[-71.04510897904575,42.329261276848705],[-71.044996994164109,42.329302817107454],[-71.044864667831177,42.329344004031135],[-71.04477200750793,42.329372999827036],[-71.044603316473996,42.329431332731971],[-71.044529928606877,42.32945409049298],[-71.044433961585071,42.329479504688862],[-71.044378381021801,42.329494377447709],[-71.044291684613725,42.329516536822474],[-71.044203878786291,42.329538414606773],[-71.044125719966672,42.329555941135126],[-71.04403571326678,42.329575068163116],[-71.043946835749196,42.329591728682352],[-71.0438564939777,42.32960646394401],[-71.043847968067354,42.329609171518086],[-71.043756899558787,42.329621982187028],[-71.043665478012329,42.329632322367402],[-71.043574047482693,42.329643758990059],[-71.043490037935641,42.329652207120489],[-71.04339862806728,42.329660898313577],[-71.043306120457629,42.329668489741394],[-71.043214717775797,42.329676083824722],[-71.043168107788958,42.329677821797169],[-71.043076728463319,42.329682671782578],[-71.042984247803133,42.329685871457862],[-71.042891761753054,42.329689894627521],[-71.042799290076019,42.329692268151412],[-71.042772658621118,42.329692986052756],[-71.042681662876092,42.329695369538122],[-71.042588828279676,42.329696645954648],[-71.042496365585791,42.32969737580985],[-71.042403906485191,42.329697830724129],[-71.042387266092859,42.329697764977411],[-71.042294819568653,42.3296965735668],[-71.042202378434354,42.329694283720762],[-71.042109930113511,42.329693093638326],[-71.042057062462419,42.329690963178187],[-71.041964639294406,42.329686204176255],[-71.041917687947759,42.329684367915981],[-71.041872213431446,42.329682268004575],[-71.041779776788715,42.329679427611893],[-71.041670697957031,42.329677074010768],[-71.041577878631969,42.329675881271605],[-71.041485425819559,42.329675512691281],[-71.041392969413891,42.329675966277478],[-71.041300498635181,42.329677516307157],[-71.041244269488288,42.329679763650873],[-71.041151777150006,42.329684881936039],[-71.041059271336991,42.3296916478741],[-71.041013389883858,42.329695033499235],[-71.040967877638295,42.329698418460119],[-71.040930506824154,42.329700736862691],[-71.040852424361347,42.329707561904648],[-71.040761399870249,42.329714330496699],[-71.040668908430291,42.329719450771357],[-71.040583447205719,42.329723499839133],[-71.040490970138805,42.329726697519988],[-71.040398493970187,42.329729072370675],[-71.040330074684888,42.329729622916332],[-71.04023762636406,42.329728429514006],[-71.040145187026383,42.329726138340895],[-71.040056444256081,42.329724137382996],[-71.039964021986393,42.329719377055341],[-71.039857192536175,42.329712636356412],[-71.039764786436152,42.329705956090656],[-71.039672009331937,42.329699271839466],[-71.039581098926874,42.329690127065533],[-71.039547478579024,42.329685601829759],[-71.039456228610788,42.329671791026016],[-71.039410795416984,42.329664473875539],[-71.039366094350129,42.329657981547449],[-71.039275230657452,42.329642527731892],[-71.039232014505757,42.329635218547345],[-71.039187681748189,42.329628728208547],[-71.039097544792583,42.329615194990012],[-71.039007784231075,42.329600566652068],[-71.038908064946327,42.32958233086697],[-71.038818303486508,42.329567699864945],[-71.038728199768556,42.329549502588719],[-71.03866468438639,42.329536625494015],[-71.038576072770141,42.329516785863873],[-71.03848970334883,42.329493389915235],[-71.038470514436042,42.329487823339754],[-71.038389020171792,42.329455388830041],[-71.038348462135033,42.329438488530499],[-71.038309017110919,42.329421315276711],[-71.038258485079538,42.329402453182482],[-71.038216811335204,42.329386918282466],[-71.038175874209372,42.329371660313321],[-71.038093270525735,42.329339225079593],[-71.038070412893347,42.329329525719473],[-71.037991527336672,42.329294360296629],[-71.037913764674101,42.329257550510121],[-71.037828999643892,42.329217146519731],[-71.037753480074599,42.329176778365515],[-71.037677948827181,42.329138057189063],[-71.037635227647201,42.329113737980236],[-71.037599129745828,42.329094108077051],[-71.037561935001492,42.329072554890494],[-71.037486792724621,42.329031365796745],[-71.037435191698066,42.329007831531513],[-71.037424477491655,42.32900614268511],[-71.037414887976013,42.329002535872299],[-71.03740419802412,42.328997829283438],[-71.037395728707622,42.328992581439792],[-71.037387257594489,42.328988157763568],[-71.037383987726855,42.328980185715146],[-71.037385169011458,42.328970309644802],[-71.03738632424492,42.32896400518996],[-71.037390078304497,42.328956061695514],[-71.037394938190175,42.328948946353158],[-71.03739866979187,42.328944570490258],[-71.037402021406194,42.328941016139112],[-71.037404647181773,42.328936363339103],[-71.037405785347232,42.328931977513562],[-71.037406928004273,42.328927591023643],[-71.037406968428471,42.328922104092101],[-71.037405889551806,42.328917708967936],[-71.037404815166724,42.328913313843493],[-71.037389313838176,42.328908860276478],[-71.037372324001211,42.328906047077666],[-71.037355708761709,42.328902413694443],[-71.037338710839919,42.328900698944715],[-71.037233378881268,42.328891217347312],[-71.037143158382349,42.328889208393463],[-71.037054423696887,42.328886106302882],[-71.037006384490454,42.328881521902829],[-71.036913990068527,42.328872918265517],[-71.036822732913762,42.328861024590005],[-71.03681091198294,42.328859331754991],[-71.036720794790256,42.328842777300522],[-71.036633309661369,42.328821020807858],[-71.036621502205278,42.328817407343237],[-71.036537395640181,42.328788528176013],[-71.036495714709304,42.328773269397594],[-71.036454777583486,42.328758010615473],[-71.036448867567231,42.328757163864545],[-71.036444079546769,42.328754399803763],[-71.036403510730224,42.328739145001791],[-71.036362586180815,42.328721965579952],[-71.036279969920784,42.328691445994778],[-71.036228670728178,42.328676970853522],[-71.036223862944766,42.328676951594026],[-71.036220167275673,42.328676936983406],[-71.036215360390585,42.328676917723975],[-71.036211666518142,42.328676078941371],[-71.03620796815413,42.328676063666613],[-71.036203169353882,42.328674945953892],[-71.036199851875537,42.328673286983978],[-71.036196149019929,42.3286740938889],[-71.036192472215475,42.328671335801545],[-71.036188779241343,42.328670498347073],[-71.036185465356255,42.328668839377052],[-71.036181780466961,42.328666902140903],[-71.036179210386919,42.328664148702046],[-71.036175895603535,42.328662487739514],[-71.036174507706434,42.328649858843875],[-71.036173481830374,42.328638330391996],[-71.036173572560216,42.328625983742441],[-71.036177521554208,42.328591970838879],[-71.036184794314735,42.328558246809322],[-71.036194671291284,42.328522614078352],[-71.036204546471211,42.328486981327202],[-71.036220964979648,42.328416796954969],[-71.036216164382779,42.328415681230041],[-71.036212477696864,42.328414018268539],[-71.036208786519353,42.328413180146526],[-71.036190679178176,42.328411187780439],[-71.036172935654676,42.328410290551552],[-71.036154804058981,42.328411866513171],[-71.036136667971704,42.328413712108258],[-71.036094840615462,42.328418756778888],[-71.036052622492051,42.328426821211437],[-71.036011874012445,42.328436260374964],[-71.035855442287172,42.328486394908154],[-71.035784250800916,42.328512176753939],[-71.035741997643214,42.32852517625664],[-71.035700094828471,42.32854010170665],[-71.035617033902355,42.32857104839465],[-71.035592946476328,42.328577261240255],[-71.035507313673548,42.328605453804407],[-71.035422068044667,42.328630904869776],[-71.035255704545619,42.328673864767737],[-71.035186041991977,42.328692241609446],[-71.035117496044222,42.328709802907753],[-71.035046726766126,42.328728175090049],[-71.035003367782309,42.328740622665592],[-71.034958537358065,42.328751967137926],[-71.03487220476768,42.328774667366453],[-71.034798833070212,42.32879412735516],[-71.034711039819186,42.328814353729747],[-71.034623251958038,42.328833482975611],[-71.034568810458566,42.328843964742603],[-71.034478829809814,42.328859515051349],[-71.034388493428224,42.328873420338084],[-71.03425410725832,42.328892633244713],[-71.034011291738722,42.328921833796606],[-71.033886182470781,42.328936417132503],[-71.033844594066395,42.328858866208748],[-71.033791971655376,42.328873747083726],[-71.033724494702795,42.328896795929701],[-71.033692956649816,42.328910662689402],[-71.033661790499323,42.328924806382673],[-71.033542350499161,42.328973441616462],[-71.033382657889419,42.329013681726806],[-71.033298199184713,42.329033097809962],[-71.033212998471612,42.329052232302224],[-71.033142982880037,42.329068137861057],[-71.033108156993109,42.329076779326272],[-71.033073344580899,42.329083771792902],[-71.03303373247013,42.329089098658613],[-71.033012230395499,42.329096147573658],[-71.032992949854545,42.32910320312903],[-71.03297365943213,42.329111083514015],[-71.032908291723871,42.329148959953734],[-71.032840661159383,42.329192592245185],[-71.032773402497426,42.32923594956344],[-71.032733648452833,42.329260758176368],[-71.032698361730169,42.329281744810139],[-71.032627402009254,42.329325363063134],[-71.032599529980914,42.329343908398947],[-71.032565701223959,42.329367645756761],[-71.032531876060247,42.329390833885213],[-71.032464222139566,42.329437757344103],[-71.032435240691882,42.329456297333913],[-71.032363171551566,42.329499637867642],[-71.03229184801296,42.329542977043282],[-71.032153320609609,42.329621721192083],[-71.031927947677886,42.329742092209244],[-71.031798780719811,42.329805776148909],[-71.031783193153004,42.329812848227341],[-71.031744600630091,42.329830529416178],[-71.031706001818947,42.329849031436162],[-71.031619166172007,42.329888743021776],[-71.031496254183267,42.329956843116193],[-71.031368449071167,42.330035627257324],[-71.031300813116786,42.33007980681986],[-71.031232075827887,42.330123156885527],[-71.031228357700925,42.330125885688702],[-71.031157397081685,42.330169229745671],[-71.031120999143013,42.330190484374093],[-71.031084965022004,42.330211740323513],[-71.031066760662767,42.330223192779307],[-71.031048562591764,42.330233819753218],[-71.03101252218255,42.330255900503403],[-71.030976491654826,42.330277158423002],[-71.030905163624624,42.330320497727044],[-71.030842354318281,42.330362226555238],[-71.03077952704561,42.33040642315499],[-71.030766521236941,42.330414603550359],[-71.030732697869851,42.330437517683357],[-71.030697765083417,42.330460423174749],[-71.030630110264411,42.330506525008268],[-71.030571005610312,42.330547445503939],[-71.030513013070504,42.330588093692434],[-71.030402996397669,42.330661735594212],[-71.030347620650275,42.330698005975599],[-71.030290763580993,42.33073509384009],[-71.030220810871512,42.330791886769376],[-71.030182088092872,42.330827401333828],[-71.030163833427991,42.330845163257266],[-71.030144479225186,42.330861823440102],[-71.030113246599385,42.330884196836145],[-71.030083145850838,42.330903557886032],[-71.030060104962118,42.330918557814492],[-71.030038543598664,42.330933560395756],[-71.029943155990225,42.33097954566589],[-71.029774641924391,42.331061728687715],[-71.029654009859854,42.331120234019025],[-71.029646616725046,42.331120204134855],[-71.029639608967528,42.331117430216487],[-71.029635916891706,42.331116592130485],[-71.02963221762937,42.331116577520426],[-71.029628899252714,42.331115464499753],[-71.029625198193727,42.331115449225592],[-71.029619272906103,42.331116524392989],[-71.02961187348312,42.33111731665651],[-71.029605934720777,42.331120037447405],[-71.029565125155742,42.331137432708658],[-71.029534699217066,42.331150754418097],[-71.029504637994393,42.331164901592253],[-71.029485351165235,42.331171955587358],[-71.029466083200717,42.3311773652879],[-71.029456427209738,42.331182541227264],[-71.029454193997935,42.331184450494007],[-71.029450483057488,42.331186082833973],[-71.029446769422108,42.331187988116028],[-71.029444546990106,42.331188800965528],[-71.029440848626066,42.331188785691431],[-71.029438623499104,42.33118960318955],[-71.029434925135092,42.331189587915404],[-71.029432336190439,42.33118957728994],[-71.029429006135686,42.331189564008064],[-71.029420514361306,42.331187880533022],[-71.029412027976804,42.331185103297152],[-71.029403919783064,42.331181501257966],[-71.02939543968678,42.331177900546734],[-71.029386969471958,42.331173475031932],[-71.029368911538114,42.331164346410532],[-71.029358211704775,42.331160735072785],[-71.029347523549532,42.331156300923574],[-71.029343823388871,42.331156285649413],[-71.029340131313049,42.331155446899878],[-71.029335329817854,42.331154328567152],[-71.029332004254684,42.331154315285325],[-71.029327196471272,42.331154295362488],[-71.02932349631061,42.331154280088384],[-71.029314985671604,42.331155343965492],[-71.029306465151151,42.331156954391169],[-71.029294598406238,42.33116129689548],[-71.029282790950148,42.331157680908952],[-71.029265792130033,42.331155966220685],[-71.029214064441021,42.331149441505978],[-71.02919632001921,42.331148544980252],[-71.029179299639523,42.331149299390063],[-71.029161547132901,42.331149226339818],[-71.0291445159734,42.331151900642816],[-71.02912785402151,42.331154577602071],[-71.029111931383099,42.331156980954887],[-71.02909636807081,42.331161581791413],[-71.029037373011164,42.331187133428706],[-71.02894718664821,42.33122957425298],[-71.02881098857641,42.33129295319678],[-71.028550505890109,42.331407960478202],[-71.028450697672142,42.33145118345147],[-71.028385783613075,42.331477535199163],[-71.028097572628894,42.331591331509856],[-71.027972567565541,42.331640760923342],[-71.02793770754262,42.331653788999347],[-71.027745950467121,42.331727915765086],[-71.027623192090303,42.331773786231572],[-71.027499325192395,42.331819654672309],[-71.027406614563503,42.331853026316054],[-71.027068100618351,42.331967432241044],[-71.026808171294263,42.332057470080933],[-71.026775544483158,42.332068036977454],[-71.026579488070695,42.332123210997352],[-71.026529069227067,42.332139193477346],[-71.026436393632466,42.33216817271083],[-71.026349647817057,42.332195255976615],[-71.026278441957743,42.332221855779224],[-71.026215741347528,42.332248213844871],[-71.026178610383596,42.332267818192769],[-71.02614110572047,42.332287972393722],[-71.026080877273941,42.332329707885599],[-71.026039594296734,42.332360821385571],[-71.026002356433281,42.332394420521616],[-71.025967314950663,42.332431596372516],[-71.025952772124526,42.332447726199739],[-71.02593674438323,42.332464396583397],[-71.025914008921703,42.332487628727634],[-71.025889806511316,42.332508933706677],[-71.025863043004051,42.332527483416477],[-71.025835535691755,42.332546028472294],[-71.025782406630896,42.332577916180306],[-71.025749739395593,42.332593971593326],[-71.025714857813114,42.332609744105092],[-71.025681102717982,42.332623049564809],[-71.02564513686896,42.332635250660935],[-71.025577680577641,42.332654729377602],[-71.025533228344116,42.332664151304769],[-71.025496915745407,42.33267305525046],[-71.025271066706566,42.332705878578118],[-71.025232550540437,42.332564945406425],[-71.024722697327888,42.332642965912221],[-71.024761182951295,42.33278746765275],[-71.024696373995113,42.332798998664579],[-71.024633804538951,42.332807520747664],[-71.024573483565931,42.332812757647879],[-71.024481003804055,42.332814847493673],[-71.02433827048857,42.332811784777121],[-71.02417490107436,42.332798487326272],[-71.024088814622388,42.332786604354141],[-71.023998678565079,42.332772786262382],[-71.023953243574638,42.332765462167821],[-71.023907432190086,42.332758962190901],[-71.023878620523988,42.332754452449677],[-71.023850173573891,42.332749943372164],[-71.02375893079217,42.332735295840962],[-71.023668809107917,42.332719830828083],[-71.02360418520469,42.33270693910859],[-71.02352995292118,42.332692362623561],[-71.023515551130544,42.33268983448297],[-71.023470867131692,42.332680591196358],[-71.02342544471766,42.332671622172171],[-71.023415844422217,42.332669662480747],[-71.023406240533504,42.332667975060843],[-71.023298413055016,42.33264612492821],[-71.02322898945323,42.332631568351403],[-71.023144799344806,42.332614206043139],[-71.023057282774886,42.332596004335663],[-71.022968671158623,42.332576155709347],[-71.022964973692908,42.332576139771454],[-71.022876361178334,42.332556013554154],[-71.022787756748613,42.332535339465636],[-71.022614959515494,42.332497028101159],[-71.022532258813811,42.332478023488157],[-71.022449556315507,42.332459021525722],[-71.022406358130112,42.332449784181861],[-71.022362037948938,42.33244164389599],[-71.022317724954291,42.332432678822208],[-71.022227614948136,42.332415289231811],[-71.022164105854188,42.33240157930345],[-71.022100593166982,42.332388143637218],[-71.022030049366037,42.332375227942897],[-71.021959132764238,42.332363407978448],[-71.021900421572226,42.33235081435808],[-71.021840604554072,42.332337943149454],[-71.021707270311381,42.332314339064709],[-71.021653319292056,42.33230862464886],[-71.021599362882839,42.332303186490144],[-71.021555072346075,42.332291203148216],[-71.021509287910987,42.332281408615621],[-71.021452038277928,42.332271291338017],[-71.021394419437286,42.332261172730554],[-71.021346416163439,42.332251367567999],[-71.021297303470234,42.332241284153703],[-71.02120976084916,42.332226650449691],[-71.021154281795532,42.332227242146558],[-71.021099148593294,42.332230580485458],[-71.021042523289353,42.332235832043459],[-71.020984793057622,42.332240806679003],[-71.020847899689784,42.332247369797251],[-71.020819040412974,42.332249170786369],[-71.020802405410535,42.332248002666937],[-71.020791682221002,42.332247958173454],[-71.020785405692095,42.332246286016179],[-71.020780614078376,42.332244346897987],[-71.020774715740217,42.332241851943479],[-71.020744881791316,42.332225536120525],[-71.020632556448192,42.332162777041269],[-71.020567738508873,42.332126834233279],[-71.020503289777125,42.332090891404739],[-71.020448449425658,42.332055810536133],[-71.020392128650613,42.332021000594246],[-71.020323978859906,42.331985044423519],[-71.020247344481334,42.331946306381425],[-71.020170706509475,42.331908665384098],[-71.020112118386649,42.331879881936253],[-71.020072689532213,42.331861057768052],[-71.020034362910607,42.331843063037397],[-71.019957721345506,42.331805423306477],[-71.019934147755819,42.331792701405675],[-71.019896946723279,42.331773061049049],[-71.019859749283995,42.331752325607191],[-71.019784610600368,42.331711946462356],[-71.019718656292198,42.331679564898273],[-71.019640899019521,42.33164274521809],[-71.019562029632539,42.331605918875454],[-71.019545081118068,42.331597889383126],[-71.019467318455511,42.33156188980476],[-71.01938844817019,42.331525888213541],[-71.019309569800029,42.331490707416421],[-71.019249479694039,42.331465484626868],[-71.019169476633152,42.331432219696048],[-71.019087995843634,42.331398949434856],[-71.019037856376031,42.331378158086039],[-71.018956372891566,42.331345713925586],[-71.018874884017208,42.331313265763825],[-71.018846119063483,42.331302717999172],[-71.018764639172261,42.331269171407307],[-71.018682028302109,42.331238641104342],[-71.018659158991611,42.331230586993691],[-71.018616364149793,42.331216963139134],[-71.018574305926492,42.331203340609846],[-71.018490565874046,42.331175547665779],[-71.018478390108669,42.331171929023689],[-71.018437827580328,42.331156391904322],[-71.018395772051989,42.331142221484996],[-71.018312054457397,42.331111411537059],[-71.018301355522354,42.331107798868111],[-71.018217256143771,42.331078908134629],[-71.018132404875317,42.331051113143275],[-71.017977836255938,42.330999696295066],[-71.017830566448268,42.330961484937632],[-71.017741588319382,42.330941631146807],[-71.017652981194701,42.330921500421894],[-71.017643379102623,42.330919811626927],[-71.017599082277641,42.330908924443406],[-71.017554776469524,42.330898858080381],[-71.017467281459162,42.330879010246655],[-71.017462481760603,42.330877890580801],[-71.017457679367084,42.330877047842961],[-71.017414483876649,42.330866988115808],[-71.017370187949993,42.330856099594932],[-71.017280103096667,42.330836237137596],[-71.017191474412428,42.330818853082683],[-71.01714605289672,42.330809880472557],[-71.017101376084369,42.330800637573731],[-71.017096573690878,42.330799794834846],[-71.01705227147599,42.330789727790254],[-71.017007957583019,42.330780761152852],[-71.016919330695401,42.33076337575438],[-71.016897540261567,42.330759715914553],[-71.016807787784899,42.33074424709541],[-71.01671653242677,42.330732339163589],[-71.016685492938748,42.330728639476114],[-71.01659424656377,42.33071563378779],[-71.016548422602824,42.330711050185187],[-71.016502990307302,42.330703723194169],[-71.016439447077374,42.330694675524519],[-71.016394002205459,42.330688998151047],[-71.016347096672902,42.330680841698907],[-71.016259529797324,42.330669769854723],[-71.016024503569554,42.330645732151737],[-71.015735174182836,42.330613229172783],[-71.015739186957205,42.330572357863183],[-71.01570924790542,42.330569490282656],[-71.015706731724308,42.33056042200667],[-71.015700897166539,42.330549697465294],[-71.015696135197217,42.330543639549646],[-71.015691375024531,42.330537308688506],[-71.015685498245944,42.330532069606598],[-71.015679254954719,42.330526554258753],[-71.015672262468541,42.330522134010906],[-71.015660130720633,42.330512204390537],[-71.015648352010615,42.330505019493714],[-71.01563509377533,42.330497829283281],[-71.01561961580299,42.330490631102791],[-71.015604131542446,42.330484253085245],[-71.015588647281888,42.330478151332684],[-71.015571673614602,42.330472589493084],[-71.015543984842608,42.330466437267795],[-71.01551665629502,42.330461657737423],[-71.015481934612666,42.330456297118786],[-71.015446826654724,42.330452582804817],[-71.015418357246759,42.330451639118017],[-71.015388039105915,42.330450412524399],[-71.015354378333896,42.330451369493254],[-71.015319602752626,42.330452869032172],[-71.015284812798299,42.330456290477777],[-71.015250009369225,42.330461629845175],[-71.015222232562337,42.330466725487319],[-71.015194810589975,42.330473745691634],[-71.015171822701859,42.330481607310155],[-71.015116566430422,42.330501132516666],[-71.015060946341293,42.330520382115701],[-71.015035710868318,42.330531799318024],[-71.015024938271438,42.330538065097983],[-71.015015282280444,42.330543239097629],[-71.014981429268971,42.330569163545832],[-71.014931941079965,42.330608197960096],[-71.014927092872369,42.330613389220581],[-71.014921121770669,42.330620499725953],[-71.014921054397036,42.330629281102709],[-71.014937469312216,42.330658986227235],[-71.014971934076414,42.330698097621116],[-71.015019640007893,42.330746595343847],[-71.015033982509706,42.330757359033356],[-71.015086599530846,42.330792156392683],[-71.015133355943078,42.33082006904359],[-71.015148832118783,42.330827267850438],[-71.015039666150528,42.330932731604697],[-71.015032590121024,42.330939014611161],[-71.015006146413995,42.330963048217519],[-71.014980465376652,42.330984346407909],[-71.014944389933177,42.33101081124731],[-71.014908312693038,42.331037553002894],[-71.014846525669483,42.331088879503454],[-71.014763139553253,42.331159874408257],[-71.014694251347365,42.331221052620137],[-71.014655481856323,42.331260953933942],[-71.014644662547028,42.331273256236237],[-71.014636053093369,42.331286665577011],[-71.014627452622832,42.331298979163826],[-71.014624054296107,42.331308019441508],[-71.014620293948326,42.331315961310786],[-71.014617645714878,42.331323908491775],[-71.014615358604161,42.331332953414545],[-71.014615324468181,42.331337343721295],[-71.014615291230513,42.331341734691783],[-71.014615255297912,42.33134639793937],[-71.014615221161918,42.331350788245182],[-71.014616290157107,42.331356009328481],[-71.014617391491655,42.331357110391266],[-71.014619971453158,42.331357945153549],[-71.014621071889366,42.331359593427273],[-71.014622174122223,42.331360424869061],[-71.014624752287091,42.331361531244532],[-71.014625855418259,42.331362360029942],[-71.014636523810566,42.331369539516118],[-71.014640198818398,42.331373124278173],[-71.014396695189276,42.331634156568335],[-71.01438968833007,42.331631383336727],[-71.014382311364955,42.331628609440898],[-71.014374189696468,42.331626927305805],[-71.014366811833042,42.331624152745682],[-71.014362004049644,42.331624132823052],[-71.014358308380565,42.33162411688491],[-71.014353515868507,42.331622175755292],[-71.014350187610376,42.331622161809456],[-71.014346488348053,42.331622145871314],[-71.014343884132032,42.33162405645291],[-71.0143405558739,42.331624041842964],[-71.014337960641058,42.331624854686829],[-71.014330905272828,42.331628392284081],[-71.014323490578462,42.331631103755669],[-71.014317537443077,42.33163546880624],[-71.014282567825674,42.331661940012566],[-71.014250935449596,42.331687874625068],[-71.014157769374833,42.331779957587472],[-71.014067160803705,42.331875894767251],[-71.013983553701891,42.331975427153765],[-71.013942085671744,42.332029584542546],[-71.013902097166891,42.332083748525513],[-71.013869629357572,42.33212175333545],[-71.013837892776891,42.332160860499343],[-71.013810238140891,42.332198339309691],[-71.013788171924247,42.332230352041336],[-71.01376648928823,42.332260445561431],[-71.01372275301199,42.332320904167503],[-71.013703331435536,42.332345792581513],[-71.013679058956569,42.332375877413334],[-71.01365589769361,42.332405964222978],[-71.013608846633957,42.332464762491078],[-71.01358792487099,42.332492116573363],[-71.013544188594764,42.332552574956743],[-71.013501926453898,42.332613864707227],[-71.013458189279362,42.332674324965787],[-71.013378183523514,42.332786221846455],[-71.013317236424754,42.332872402231175],[-71.013309003365165,42.332884990434565],[-71.013268583668946,42.332947111281939],[-71.01324800955399,42.332977209107639],[-71.013227432744102,42.333007581845315],[-71.013212834222415,42.333030569409956],[-71.013192252022648,42.333061766900485],[-71.01317167341611,42.33309268745726],[-71.013131257313162,42.333153984650274],[-71.013109544134423,42.333187919382837],[-71.013088972714428,42.333218016429214],[-71.013050028051921,42.333280419177704],[-71.012969837243133,42.333416186944298],[-71.012862652060065,42.333599315049028],[-71.012780672705546,42.3337745887194],[-71.012756355310799,42.333810984142183],[-71.012752950695869,42.333820846835287],[-71.01275294440768,42.333821669611702],[-71.012752931831258,42.333823319148955],[-71.012752922848108,42.333824414856032],[-71.012754026877587,42.333825242280888],[-71.012754014301166,42.333826890489902],[-71.012755114737388,42.333827991509423],[-71.012755108449198,42.333828814285788],[-71.012758779863745,42.333832398243615],[-71.012798249142378,42.333846010242546],[-71.012813725318097,42.333853212023399],[-71.012738296478645,42.333994488285256],[-71.012727587662141,42.333992523322515],[-71.012680700994196,42.333981620733326],[-71.012610406924907,42.334080384787903],[-71.012578610157107,42.33412744818569],[-71.012544454413373,42.334192340924737],[-71.012498275617872,42.33428132835688],[-71.012479802662384,42.334326526924997],[-71.012462810130458,42.334372009013876],[-71.012418689375281,42.334482407415685],[-71.012331628251204,42.334693061515786],[-71.012231694269104,42.334894879677954],[-71.012170830713671,42.335017556154064],[-71.012155153315319,42.335036150943615],[-71.012137995493404,42.335055013340614],[-71.01212939142961,42.335067325525607],[-71.012127138454872,42.335071706939011],[-71.01212450908605,42.335077182045232],[-71.012121159268347,42.335079636380115],[-71.012104043667236,42.335093011706782],[-71.011975095898094,42.335171768828928],[-71.011901487943703,42.335220575869762],[-71.011850451059161,42.335268380157764],[-71.011760922262994,42.335367061841715],[-71.011676087164204,42.335480584168025],[-71.011636033980622,42.33554270643603],[-71.01159708752148,42.335605106213876],[-71.011590719364435,42.335615782081923],[-71.011542164525011,42.3357250646973],[-71.011516182552057,42.335784774251223],[-71.011477550503258,42.335854036678427],[-71.011425132908116,42.335936686793403],[-71.011401976136725,42.335965950479405],[-71.011376604119832,42.335994381443115],[-71.011362087344835,42.336006668874681],[-71.011346448574074,42.336020047324354],[-71.011314831469321,42.336043237648646],[-71.011278723686473,42.336073269580666],[-71.011241133683413,42.336103296185975],[-71.011207269892154,42.336130043744831],[-71.01117009850401,42.336153760612518],[-71.011148221831888,42.336160800767331],[-71.011124134405861,42.336167010207106],[-71.011104871831236,42.33617131916354],[-71.011090424226509,42.336174003877673],[-71.01108449085406,42.336175897055909],[-71.011060364800457,42.336187319872025],[-71.010971248331018,42.336232219580616],[-71.010743243335511,42.33634979363466],[-71.01042768224417,42.336501848243884],[-71.010072255717176,42.336643576076092],[-71.00951355840769,42.336669733078168],[-71.009435838864249,42.336914451356293],[-71.009403276731831,42.337250190484482],[-71.009449573206638,42.337480343080969],[-71.009476405884186,42.337597359012513],[-71.009500703515982,42.337707775657293],[-71.00954836273506,42.337905828437684],[-71.009607859952951,42.338151131554639],[-71.009634386304981,42.338259912414607],[-71.00965410073222,42.338341221372986],[-71.009655529951829,42.338347265257219],[-71.009655468866399,42.338355222838018],[-71.009655405085994,42.338363454656822],[-71.009653866271933,42.338371406923457],[-71.009645535295974,42.338396342080372],[-71.009635739167805,42.338419352243882],[-71.009627086594989,42.338437973252262],[-71.009624793196068,42.338447843851945],[-71.00962322383927,42.338459361209637],[-71.009626844049876,42.338469257038554],[-71.009630462463832,42.338479972925327],[-71.009634097945778,42.338487945761706],[-71.009646891752055,42.338507758657499],[-71.009712343901967,42.338605181599142],[-71.00975988903501,42.338674808119528],[-71.009887935793913,42.338857013871838],[-71.010119857444096,42.339190314350667],[-71.010088287051758,42.339207193437652],[-71.009942319801226,42.339285052317649],[-71.009588638700833,42.338912816066582],[-71.009530761145385,42.33893589509826],[-71.009952321643595,42.339378670627376],[-71.010009126610584,42.339351196035103],[-71.009995944732111,42.339334127744877],[-71.010132207482613,42.339267203800745],[-71.010173386255232,42.339251188603782],[-71.010219147334126,42.339216808273513],[-71.010485678377236,42.339236602347405],[-71.010860839094406,42.339462666696889],[-71.01097971854584,42.339635229499741],[-71.010797029963143,42.339822422440982],[-71.010966700160736,42.339931811290171],[-71.010948405071673,42.3399539623396],[-71.012343250654354,42.340864345129873],[-71.012380313346341,42.340854624307418],[-71.014192431768393,42.342007411740553],[-71.0214115233603,42.341883470075025],[-71.021435152645523,42.341938724456995],[-71.025125496511393,42.341854139424925],[-71.025085539447545,42.341559259194874],[-71.02518433346755,42.341555001734363],[-71.025206875791298,42.341557837606828],[-71.025221288361706,42.341559819596696],[-71.025223870119845,42.341560652895623],[-71.025226085365333,42.341561484202607],[-71.025228666225132,42.341562317501513],[-71.025230880572309,42.341563425025448],[-71.025233454245594,42.341565082327421],[-71.025234550190262,42.341567009206472],[-71.025236759147532,42.341568663852428],[-71.02523933102421,42.341570593387345],[-71.02524153189664,42.341573074692121],[-71.025245210497729,42.341575834869658],[-71.025263285499577,42.341582218402287],[-71.025283583831737,42.341588615213908],[-71.025366324059291,42.341604046838718],[-71.025450196164101,42.341616743515402],[-71.025632769762439,42.341637254598815],[-71.025789924631511,42.341643938245205],[-71.025913813987287,42.341647194414428],[-71.026043283677609,42.341646081580123],[-71.026059203621074,42.341644226413514],[-71.026079562140353,42.341642664727118],[-71.026109540718025,42.341640043324809],[-71.026133602092898,42.341637399346951],[-71.0261576814341,42.341633108028653],[-71.026198467642942,42.341619829042543],[-71.02623963563579,42.34160490736032],[-71.026274504641847,42.341591603800921],[-71.026308279499901,42.341576650904813],[-71.026315346546241,42.341571467189091],[-71.02632278369849,42.341566007919923],[-71.026329849846505,42.341560824203313],[-71.026335817354948,42.341554535618144],[-71.026340684427154,42.341546599689636],[-71.026347023838113,42.341539490419542],[-71.026351900791795,42.341530453604491],[-71.026355291931978,42.341522511697086],[-71.026359069347762,42.341511824216113],[-71.026361738242443,42.341501131421452],[-71.026362935696739,42.341489613956909],[-71.026369100834529,42.341456708895713],[-71.026382630361027,42.341428225954836],[-71.026394674074041,42.341400559038505],[-71.026401095231691,42.341382750961188],[-71.026403350901376,42.341377545981935],[-71.026404502541553,42.341372061464511],[-71.026408247617979,42.34136604111049],[-71.026410864410408,42.341362484141371],[-71.026413110198618,42.341358925180117],[-71.026415355088517,42.341355366882603],[-71.026419079503682,42.34135181721674],[-71.026425020062646,42.341349096204482],[-71.026429848507291,42.341346372536179],[-71.026436147494081,42.341344751747663],[-71.026442086256424,42.341342030735106],[-71.026449119166784,42.341341237272388],[-71.026519081757741,42.341334391581363],[-71.026689675423455,42.341324392621559],[-71.026696706537194,42.34132442183693],[-71.02678919438388,42.34132205738382],[-71.026881678637338,42.341320792491025],[-71.026962297942504,42.341322769840488],[-71.026964510493045,42.341323601814608],[-71.026983746118233,42.341323680828914],[-71.027045127103278,42.341326678060284],[-71.027059532487172,42.341329480079743],[-71.027072827553397,42.34133200521709],[-71.027087220360869,42.341336729474584],[-71.027100138134642,42.34134034885976],[-71.027114521958978,42.341345622232609],[-71.027127799058874,42.341351165847058],[-71.027141073463824,42.341356434571075],[-71.027144372077558,42.341360837457856],[-71.027148041695497,42.34136442098643],[-71.027151716703315,42.341368001858918],[-71.027153898711134,42.341372676314812],[-71.027157564735802,42.341377081856336],[-71.027174425215378,42.341397733118747],[-71.027212576665491,42.341440422686709],[-71.027221779007277,42.341446771705911],[-71.027231346065051,42.341453122716416],[-71.027240924800907,42.341458374832293],[-71.027251985757019,42.341463087792519],[-71.027261583357514,42.341465596324909],[-71.027269700534418,42.341468375098728],[-71.027279303524807,42.341470333188035],[-71.027306992296801,42.341477582566583],[-71.027342791957494,42.341488155848147],[-71.027360876840802,42.341493720697521],[-71.027378966215693,42.341498185325136],[-71.027397069065302,42.341501001280648],[-71.027414804503934,42.341503819227974],[-71.027432924421547,42.34150471627008],[-71.027446232064165,42.341505594056606],[-71.027458074554545,42.341504819851522],[-71.027470279065994,42.341504870314303],[-71.027477316467952,42.341504076189693],[-71.027484719484193,42.341503011159659],[-71.027488059420421,42.34150137510354],[-71.027492884271808,42.341499476773727],[-71.027496595212256,42.341497846029377],[-71.027502533974584,42.341495125687437],[-71.027509954957154,42.341492410657253],[-71.027525506591346,42.341490005043447],[-71.027541054632309,42.341488147880348],[-71.027558075910292,42.341487396250479],[-71.027568807184679,42.341486617397308],[-71.027579535764104,42.341486661220245],[-71.027582124708758,42.341486671843967],[-71.027584345344152,42.341486681139756],[-71.027586926203966,42.341487514439656],[-71.027590257157044,42.341487528383304],[-71.027592837118533,42.341488361019195],[-71.027595054160656,42.341489192991077],[-71.027596522906151,42.341490297196387],[-71.02759983768955,42.341491957156222],[-71.027602408667889,42.341494712689489],[-71.027604605947076,42.341497463574676],[-71.027607183213618,42.341499123534327],[-71.027608273768365,42.341501869107503],[-71.027611934403168,42.341507101299761],[-71.027614111919405,42.341512597093178],[-71.02761777255418,42.34151782530067],[-71.027618839752748,42.341523319765152],[-71.027624485664305,42.341559837524244],[-71.027620492652858,42.34164900642206],[-71.027623695146858,42.341665757364453],[-71.027628377166124,42.341682789830728],[-71.027644180328593,42.341696299869199],[-71.027646387489241,42.341697957831663],[-71.027668170736575,42.341703533950145],[-71.027683686438152,42.341706066376247],[-71.027748335494223,42.341717034688408],[-71.027897137827765,42.341752497268914],[-71.027911538720076,42.34175612260605],[-71.02809738937259,42.341783505182114],[-71.028195657878143,42.341800097397325],[-71.028725485131034,42.341781690522431],[-71.028941939588634,42.341772974445036],[-71.028995962473189,42.341770450653335],[-71.029023710534005,42.341769739529731],[-71.029024945717509,42.341752732982265],[-71.02908125301785,42.341741436669558],[-71.029197794154598,42.341738346500591],[-71.029247030815327,42.341733061209005],[-71.029255547742537,42.341731447734233],[-71.029264077246154,42.341728740682001],[-71.029272602258203,42.3417260303098],[-71.029280769740751,42.34172249660039],[-71.029288191621646,42.341718959570876],[-71.029297861985668,42.341711862935938],[-71.029307545824437,42.341703121617527],[-71.029317220680042,42.341695205627218],[-71.02932579599775,42.34168618410613],[-71.029332897180069,42.341676335926216],[-71.029347484023646,42.341654990893936],[-71.029362071765547,42.341632822516218],[-71.029372963838355,42.341610639523012],[-71.029388792153668,42.34157146320517],[-71.029401301194,42.341530629560133],[-71.029418794087533,42.3414165444727],[-71.029422644266845,42.341247248724251],[-71.029423411428098,42.340994244123571],[-71.029426914857709,42.340822202963331],[-71.029428672860718,42.34073494983766],[-71.02943284194194,42.3406718513179],[-71.029435537786114,42.340607650505994],[-71.029429359173591,42.340493469456646],[-71.029439728426908,42.340391981804025],[-71.029445404881201,42.340275380758889],[-71.029490043065991,42.340241534842292],[-71.029630600661847,42.340241287171374],[-71.029925074700188,42.340235358340657],[-71.030239514694031,42.340230331881692],[-71.030407838317032,42.340226627440963],[-71.030411768446399,42.34034519002082],[-71.030411679513179,42.340506543506422],[-71.030417988381444,42.340653651278501],[-71.030422780893474,42.340805147024248],[-71.030423784311637,42.340819419512989],[-71.030424155315856,42.340919032696021],[-71.030421729864599,42.340946738999648],[-71.030421604100454,42.340963750413017],[-71.030420351848946,42.340983230534036],[-71.030421353470473,42.340997503646349],[-71.030423467206347,42.341011779411424],[-71.030426010336924,42.341018101250306],[-71.030429656598642,42.341025253074669],[-71.030436587101065,42.341038452507732],[-71.030442267148615,42.341070582249429],[-71.030445810104098,42.341091177173496],[-71.030449357551134,42.341111772090812],[-71.030450389715412,42.341122204004456],[-71.030451478473552,42.341124952914043],[-71.030451457812291,42.341127695183573],[-71.030452549265348,42.341130444092919],[-71.030452530400737,42.341132912799289],[-71.030451393133575,42.341136476421234],[-71.030450263052941,42.341139216698352],[-71.030449106921196,42.341145523916737],[-71.030444153610716,42.341164984725822],[-71.030442508795417,42.34118748194215],[-71.030442443218405,42.341196262507474],[-71.030442422557144,42.341199006765876],[-71.030442404590858,42.341201476133541],[-71.030442383929596,42.341204219727729],[-71.030441234086041,42.341209702267854],[-71.030438973924788,42.341214906597052],[-71.030435245018055,42.341219282270202],[-71.030431498144978,42.341225578856793],[-71.030428124072785,42.34123187809864],[-71.030428605569782,42.34131639823331],[-71.030428793317668,42.341440431982505],[-71.030429699717786,42.341467875782641],[-71.030431110971094,42.341476939166007],[-71.030432164694929,42.341484900998672],[-71.030433259741258,42.341486825224301],[-71.030434356584223,42.341488475224438],[-71.030435460613717,42.341489304540396],[-71.030436923070994,42.341491230757818],[-71.030438029795405,42.341492058081805],[-71.030439126638385,42.341493711401739],[-71.030441705701577,42.341494818262888],[-71.030442808832746,42.341495645586818],[-71.030458319144429,42.341499276914625],[-71.030488230348439,42.341505710917751],[-71.030504127834021,42.341507421339962],[-71.030505237253408,42.341507425987821],[-71.030506352062673,42.341506607959836],[-71.030507461482031,42.341506612607752],[-71.030508939210677,42.341506618583608],[-71.03051005222332,42.341506623231474],[-71.030512270163769,42.341506631863254],[-71.030513741604196,42.341507460515025],[-71.030514851921893,42.341507465162891],[-71.03051595954463,42.34150746981075],[-71.030517065370745,42.341508297134517],[-71.030518543997687,42.34150830311038],[-71.030519645332248,42.341509403331472],[-71.030524389335255,42.341518204435317],[-71.030528033800366,42.341525354874861],[-71.030528027512148,42.34152617755047],[-71.030529129745005,42.341527281755127],[-71.030529124355127,42.341528104430765],[-71.030529111778705,42.341529749781962],[-71.030530213113238,42.341530853986555],[-71.030531316244407,42.341531681310009],[-71.030533900697492,42.341532514609305],[-71.030536104264868,42.341534445473279],[-71.030538689616279,42.341535279436528],[-71.030542010687867,42.341536115391719],[-71.030544595140938,42.341536948026963],[-71.030546814878008,42.341536957322695],[-71.030550506055505,42.341538068830992],[-71.030553093203523,42.341538079454715],[-71.030584158742698,42.341539031606992],[-71.030602287643433,42.34153827997774],[-71.030621522370296,42.341538358991777],[-71.030670723996721,42.34153746327808],[-71.030722508279595,42.341537674424835],[-71.030733226977574,42.341538814484409],[-71.030743944777228,42.341539684302674],[-71.030754659881936,42.341541373476474],[-71.030765366901804,42.341544160214788],[-71.030776376653918,42.341555730788002],[-71.030788103261642,42.341570871596268],[-71.03095281206393,42.341556451209804],[-71.030976866252303,42.34155490213687],[-71.031118555725428,42.341551913548173],[-71.031123365305447,42.341551932803661],[-71.031421180178342,42.341545188725021],[-71.03154026983556,42.341547320111594],[-71.031858427956365,42.341540660358291],[-71.032070059359214,42.341533563039228],[-71.032087701373072,42.34154872510031],[-71.032130980406819,42.341548901055901],[-71.032474604867616,42.34154947672944],[-71.032475556183499,42.341570884211919],[-71.033408934509794,42.341552175821548],[-71.033409091714972,42.341530773644529],[-71.033768315420687,42.341523449241976],[-71.033754598146302,42.341075281294977],[-71.033745165835811,42.340748968033537],[-71.033743335069261,42.340696547189303],[-71.033740233186577,42.340615309003809],[-71.033735127162515,42.340505797840777],[-71.033735862882736,42.340405917076907],[-71.033907493204268,42.340404966899484],[-71.033911108024981,42.340416505146578],[-71.033986542254326,42.340419555540812],[-71.034225548018824,42.340411469406142],[-71.034267682598909,42.340416029725965],[-71.03439751520861,42.340415734248054],[-71.034493324126927,42.340414473320969],[-71.034638705675874,42.340412319984168],[-71.034636708720996,42.340382123461481],[-71.034681122326944,42.340378738411573],[-71.034775844283786,42.340373632284575],[-71.034779500426978,42.340379960163624],[-71.034870887837471,42.340376762360393],[-71.034916397388074,42.340375024019629],[-71.034935641098087,42.340373456325693],[-71.034953781676947,42.340370784406822],[-71.03497193573051,42.340367290460989],[-71.034989719678194,42.340362971168148],[-71.034999363092766,42.340359445350074],[-71.035010486930943,42.340355922187833],[-71.035013829562118,42.340354013863525],[-71.035018649921909,42.340352387737425],[-71.035022357269099,42.34035157965436],[-71.035027174933973,42.340349676641885],[-71.035031989005574,42.340348873206736],[-71.035036805772137,42.340348069771572],[-71.035041622538685,42.340346992106063],[-71.035046432118719,42.340347011361928],[-71.035051247088646,42.340346207926743],[-71.035056055770355,42.340346227846617],[-71.035060854570588,42.34034706979358],[-71.035065662354,42.340347089049438],[-71.035070462052573,42.340348205890734],[-71.0350752662427,42.340349048501686],[-71.035078959216833,42.340349886464601],[-71.035083755322134,42.340351827988854],[-71.035088557715653,42.340352669935733],[-71.035091873397363,42.340354329261594],[-71.035096666807718,42.340356270785705],[-71.035096647044782,42.34035901375276],[-71.035096635366699,42.340360661126532],[-71.035096620993642,42.340362580738606],[-71.035096608417234,42.34036422944024],[-71.035096588654298,42.340366971078993],[-71.035096515890757,42.3403768519998],[-71.035099796538177,42.340433665438297],[-71.035102256125413,42.340451514288091],[-71.035104349200026,42.340468536459404],[-71.035109024931089,42.340486391275199],[-71.035114917879355,42.340489982821587],[-71.035121187221719,42.3404927530066],[-71.035128196775872,42.340495250289806],[-71.035134096012342,42.34049801914658],[-71.03514147746904,42.340499967306208],[-71.035148489718139,42.340501643892033],[-71.035164044047278,42.340549727690906],[-71.035152226709727,42.340647918364567],[-71.035151664364349,42.340724476692259],[-71.035155858598415,42.340808191423704],[-71.035129581079744,42.340810003455523],[-71.03514678561406,42.341237605647457],[-71.035153751150759,42.341447832752984],[-71.035155010588795,42.341578183377649],[-71.035164990871593,42.341679755433319],[-71.035392170315362,42.341670794996361],[-71.035458358185508,42.341673804826847],[-71.035474880000208,42.341690611537118],[-71.035518854330007,42.341747043991298],[-71.035558132267482,42.341788089305737],[-71.035562941847516,42.341788109225156],[-71.035564423169419,42.341788115200984],[-71.03587891346892,42.341777037344343],[-71.035915159592321,42.341777183420149],[-71.035972910485313,42.341771104010647],[-71.035974031582782,42.341769461985663],[-71.035975155375212,42.341767544408526],[-71.035975167053294,42.341765898399551],[-71.035976296235617,42.341763158149789],[-71.03597631060866,42.34176123990845],[-71.035976322286757,42.341759591907397],[-71.035976342948018,42.341756849001385],[-71.03597785660925,42.341752465397825],[-71.03597899836798,42.341748079138036],[-71.035981251342719,42.341743421309616],[-71.035986103143586,42.341737404311068],[-71.035990952249477,42.341731937088539],[-71.035997276389082,42.341726749401715],[-71.036003234914361,42.341721283506196],[-71.036010301960687,42.341716099138395],[-71.036017732824732,42.341711738107357],[-71.0360247962778,42.341707103515596],[-71.036033326679743,42.341703569805127],[-71.036040753052191,42.341700031446614],[-71.036048914246535,42.341696497071808],[-71.036057441953545,42.341694062914563],[-71.036061144809139,42.341692978632281],[-71.036103049420504,42.341678878977142],[-71.036147889726237,42.341667534180502],[-71.036192340163126,42.341658932292162],[-71.036237887442979,42.341651981726535],[-71.036250107225783,42.341650110624563],[-71.036296737873869,42.341646730954764],[-71.03634261753038,42.341645270193716],[-71.036435091004037,42.341644817357782],[-71.036439900584085,42.341644837277236],[-71.036485369710505,42.341648588777225],[-71.036530847820075,42.341651242714313],[-71.036623279072913,42.341657101693336],[-71.036699189409362,42.341645882385421],[-71.036860309442105,42.341616073556985],[-71.036883281160542,42.341610951594852],[-71.036926643737615,42.341599328577153],[-71.036971115734062,42.341587980446235],[-71.037058920663213,42.341568848439742],[-71.037104455366631,42.341563545870351],[-71.037150352989457,42.341559340864812],[-71.037195860743438,42.341557878109789],[-71.037242836344575,42.341558067345005],[-71.037381851533127,42.341566584257293],[-71.037384442274401,42.341566594881009],[-71.037386661113146,42.341566603512781],[-71.037433611561468,42.341570357009374],[-71.037479086077781,42.341573286502694],[-71.037570381860107,42.341582434196745],[-71.037635034509435,42.341593397882612],[-71.037667540047991,42.341599837851966],[-71.037700050976426,42.341605182249175],[-71.037732229528217,42.341605311725822],[-71.037764790762324,42.341603797181193],[-71.037828416637268,42.34160295724304],[-71.037983390396818,42.341604675630386],[-71.037980708027391,42.341617835766819],[-71.038072066691782,42.341618202949178],[-71.038247427716712,42.341613694507231],[-71.038522661638282,42.341609311557633],[-71.038742397641627,42.341606627075599],[-71.038934711672596,42.341610964874533],[-71.038935717785705,42.341611068455805],[-71.038985021820082,42.341561554584828],[-71.038986529193139,42.34155601430885],[-71.039022347718443,42.341411818229261],[-71.039086401191469,42.341199955603294],[-71.039135883092271,42.341008616831751],[-71.039226850989522,42.340707128570088],[-71.039255332973923,42.340605438080402],[-71.039309638827788,42.340411373126827],[-71.039361680927158,42.340172841645682],[-71.039576884929872,42.339978598068996],[-71.039585405450339,42.339976986541188],[-71.039635819802399,42.339962095677123],[-71.039673273261528,42.339948799738124],[-71.03969144528142,42.339942560127731],[-71.039709244500443,42.339936321844696],[-71.039734798875344,42.339932034394273],[-71.039758875521585,42.339926916943035],[-71.039778154265889,42.339920681314446],[-71.039784092129921,42.339917960240264],[-71.039791133125121,42.339916342734938],[-71.039797063802638,42.339914444357269],[-71.039805576238251,42.339913655524569],[-71.039812977457899,42.339913684740601],[-71.039821114397725,42.339913717276637],[-71.039829612460323,42.339914574501407],[-71.039832203201613,42.339914585125399],[-71.039834415752139,42.339915419110142],[-71.039837006493414,42.339915429734134],[-71.039839216349037,42.339916535295096],[-71.039841804395365,42.339916545255079],[-71.039845134450104,42.339916558535116],[-71.039847725191393,42.339916569159108],[-71.039849942233502,42.339916577791108],[-71.03985254016132,42.339915492150212],[-71.039856237627035,42.339915506758224],[-71.039858465448944,42.339914690037489],[-71.039861058885151,42.339913877300766],[-71.039863298385143,42.339911144274268],[-71.039867021901998,42.339907591206867],[-71.039869267690207,42.339904032163261],[-71.039871880889393,42.339900475111435],[-71.039874126677603,42.339896918059416],[-71.039876749758221,42.33989253631816],[-71.039885976354512,42.339793784047345],[-71.039892520581347,42.339707374106162],[-71.039872606728125,42.339648295095884],[-71.039857400945337,42.339552190491119],[-71.039852236530749,42.339448717270841],[-71.039858444787697,42.339408675734305],[-71.039889450139711,42.339316050823584],[-71.039889502242005,42.339308916068987],[-71.039889554344285,42.33930178396961],[-71.039891824387027,42.339294657845542],[-71.039900522773905,42.339268074314468],[-71.039912546723983,42.339242326757876],[-71.039921184025431,42.339224524709458],[-71.039923869089833,42.33916032308376],[-71.039921272958651,42.339059603530579],[-71.039918368705329,42.338950103602301],[-71.039916616092214,42.33883511808056],[-71.039916401394876,42.338712180126059],[-71.039911307048882,42.338598830300981],[-71.039906017768487,42.338512368252516],[-71.039901694177047,42.338445669863297],[-71.039929044284165,42.338448523804388],[-71.039954689388907,42.338431612640981],[-71.039960475437653,42.338449472683315],[-71.039964191767979,42.338447565629203],[-71.039965319153666,42.338445101465496],[-71.039965344306509,42.338441533706899],[-71.039966479777021,42.338437969932166],[-71.039969101959315,42.338433317170654],[-71.03997392411577,42.338431689666876],[-71.039978735492426,42.33843088620722],[-71.039983543275824,42.338430905463667],[-71.039989461376919,42.338430929368265],[-71.039993148961159,42.338432590736929],[-71.039996462846261,42.338434522360117],[-71.040000144142283,42.33843700910078],[-71.040003818251805,42.338440590139967],[-71.040006010141084,42.338444165202773],[-71.040008567644705,42.338448842532095],[-71.04000963035169,42.338454881757897],[-71.04000847152497,42.338462013289259],[-71.040006951575521,42.338467493412416],[-71.040004687820996,42.338473524668245],[-71.040002417778268,42.338480647565341],[-71.040000877167557,42.338488874055614],[-71.040000825963588,42.338496007575195],[-71.040005478338443,42.338517430705643],[-71.040012730437724,42.338537766836062],[-71.040026945378784,42.338566361976703],[-71.040039675404671,42.338595775170283],[-71.040051610421557,42.338633416813536],[-71.040064647671258,42.338671611557629],[-71.040071525173076,42.338692220547749],[-71.04007876828922,42.338713654899522],[-71.040086223407769,42.338807257459671],[-71.040090340386712,42.338902495340243],[-71.040089989145429,42.338950790189429],[-71.040089645988985,42.338997986728522],[-71.040093686611129,42.339103925492466],[-71.040097194532308,42.339129734858552],[-71.040099681069023,42.339144012375677],[-71.040100698860229,42.339156639828218],[-71.040098038050374,42.339166235415583],[-71.040095741956506,42.339176927279318],[-71.040091969930629,42.339186791122913],[-71.040084716034713,42.339218043328259],[-71.040076914166448,42.339273994604291],[-71.040072721729032,42.339341756517555],[-71.040084464506435,42.339405189703065],[-71.040104201391543,42.3394889672795],[-71.040112600639432,42.339504091985276],[-71.040122116493251,42.33951757725972],[-71.04013274625801,42.339530789625329],[-71.04014337781939,42.339544278878087],[-71.040156602817007,42.339556954722589],[-71.04016724785312,42.339567700968217],[-71.040180486325454,42.33957845385202],[-71.040193736475899,42.339587288426372],[-71.040206618317058,42.339596120343479],[-71.040222087306276,42.339605240437031],[-71.040230570097492,42.339608838673797],[-71.040239048397154,42.339612440894356],[-71.040248653184165,42.339614125471918],[-71.040258247191403,42.339617729684171],[-71.040267851080102,42.339619690487105],[-71.040279680095779,42.339620562323972],[-71.040291884607214,42.339620610796274],[-71.040303726199298,42.339619833911911],[-71.040315937897262,42.339619060347616],[-71.040327785777549,42.339617186529132],[-71.040344813343751,42.339615608192261],[-71.040362591901527,42.339612111548497],[-71.040379636535746,42.339608612248476],[-71.040395206136253,42.339603187337076],[-71.040411890546011,42.339598040642855],[-71.040483182643584,42.339559906221893],[-71.040596461997566,42.339496149157966],[-71.040658144816547,42.33945715346016],[-71.040717263843703,42.339414855637116],[-71.040753372524861,42.339382893042959],[-71.040786160134431,42.339350096440263],[-71.040799578269826,42.339335880722608],[-71.040810414647098,42.339320555446221],[-71.040820143401618,42.339305504401018],[-71.040829869461206,42.339290449368214],[-71.040835924106219,42.339271814004114],[-71.040838575932938,42.339262767567028],[-71.040840863043641,42.339253995363812],[-71.040850599883015,42.339237021336309],[-71.040861440751854,42.339221148229328],[-71.040882406532276,42.339186383421811],[-71.04089062791374,42.339174890101596],[-71.040900316244091,42.33916505082442],[-71.040910010862646,42.339154386183083],[-71.040922286340987,42.339144831762454],[-71.0409330831924,42.339134995136597],[-71.040946462700248,42.339125993168487],[-71.040956118691227,42.339120819210834],[-71.040965782767046,42.339114544989826],[-71.040976546380776,42.339109374351274],[-71.040987307299588,42.339104753511876],[-71.040998061930154,42.339100405579927],[-71.041010296086029,42.339096886995186],[-71.041029557762343,42.33909257292715],[-71.041045107599913,42.339090713037159],[-71.041061760568638,42.339089956730589],[-71.041077656257585,42.339090842518978],[-71.041092062539803,42.339093645302093],[-71.041102746203478,42.339099177162915],[-71.041113436155356,42.33910443412347],[-71.041141084503181,42.339117166497424],[-71.041173162443656,42.339131561546928],[-71.041206714519532,42.339145967217313],[-71.041245053717532,42.339163682302924],[-71.041281155212175,42.339183583962885],[-71.041317546862643,42.339218968291341],[-71.041366738607607,42.339266797428209],[-71.04140860459141,42.339307853657786],[-71.041448990151636,42.339349174799217],[-71.041487226941712,42.339381158658725],[-71.041528051778116,42.339413427360519],[-71.041550522236619,42.339426139087671],[-71.041574486593461,42.339436937812103],[-71.041599936763774,42.33944691781587],[-71.041625021319788,42.339455798889134],[-71.041647525914257,42.339463846634381],[-71.041671520813821,42.339470255613612],[-71.041696991645395,42.339477487958632],[-71.041722113032321,42.339481979289673],[-71.041748351923431,42.33948482853571],[-71.041776080221325,42.339486584829224],[-71.041802336180439,42.339487788670461],[-71.041848210447043,42.339486049641103],[-71.041870791398367,42.339483394284592],[-71.041894840196818,42.339482667198965],[-71.041909265343662,42.339482724967411],[-71.041923685998924,42.33948360543824],[-71.041938095874386,42.339485584837526],[-71.041952511139741,42.339487288010609],[-71.04197169556096,42.339493677067303],[-71.041981273398505,42.339499201588907],[-71.041989731036921,42.339506371514119],[-71.041996701065216,42.339514357500491],[-71.042002922796854,42.339523162867643],[-71.042012072138036,42.339536644817954],[-71.042051709401633,42.339579613203256],[-71.042010382407,42.339616765550765],[-71.041991189002616,42.33961147476888],[-71.041973453563983,42.339608662712777],[-71.041957556976712,42.339607776931686],[-71.041945714486303,42.339608552488158],[-71.041932385284127,42.339610144769281],[-71.0419264537083,42.33961204315608],[-71.041913086776887,42.339619123427951],[-71.041904913904418,42.339624302656624],[-71.04188300040137,42.339636841036274],[-71.041828873312241,42.339653638330986],[-71.041772181533005,42.339667680672001],[-71.041718089478152,42.339679814001101],[-71.041663996525003,42.339691947327914],[-71.04161582526622,42.339704377461565],[-71.041570208816097,42.339721207938382],[-71.041542377211954,42.339733446833563],[-71.041516011658359,42.339747611333188],[-71.041489271507302,42.339762596536353],[-71.041465107724477,42.339779513317787],[-71.041418239921157,42.339815824257187],[-71.041374680613018,42.339854892772699],[-71.041338147028739,42.339893985167969],[-71.04130087592759,42.339933079530915],[-71.041218533653719,42.340015621364905],[-71.041182448328755,42.340044017297743],[-71.041143789330491,42.340070479652958],[-71.041102550370752,42.340095285984326],[-71.041050951140832,42.340120875160032],[-71.040998982703329,42.340146461005325],[-71.040960354247787,42.340168535619433],[-71.040921706029337,42.340193353200064],[-71.040886699581023,42.34022614272294],[-71.040853891310221,42.340261683167981],[-71.040812901183799,42.340303503671912],[-71.040775225840775,42.340346986130101],[-71.040766980204793,42.340362046221898],[-71.040760577013444,42.340378211198981],[-71.040754554707775,42.340392454568878],[-71.040750739562768,42.340408357923941],[-71.040750641646412,42.340421801172724],[-71.040750546424974,42.340434973508664],[-71.040753034758325,42.340448429367683],[-71.040754967034502,42.340488500121872],[-71.040756989142196,42.340566168177141],[-71.040754268145207,42.34058481510948],[-71.040749317529674,42.340604279412084],[-71.040743255698146,42.340624013289862],[-71.040688698315989,42.340700354521168],[-71.040655855909193,42.340740288332505],[-71.040559280727948,42.340846922679319],[-71.040543247596744,42.340864695052886],[-71.040516781431847,42.340893127785776],[-71.04049141929643,42.340921565153764],[-71.04044292554245,42.340978173591367],[-71.040423460846881,42.341009379091147],[-71.040407711583313,42.341039500945897],[-71.040397943302921,42.34106004276105],[-71.040385586077875,42.341080573281708],[-71.040372498522501,42.341100006223414],[-71.040321483197516,42.341146999961126],[-71.040092880822314,42.341351894239068],[-71.039830736252739,42.34159150353949],[-71.039690441863229,42.341707565646836],[-71.039628924334281,42.341774275183717],[-71.039455518941708,42.341967041171905],[-71.039288461044961,42.342151599150455],[-71.039122481126554,42.342340826323344],[-71.03899530483514,42.342483557538856],[-71.038846491721799,42.342651450306185],[-71.038753197187972,42.342764132175176],[-71.03875643830952,42.34282671069883],[-71.038695017798602,42.342828934333752],[-71.038699565968869,42.343016924487934],[-71.038720463477333,42.34365144412628],[-71.038250637397226,42.343657789602403],[-71.037875847684276,42.343668633413365],[-71.037871056070543,42.343665869343923],[-71.037741201002959,42.343668092285185],[-71.037740338620281,42.343634336501722],[-71.037738134154594,42.343632405702245],[-71.037736662714138,42.343631575750585],[-71.03773444657034,42.343630745134945],[-71.037731868405473,42.343629636983451],[-71.037723768296559,42.343624391688572],[-71.037686591518536,42.343599272031696],[-71.037650890672495,42.343574156348531],[-71.037619595164642,42.343554546229655],[-71.037531231483399,42.343497935463915],[-71.037441388276889,42.34344159554422],[-71.037371063664864,42.343396584125593],[-71.037341239597453,42.343377801914478],[-71.037311031051061,42.343360666992965],[-71.037193965298187,42.34328363846808],[-71.036846947900557,42.343290197777996],[-71.036499558600411,42.343297029976796],[-71.036147738809262,42.34330274605005],[-71.035805545364738,42.343307402435045],[-71.035309432782768,42.34331692435287],[-71.034922481677498,42.343321669044087],[-71.034384206667681,42.343330193685041],[-71.034382165695348,42.343306037987475],[-71.034282274832378,42.343308378463227],[-71.034283580084505,42.343331705532236],[-71.034124872926625,42.343334629631791],[-71.033488209036989,42.343342751908601],[-71.03304869660613,42.343351670277507],[-71.032402397386775,42.343362213365502],[-71.031443839283085,42.343380540101997],[-71.030853765617337,42.343390756514943],[-71.030193406865436,42.343401504761196],[-71.029129061357253,42.343419379991033],[-71.02809838740086,42.343435459858703],[-71.027884553328946,42.343439247769801],[-71.027059196517257,42.343452596751753],[-71.026017795778046,42.343468889079141],[-71.024965645798147,42.343487595571283],[-71.024024863557301,42.343502639639745],[-71.023293471422662,42.343514700520892],[-71.022928338599002,42.343519498978161],[-71.02256431699135,42.343524024546518],[-71.022195485803678,42.343528805076083],[-71.021970936627056,42.343531437686991],[-71.021919093953699,42.343538356174669],[-71.021913160581263,42.343540253778947],[-71.021908343814701,42.343541878494662],[-71.021902404154048,42.343544598748046],[-71.021897575709389,42.343547047440765],[-71.021892746366419,42.343549772341689],[-71.021887915226827,42.343552497242491],[-71.021883080493964,42.343556044792237],[-71.02187935787542,42.343558774340487],[-71.021875637053512,42.343562323217775],[-71.021872279150983,42.343565878070578],[-71.021868553837493,42.343569430267273],[-71.021865937045092,42.343572985783645],[-71.0218636867653,42.343577366604435],[-71.021862549498152,42.343580930087832],[-71.021858633741815,42.34360945189119],[-71.021864229347727,42.343799092970961],[-71.021867254873598,42.343888289899077],[-71.021878184675671,42.344203907148071],[-71.02188256935257,42.344406988831473],[-71.021885873356183,42.344459415877544],[-71.021888049974123,42.344464913404693],[-71.021890606579404,42.344469314745858],[-71.021892793078806,42.344473713430908],[-71.021896451916973,42.34447921892427],[-71.021900114348369,42.344483621592317],[-71.021903419250307,42.344487203615081],[-71.021908194694362,42.344491614249982],[-71.021912983613149,42.344494378283166],[-71.021916654129399,42.344497960969228],[-71.021921440353225,42.344500726329969],[-71.021927338691384,42.344503493018557],[-71.021932134796685,42.344505160202289],[-71.021938406833996,42.344507106909838],[-71.021943205634244,42.344508774093477],[-71.021949109362296,42.344510718145102],[-71.021984979091584,42.344512514135388],[-71.022241005235784,42.344505622312958],[-71.022795944892422,42.344496400681599],[-71.023320912259635,42.34448787420687],[-71.02348299798129,42.344479492472637],[-71.023975782305115,42.344470830549341],[-71.024187048093651,42.344464572133106],[-71.025057902777846,42.344453077785786],[-71.025454489212848,42.344447581585477],[-71.025468119350649,42.344701467294733],[-71.025793672402884,42.344697595801996],[-71.025916166675032,42.34469014362594],[-71.02592150356611,42.344916280656868],[-71.025927595042063,42.344942373798517],[-71.025930103138322,42.345051875242433],[-71.026278587484825,42.345048920681201],[-71.026516478440044,42.345043588527759],[-71.026523474519479,42.345245858814629],[-71.026545558702423,42.345655918761018],[-71.026494874855771,42.345656533569382],[-71.026240361474535,42.345658229935935],[-71.026009891501872,42.345659749694413],[-71.024977705680854,42.345675246713959],[-71.024111596796303,42.345693068846053],[-71.023693525354645,42.34570121803965],[-71.023355032070754,42.345703383146237],[-71.023267361888912,42.345703842592343],[-71.023235918159031,42.345703712460235],[-71.023233693032068,42.345704525786012],[-71.023229986583189,42.34570533313638],[-71.023227759659605,42.345706420005214],[-71.023226272947795,42.345707236650711],[-71.023224049617482,42.345708053960109],[-71.023221451689693,42.345708865957981],[-71.02321922566442,42.345709952826752],[-71.023218103668626,42.345711593420958],[-71.02321549226609,42.345714328187128],[-71.023214355897267,42.34571789088551],[-71.023213227613255,42.34572035476419],[-71.023211722036834,42.345723915470373],[-71.023210585668011,42.345727480160015],[-71.02321055871856,42.345731046177335],[-71.023210430259468,42.345748058288059],[-71.023230334231215,42.346444869670734],[-71.023247443544122,42.346923514078817],[-71.023377639971514,42.346974817655216],[-71.02364977201043,42.347090925594635],[-71.024584665794592,42.347472657291846],[-71.025435073924598,42.347825220802193],[-71.02613435038954,42.348107180425593],[-71.026232652132762,42.3479720266307],[-71.026984730671785,42.348119462170629],[-71.027543084824828,42.348449678151319],[-71.032198053117511,42.350337993005681],[-71.033840661242095,42.348171610596722],[-71.034809541886716,42.348570135955313],[-71.034794755617142,42.348619194840637],[-71.034257120207798,42.349338716997124],[-71.033237125423497,42.350703064668153],[-71.033237924924094,42.350745052165017],[-71.033263942829677,42.350778909688295],[-71.033443543902749,42.350855374685516],[-71.033497552414246,42.350855593767562],[-71.03354842490711,42.350830006305394],[-71.033693786693135,42.350632746419265],[-71.033728845243715,42.350644687760557],[-71.033720238484989,42.350657824760312],[-71.034054400990911,42.350794737388696],[-71.03406521580861,42.350783254821003],[-71.034103577464492,42.350798504939824],[-71.033980018688737,42.35094865643886],[-71.033957957861986,42.350980398055142],[-71.033955660869808,42.350991090565323],[-71.033952991076788,42.351001782409845],[-71.033951794520831,42.351013574971205],[-71.033952865312642,42.351018793758087],[-71.033954313396876,42.351023189993235],[-71.033955384188701,42.351028683627007],[-71.033956454980526,42.351033901748778],[-71.033959007094239,42.351038576149854],[-71.033962307504595,42.351042980350201],[-71.033964855126754,42.351048204445746],[-71.033981383229658,42.351064460282785],[-71.034143323424232,42.351128231507147],[-71.034157743181169,42.351129115134256],[-71.034167364137872,42.351129153639434],[-71.034178091818987,42.351129197455656],[-71.034187714572312,42.351128411419197],[-71.034193639859936,42.351127612768934],[-71.034200684448393,42.351125994888108],[-71.034206978943601,42.35112492338228],[-71.03421290962109,42.351123300190281],[-71.034218850180068,42.351120580928722],[-71.034224780857571,42.351118957072771],[-71.034252644801057,42.351102879170305],[-71.034512183358004,42.350773266658358],[-71.035387950928481,42.349600688488223],[-71.035391678038593,42.349597136632248],[-71.035455969565177,42.349506565565655],[-71.035579614579191,42.349344066047728],[-71.035657305376546,42.349242846292121],[-71.035840380234816,42.348996615819203],[-71.036245344358164,42.349163993930162],[-71.03655444386763,42.349288176845079],[-71.036762901522579,42.3490102165688],[-71.036830895904757,42.348919659926359],[-71.037253177750131,42.348337689637653],[-71.037338019137152,42.348370960232245],[-71.037641184375858,42.34849703685726],[-71.037559699993068,42.34861168669719],[-71.037761029516233,42.348701404603851],[-71.037735509277326,42.348751244805541],[-71.0379881550611,42.348855715173492],[-71.038333008417197,42.348997046693313],[-71.038808450764463,42.349190496264455],[-71.038781932497301,42.349224964751315],[-71.036811328801221,42.351895558414498],[-71.037821257064451,42.352306844967273],[-71.039913197104241,42.349429265069077],[-71.04004487575186,42.34948330186662],[-71.040220818885089,42.349554254760847],[-71.040334411751076,42.349601906741562],[-71.040332161471284,42.34960628847],[-71.040361962182516,42.349628910134179],[-71.040389602445515,42.349643288835246],[-71.040424308856501,42.349653031535276],[-71.040452028171231,42.349656710192519],[-71.040454277552698,42.349652328467542],[-71.040526227217057,42.349678409684998],[-71.04073940462051,42.349767622835572],[-71.040784764152477,42.349787288111465],[-71.040873651551522,42.349824137001903],[-71.0408553133433,42.349853426755637],[-71.040783612512271,42.349945891413839],[-71.040720869681252,42.35002768981952],[-71.040272998426687,42.350621093866707],[-71.039814610595087,42.351234763922285],[-71.039454426590325,42.351722593759369],[-71.039182466129645,42.352084273624058],[-71.038956831788155,42.352383575644886],[-71.038823457121282,42.352562228485446],[-71.038770026226516,42.352634185653152],[-71.038749462891332,42.352664287333219],[-71.038748321132616,42.352668674159105],[-71.038747175780614,42.352673060320853],[-71.038745663915989,42.352677718003399],[-71.038745631576646,42.352682108147725],[-71.03874560552552,42.352685676425992],[-71.038745574084459,42.352690066569714],[-71.038747020372071,42.352694463351803],[-71.03874809924875,42.352699130990771],[-71.038749182616982,42.352702703251225],[-71.03875173113741,42.352707926544987],[-71.038755029751144,42.352712330628371],[-71.038758700267394,42.352715912846087],[-71.038763478406409,42.35272032290365],[-71.038767153414227,42.352723905120918],[-71.038771936943121,42.352727492648931],[-71.038794761337854,42.352742950749629],[-71.038968110136551,42.352815814549075],[-71.039516620550728,42.353038089210877],[-71.039524047821487,42.353034550826415],[-71.039988836149476,42.353221640142216],[-71.040048873254875,42.353207608794783],[-71.040353270083841,42.352811482170331],[-71.040719747685472,42.352322848872241],[-71.040766816711411,42.352259923302832],[-71.041213249763203,42.351661843776263],[-71.041713132574429,42.350987691481222],[-71.042095253438404,42.350481282984745],[-71.042177864308556,42.350363065489319],[-71.042228054081789,42.350380279496896],[-71.042386293217405,42.350445120941203],[-71.042581408195431,42.350526025103242],[-71.042774308826282,42.35060609598218],[-71.042779073490564,42.350612428142448],[-71.042741390961012,42.350656731338205],[-71.04272586537796,42.350654748971216],[-71.04264565211129,42.35074800313911],[-71.042664771853808,42.350764271667593],[-71.042572997269417,42.350870650014443],[-71.042808619978558,42.35097778434487],[-71.042819820173534,42.350963558642434],[-71.042831631222882,42.350967173490091],[-71.043055462645597,42.35106794965084],[-71.043022928360955,42.351116664023394],[-71.042918424649002,42.35124357561461],[-71.042770592495955,42.35142766620919],[-71.042672390465725,42.351552680473915],[-71.042515835671267,42.35176692206376],[-71.042304881598156,42.35203335594445],[-71.042153283707449,42.352226210637248],[-71.042021082240339,42.352397465772221],[-71.04181755184473,42.352660363221588],[-71.041704762072598,42.352806995774749],[-71.041496400537397,42.353072618654664],[-71.041150648866022,42.353509744118796],[-71.041092274542208,42.353600341945956],[-71.041034776075819,42.353570749892043],[-71.040992494172031,42.353636440435658],[-71.041278737845744,42.353753383812496],[-71.041592604714424,42.353887450398588],[-71.041790181974648,42.353629744787071],[-71.041963453518221,42.35340761361951],[-71.04213668284099,42.353190969800721],[-71.042306591092142,42.352973490759801],[-71.042349164948391,42.352918229479641],[-71.042511847151417,42.352983088885516],[-71.042940890615952,42.353152459249038],[-71.043033093696707,42.353191792323727],[-71.043043797123303,42.353195402396231],[-71.043050806677471,42.353198172021472],[-71.043058199812265,42.353199025745759],[-71.043066701468121,42.353200156963673],[-71.043074831221446,42.353201012015731],[-71.043083341860438,42.353201045872574],[-71.043090749368275,42.353200252559539],[-71.043098896189576,42.353199187727689],[-71.043106304595725,42.353197569236308],[-71.043114834099356,42.353194860022363],[-71.043121884077692,42.353192144833564],[-71.043127829128252,42.35318860048303],[-71.043135251907444,42.353185063434779],[-71.043141196059679,42.353181519083854],[-71.043146037080746,42.353177147562519],[-71.043150885288327,42.353171953517673],[-71.043362568793455,42.352957929817052],[-71.04336740532294,42.352954383461743],[-71.043375943809721,42.352950026529598],[-71.043385587224307,42.3529464967704],[-71.043395235130461,42.352942967674863],[-71.043404869561869,42.352940263096968],[-71.043414507586562,42.352937830038989],[-71.043424141119672,42.352935949314976],[-71.04343487419068,42.352935168612007],[-71.043445607261702,42.352934386581275],[-71.043455227320081,42.352934425085344],[-71.043465955899507,42.352934467572602],[-71.043477048296651,42.352935336569338],[-71.043486661168487,42.35293619759976],[-71.043497369985005,42.352938981841362],[-71.043506977466961,42.35294066871726],[-71.043516566982632,42.352944274821034],[-71.043916295724486,42.353125872283279],[-71.044493298902836,42.353401746441534],[-71.044425292842575,42.353495050970068],[-71.044304177484378,42.353668272306535],[-71.044188708037765,42.3538283422265],[-71.04411950721817,42.353933169274931],[-71.044057766907002,42.354030063123595],[-71.044001512607295,42.354134941615882],[-71.043906739446484,42.354297564173208],[-71.043797472866899,42.354469184090718],[-71.04370881723321,42.354604117459729],[-71.043654132290285,42.354696650143687],[-71.043650276721081,42.354718040536312],[-71.043912647666119,42.354812652873427],[-71.044088730936537,42.35486686228883],[-71.044122327928179,42.354876598868451],[-71.044204903764012,42.354918088351027],[-71.044270916462679,42.354947710971153],[-71.044331811459159,42.354968532366101],[-71.04439086760425,42.354987428614116],[-71.044469877128421,42.355010790516054],[-71.044576652679723,42.35503097128359],[-71.044689386756318,42.355045687971469],[-71.044827298813686,42.355057757259445],[-71.044898172296328,42.355080266764119],[-71.045006059961963,42.355100175998764],[-71.045101029853811,42.355115918967101],[-71.04520305780882,42.355127847507568],[-71.045313221805372,42.355139808573881],[-71.045403443202616,42.355147298677707],[-71.045505513378458,42.355152915425151],[-71.045600575796769,42.355156036135241],[-71.045716750420894,42.35515567235116],[-71.045836985430086,42.35515614699645],[-71.045964292875524,42.355151161560826],[-71.046085704677751,42.355142860245302],[-71.046216761691184,42.355130753134745],[-71.046307104360977,42.355120683346875],[-71.046401917945971,42.355106788510611],[-71.046540463315608,42.355082364499829],[-71.046649764031173,42.35506029246686],[-71.046764265093927,42.35503495034601],[-71.046890666139234,42.35500169589168],[-71.046995203088855,42.354972745104689],[-71.047072333337454,42.354948078739504],[-71.04722513586897,42.354895992362039],[-71.047346819860721,42.354849273774974],[-71.047488960288121,42.354787542997954],[-71.047878565016731,42.354576954890014],[-71.048106750573638,42.354433514260819],[-71.04834973317989,42.354186676119852],[-71.048552731772858,42.354046700567785],[-71.049132231369384,42.353301480547287],[-71.050393086040927,42.351683834682085],[-71.050871989596985,42.351032609832153],[-71.051548403937929,42.350176348074747],[-71.051521101441509,42.350165540572526],[-71.051742852366019,42.349883211761629],[-71.0523019485275,42.349135153981557],[-71.053702827195622,42.347362148911373],[-71.054574846096429,42.346191880010096],[-71.05467028940042,42.346086325656131],[-71.054702443697721,42.345984920064097],[-71.054762074764596,42.345869349863257],[-71.054900676728082,42.345780704159147],[-71.055828177377478,42.345763707991779],[-71.056004851739331,42.345732285087799],[-71.056356720937814,42.345712759962424],[-71.056554371859903,42.345691009969428],[-71.056764927979344,42.345634600973455],[-71.056944142776828,42.34559211077962],[-71.057047450831135,42.345585940779074],[-71.057069009499642,42.345580358365488],[-71.057095979619419,42.345573374372364],[-71.057116430665189,42.345578737022173],[-71.057158108002781,42.34557735071386],[-71.057222126441502,42.345559564401739],[-71.057387839560278,42.345498896102526],[-71.057751365297875,42.345426321267233],[-71.058071202369959,42.345362657792379],[-71.05854185040856,42.345147551163748],[-71.058612775993495,42.345108284097357],[-71.058641381047096,42.345076990999232],[-71.05888922174239,42.344926362038883],[-71.058924162613692,42.34489247546928],[-71.059117190805324,42.344762644948723],[-71.059155732124253,42.344746242077022],[-71.059195278658024,42.34476294438992],[-71.059251312870501,42.344726378694943],[-71.059301191826648,42.344668731229923],[-71.059331179387456,42.344649446124308],[-71.059379372205811,42.344670780844723],[-71.059514214719869,42.344530610809201],[-71.059672519432482,42.34440340481229],[-71.060113270640116,42.344118631329117],[-71.060197535308717,42.343916711969243],[-71.060274733829289,42.343027643583575],[-71.060461569933665,42.342916124132394],[-71.060848298256715,42.342889886068448],[-71.060894839073285,42.342792925248936],[-71.061036253661939,42.342829962158994],[-71.061017349515112,42.342942396047775],[-71.061020401990433,42.342943838851525],[-71.060971423146214,42.343002849696532],[-71.060925701593192,42.343027368700945],[-71.060986575928411,42.343091284856136],[-71.060722091247527,42.343588038463174],[-71.060581998978961,42.343831833472372],[-71.060539258036059,42.34393174132795],[-71.060305844284215,42.344242763791222],[-71.060242540006129,42.344276311430292],[-71.060122923936163,42.344314358004674],[-71.060077304791093,42.344355852467629],[-71.059931447135043,42.344498579772647],[-71.059733157510806,42.344671077630501],[-71.05964448840237,42.344744173874126],[-71.059499241600705,42.344863910427399],[-71.059474403183103,42.344893055759819],[-71.05951257080288,42.344931218151828],[-71.059518468242729,42.344933433744956],[-71.05953414294612,42.344946652275979],[-71.059529160889554,42.344954675416325],[-71.059540916243378,42.344964955976366],[-71.059564341611036,42.344997210525435],[-71.059537615833023,42.345013922066869],[-71.059493480704802,42.344983780205965],[-71.05945002919448,42.344996772984437],[-71.059414659826828,42.344981285092913],[-71.059390646062653,42.344999909469578],[-71.059439769535643,42.345075595384564],[-71.059370324374285,42.345121477361658],[-71.059337872734645,42.34511111781768],[-71.05929765605768,42.345084644968964],[-71.059269294447532,42.345053102215232],[-71.059243644851236,42.345057389980418],[-71.059215099984769,42.345052163395117],[-71.059180490591814,42.345068844380449],[-71.059165570473255,42.345089258065528],[-71.059166474178426,42.345100955463927],[-71.059241593997427,42.34521016980753],[-71.059254309650271,42.34522337832118],[-71.059273836329623,42.345250501776867],[-71.059151376193441,42.345287316809845],[-71.058983915851456,42.345277169091283],[-71.058921793756284,42.345282782073191],[-71.058852699836223,42.345298598542605],[-71.058830042528115,42.345297049561871],[-71.058782577345141,42.345320260366833],[-71.058543532953095,42.34540048925588],[-71.05849216279357,42.345418567083733],[-71.058448720266412,42.345430097107425],[-71.058436900233914,42.345429321622753],[-71.058373823229587,42.345430541284841],[-71.058341168570706,42.3454494251298],[-71.058303613601964,42.345464632058544],[-71.058239425381629,42.345483391736117],[-71.058062681849478,42.345532425144839],[-71.058009379413789,42.345544648966111],[-71.057953133198907,42.345555395516286],[-71.057737803432047,42.345626212088732],[-71.057719060083642,42.345629063712096],[-71.057625266984815,42.345653559118361],[-71.05752847351296,42.345684621542453],[-71.057479157800486,42.345690278971986],[-71.0573429309826,42.345723384319001],[-71.057189877821116,42.34576665787187],[-71.057174073760336,42.345771713101549],[-71.057161221563561,42.345777512606055],[-71.057151303264504,42.345786246054701],[-71.057145315094814,42.345797189089318],[-71.057143293885431,42.345804493075853],[-71.057138304642336,42.3458132444471],[-71.05713135886856,42.345819799509499],[-71.057130816286133,42.345897286363581],[-71.056977442426103,42.345941557029995],[-71.056768410747694,42.346001892269953],[-71.05668836816092,42.346033019587665],[-71.056624112566965,42.346061282007639],[-71.0565698067131,42.346076423722685],[-71.056468107541477,42.346103811720461],[-71.056247007895536,42.346153401022583],[-71.056191018598824,42.346236932583125],[-71.055692404208799,42.34698081622652],[-71.055682423027676,42.346981190016834],[-71.055679160346571,42.346985789031791],[-71.05568127947231,42.346986134937161],[-71.055683141679893,42.34699995521725],[-71.05570566513903,42.347002223187594],[-71.055710609466345,42.346995698789044],[-71.055734131852063,42.346995064739907],[-71.055773674792562,42.347085353937516],[-71.055718537997038,42.347122942031916],[-71.055612553861508,42.347144338985707],[-71.055512486928748,42.347299512493429],[-71.055468600633844,42.347302093160494],[-71.055435907347402,42.347351564003176],[-71.055429275983983,42.347348660671983],[-71.055424894900327,42.347340828382777],[-71.055421595388296,42.347337115066061],[-71.055413298548331,42.347334205095017],[-71.055404467210778,42.347329235636977],[-71.055395058256494,42.347327141626053],[-71.055381215217963,42.347324622704789],[-71.055371790992325,42.34732499782092],[-71.055361789149956,42.347327836088752],[-71.055356234866551,42.347329461370514],[-71.055348483303959,42.347328607566446],[-71.05534462054824,42.347325715520924],[-71.055335221475417,42.347322389933957],[-71.055326892296108,42.347324001273506],[-71.055325225921251,42.347324817234053],[-71.055319692299108,42.347323561756902],[-71.055314709344231,42.347322310927197],[-71.05530861337671,42.347321876058061],[-71.055305849260577,42.347321041507676],[-71.055303096822541,42.347318150789619],[-71.055302005369469,42.347316092630138],[-71.055297022414592,42.347314838480678],[-71.055295916588477,42.347314834497169],[-71.055293685173297,42.347316471065945],[-71.055290904887514,42.347318103651119],[-71.055286447447074,42.347320966484411],[-71.055285329942862,42.347322605708712],[-71.05528143305115,42.347324647933867],[-71.055279204330915,42.347326285166268],[-71.055278641985566,42.347327514750368],[-71.055279178279804,42.347329985205199],[-71.055280266139604,42.347332456987758],[-71.055280255359804,42.347334100859243],[-71.055274709161253,42.347334491909429],[-71.055271934265321,42.347335302558427],[-71.055270819456069,42.347336121174521],[-71.055269692968707,42.347338584325854],[-71.05526800862755,42.347341455789248],[-71.055267994254493,42.347343513947841],[-71.055268541328502,42.347344746851213],[-71.05527129017328,42.347348049863669],[-71.055269059656425,42.347349684439827],[-71.055266270387463,42.347352550591303],[-71.055264588741252,42.347355013078058],[-71.055262901705149,42.347358296172317],[-71.055260687357972,42.34735828754134],[-71.055256248782158,42.347358270279365],[-71.055251809308018,42.347359074952756],[-71.055251780561946,42.347363187285289],[-71.05525230966964,42.347366889977728],[-71.055253395732819,42.347370184358034],[-71.0552539356203,42.34737224317962],[-71.055242795612472,42.347380012392321],[-71.05523046264193,42.347399292012874],[-71.055230387183443,42.347409981812625],[-71.055239757510165,42.34741742038787],[-71.05524356097709,42.347428950708839],[-71.055247959128707,42.34743390223317],[-71.055259024576401,42.347436823486248],[-71.055261247008403,42.347436419822188],[-71.055262927756303,42.34743354969099],[-71.055266278472303,42.347430270584205],[-71.05526849371779,42.347430279215232],[-71.055267341179288,42.347436443059422],[-71.055267323212988,42.347438910854308],[-71.055275053216008,42.347443462697328],[-71.055276147364026,42.347445935803293],[-71.055277798467529,42.347447584983115],[-71.055279991255119,42.347450885998413],[-71.055283283580621,42.347455833537467],[-71.055286579499409,42.347459959805988],[-71.055293200981367,42.347464508327874],[-71.05529818573288,42.347464936556804],[-71.055304832367668,42.347465783719834],[-71.055314809955533,42.347465822227207],[-71.055322016240751,42.347465850111909],[-71.055325321142675,42.347468744142731],[-71.055328626942924,42.347472045820851],[-71.055331388364095,42.347473288016602],[-71.055336373115608,42.347474129868075],[-71.055338043083722,42.347472904934321],[-71.055342499625851,42.347469630477015],[-71.055347523903222,42.34746512710209],[-71.055350834195039,42.347467197207266],[-71.055349703216123,42.347470069992603],[-71.055348020671588,42.347473352416877],[-71.055346886997711,42.347476640152387],[-71.055347820347265,42.347479828299605],[-71.053634702557744,42.350044515541214],[-71.052813155501184,42.351235280421726],[-71.05266376297449,42.351486882195751],[-71.052195914984608,42.352198799415959],[-71.052062428028336,42.352398874501695],[-71.052233381918484,42.352551016434539],[-71.05184817623983,42.352979788160731],[-71.0518051640057,42.352941203790856],[-71.05170428140265,42.35292489333856],[-71.051497827889122,42.35324048447054],[-71.051431269913095,42.353339834337],[-71.051353584505634,42.353442985295686],[-71.051275829029592,42.353556834797409],[-71.051131385321796,42.353787049853011],[-71.05093843079203,42.354076622995414],[-71.050997346799946,42.354220366490665],[-71.051186002891072,42.354380537900859],[-71.051124003865098,42.354462343812237],[-71.051060915182688,42.354542224463493],[-71.050984697622411,42.354647025095119],[-71.050864990822589,42.354571644123943],[-71.050683366743513,42.354463365472654],[-71.050434494782252,42.354811442023376],[-71.050326332232146,42.354985818798724],[-71.049945698978277,42.355652516499518],[-71.049923674084141,42.355680145943559],[-71.049601266932044,42.356117937016052],[-71.049524199565511,42.356133826435752],[-71.049481585285051,42.356195126393196],[-71.049501506324802,42.356255027605314],[-71.049588963605913,42.356287200684982],[-71.049670881874974,42.356266118842591],[-71.049709776231836,42.356207546625711],[-71.04968612448873,42.356151474998534],[-71.049761232629621,42.356047492059183],[-71.050012149156473,42.356089361807058],[-71.049976770805628,42.356329879478523],[-71.049868819359645,42.356317933906752],[-71.049862278726067,42.356561033645647],[-71.049219618581901,42.356562084480224],[-71.049218099530748,42.35661915546023],[-71.049190065805675,42.356659110359601],[-71.04917757832493,42.356698300509109],[-71.04919154353432,42.356763392334756],[-71.049221611943523,42.356800829928574],[-71.049218618756981,42.356857894053526],[-71.049861293274191,42.356856020748843],[-71.049864223578652,42.356963877070825],[-71.048953207014719,42.357188338947033],[-71.048975751135089,42.357243585187661],[-71.048965875955176,42.357279218904132],[-71.04896788099488,42.357309410629952],[-71.048975053144133,42.357341545332318],[-71.048991490517182,42.357371247131852],[-71.049023890054542,42.357393601802585],[-71.049051144940265,42.357410447458292],[-71.049086858362685,42.357487422827077],[-71.049682455769101,42.357342671828924],[-71.049745528281846,42.357578087939743],[-71.049466391180346,42.357653554919523],[-71.049523654288109,42.357873031767767],[-71.049415463890256,42.357894833969517],[-71.049486072369902,42.358110797101091],[-71.049375276857702,42.35813451098781],[-71.049439923218827,42.358356488704146],[-71.05016856201712,42.358234757886713],[-71.050323062364512,42.358829458515785],[-71.04958446574129,42.35894593752672],[-71.049410781870989,42.358863481616922],[-71.049338175538153,42.358616227412341],[-71.04867330365029,42.358719817777128],[-71.048736644759288,42.358916819287806],[-71.048438418458005,42.358969981670398],[-71.048514539000237,42.359243043557598],[-71.048375966681135,42.359270212739915],[-71.048458136478487,42.3595770504337],[-71.050438648592134,42.359277197866412],[-71.050446102812344,42.35926926749417],[-71.050714338857873,42.359218728689363],[-71.050722041013131,42.359645466204007],[-71.050678729640026,42.359648038398696],[-71.050161613548397,42.359732456109782],[-71.050166335991847,42.359744823867466],[-71.047655625621104,42.360040668906514],[-71.047724255112172,42.360377637995619],[-71.047672395370824,42.360385666468048],[-71.047703212076655,42.36062973751433],[-71.047782446179653,42.360622091411443],[-71.048485128157836,42.360512619082627],[-71.049116783041427,42.360348531040685],[-71.049144018164213,42.360420805875009],[-71.04924031307111,42.36040773862193],[-71.049307989449659,42.36067253416681],[-71.049589333711808,42.360652506553137],[-71.049714968494186,42.36072763861403],[-71.049863822930007,42.360712305276763],[-71.049933909488502,42.360690352046682],[-71.050340351340466,42.360613462246569],[-71.050487070480884,42.360585496442567],[-71.050514160974913,42.360678352209924],[-71.050709037899395,42.360642616207279],[-71.050708003938496,42.360631911399651],[-71.050778686978319,42.36063026588463],[-71.050780167401911,42.360630271194879],[-71.050780756696724,42.360703268562723],[-71.05078125256675,42.36078970739414],[-71.05078485301442,42.360960130711959],[-71.050787543468701,42.36110255878755],[-71.050789111028877,42.361194218994321],[-71.05080285076113,42.361291413621906],[-71.05080820202528,42.361371834533678],[-71.050815799077625,42.361500013135071],[-71.050820978763568,42.361604309645003],[-71.050823888406782,42.361715730892762],[-71.05082753646515,42.361879566451115],[-71.050771353132333,42.361871391476676],[-71.05063449300215,42.361812957238278],[-71.050553214333576,42.361951761199791],[-71.05053620383535,42.361950598942279],[-71.050514467300417,42.361988930859297],[-71.049514622626262,42.361687561138012],[-71.049426435014809,42.361393046090384],[-71.048597560400466,42.361556365411751],[-71.048672682914429,42.361814329249412],[-71.047879916082948,42.361946498184494],[-71.047962394900736,42.362209706819932],[-71.048752529668448,42.362084385853308],[-71.048766616150431,42.362132738563396],[-71.048811068383941,42.362124953916336],[-71.048960504928104,42.362099910684208],[-71.049108240063077,42.362072554215693],[-71.050600884332425,42.362502034262562],[-71.050663019902331,42.36251904780805],[-71.050697859263991,42.362528586064805],[-71.05068475104737,42.362551038465035],[-71.05080436442239,42.36258964879535],[-71.050817292975964,42.36300954331729],[-71.050504112420143,42.362925447948811],[-71.050476362562705,42.362977752684635],[-71.050379229527664,42.362951579413824],[-71.050219721072537,42.362904579408408],[-71.049969030022837,42.362827037851972],[-71.04997998587605,42.362794974322085],[-71.049705647574797,42.362712952251989],[-71.04943574515444,42.362631491616312],[-71.049097488127458,42.362536594349557],[-71.049012704232624,42.362802713086786],[-71.049238405049437,42.362856284375553],[-71.049234591701065,42.362872184039027],[-71.049166223619721,42.362860392375289],[-71.049074747276038,42.362871557451399],[-71.049084259536585,42.362886961283834],[-71.049038688002213,42.363206468985794],[-71.049049518091266,42.363244930896172],[-71.049034809975126,42.363439155019641],[-71.048883534579602,42.363430326452217],[-71.048845719099404,42.363336880028982],[-71.048598284442605,42.363321641581415],[-71.048585371160399,42.363264512304589],[-71.048608345573783,42.363260211842572],[-71.048586966568337,42.363196738343106],[-71.048321774014994,42.363180607775085],[-71.048297598554058,42.363198347284396],[-71.04837808940016,42.36353371838387],[-71.048397284601151,42.363539828212552],[-71.049025324664044,42.363576320570672],[-71.049035406456483,42.363511325408695],[-71.049666019294364,42.363549469859464],[-71.049717364301046,42.363562017406039],[-71.049702003109687,42.363692851847098],[-71.049674836258873,42.363818423157205],[-71.049444406710393,42.363805173416232],[-71.049386754632096,42.364106798478169],[-71.049343469310116,42.36410580485181],[-71.049287780050719,42.364339933849969],[-71.049269074431564,42.364419985801753],[-71.049259515458601,42.364463579680802],[-71.049251884270262,42.364495656297727],[-71.049240808941136,42.364543908918549],[-71.049590031702778,42.364607566904148],[-71.049566279348369,42.364721629151653],[-71.049746236154277,42.364756086465768],[-71.049785784484669,42.364762550611708],[-71.04998404626113,42.36477293147518],[-71.050141146332962,42.364796046811158],[-71.050286423677335,42.36481609766232],[-71.050412552533118,42.364822903626887],[-71.050422168099928,42.364823763830692],[-71.050430674247352,42.36482462005204],[-71.050449913465783,42.364824695054359],[-71.050493213160792,42.364824041272954],[-71.050536511059178,42.364823388155294],[-71.050553163129607,42.364823453201531],[-71.050584237651904,42.36482439703623],[-71.050615663415499,42.364828086752738],[-71.050624178546073,42.364827297568915],[-71.050644499336101,42.364831767176703],[-71.050664819227833,42.364836237447911],[-71.050712855739334,42.364845480653543],[-71.050721368174976,42.364845513840422],[-71.050745413380184,42.364846430461554],[-71.050792014383873,42.364849356215267],[-71.050814938491612,42.364851918240852],[-71.050830465871286,42.364853897505064],[-71.050830370649876,42.364867342827345],[-71.050831480967545,42.364867347473478],[-71.050865159705879,42.364866381072382],[-71.050881785725153,42.365078564167881],[-71.050850589031953,42.365094632521284],[-71.050768799221984,42.365096784348914],[-71.050779340951834,42.365122892343813],[-71.050421194326162,42.365116829794232],[-71.050417586691964,42.365156054492878],[-71.050376513022229,42.365155893869257],[-71.050380454829707,42.365122157589894],[-71.050341990765887,42.365119265035609],[-71.050192904564696,42.365114291673912],[-71.050196706234971,42.365100034657125],[-71.049904800480022,42.365093406603457],[-71.049897680433091,42.365106000966833],[-71.049821839266912,42.365103782102338],[-71.049829352775944,42.365087896942036],[-71.048791227294259,42.364906561044386],[-71.048784380335178,42.365036602840512],[-71.048777056370653,42.365181736346123],[-71.048772836983773,42.365306575902238],[-71.048808684255178,42.365312755914097],[-71.04923112420407,42.365384111743502],[-71.049260733574144,42.365279126579956],[-71.049342415586281,42.365292618272498],[-71.049599275367072,42.365336433896225],[-71.049655438038627,42.365348177306522],[-71.049786168963607,42.365384363297778],[-71.049790376672391,42.365469173531501],[-71.049787890135704,42.365506483812098],[-71.049779152222911,42.36569441809246],[-71.049813844260868,42.365707176939949],[-71.049949296730986,42.365756552321116],[-71.050040184678181,42.365828254111854],[-71.050044994258215,42.365828272696234],[-71.050043468020547,42.36604285522607],[-71.04931905669396,42.366026025159115],[-71.049097167428883,42.36616318174368],[-71.049093176214086,42.366204051158107],[-71.049077505103966,42.36622182897338],[-71.0490639890522,42.366249490938664],[-71.049072363147275,42.366269005038419],[-71.049086702055831,42.36628168345883],[-71.049079938640062,42.366348339704253],[-71.049502852001083,42.366353563854986],[-71.049594301395331,42.366502651415352],[-71.049143385750256,42.366583756588135],[-71.049230399263621,42.366835456869509],[-71.050368383268918,42.36666428886754],[-71.05039818398015,42.366844417037939],[-71.049350228234331,42.367052434621257],[-71.049335562338996,42.367085305708976],[-71.049820387589406,42.367855273794795],[-71.049858831890319,42.367860913963455],[-71.050529885983948,42.36742228878596],[-71.050935507674097,42.367153855338266],[-71.051055475883658,42.367352172428518],[-71.051081902522682,42.367330046962486],[-71.05133541068912,42.367535197043033],[-71.051224074391129,42.367632725661899],[-71.051024433700704,42.367815527781254],[-71.050815508921815,42.368002681275222],[-71.050573417444312,42.368221810034463],[-71.050514177144592,42.368278657376386],[-71.050011066686565,42.368724800235569],[-71.050251641807847,42.368875293183301],[-71.050525015318485,42.36862802063542],[-71.050639731976887,42.368524193737144],[-71.050821091052995,42.368362726995649],[-71.050999140735556,42.368198502158052],[-71.051209565700958,42.368008610141857],[-71.051226162075849,42.368016632993232],[-71.05162963319917,42.368208096630916],[-71.051654716856859,42.368219718047044],[-71.051736089848546,42.368120427545335],[-71.051789947443098,42.368144509991382],[-71.051706325968254,42.368247635321268],[-71.051725524762517,42.368254022118634],[-71.05172810023241,42.368255678716906],[-71.051507519812716,42.368521268154574],[-71.051358187473141,42.368705912764455],[-71.051188737362779,42.368910234043376],[-71.051049114913113,42.369082568006604],[-71.050910983666839,42.369252984094665],[-71.051154090240601,42.369360128899885],[-71.05124629332137,42.369247160208609],[-71.051383290893767,42.369080304151503],[-71.051539688483047,42.368890200427565],[-71.051692377826839,42.368701179281068],[-71.051995238536676,42.368835995809306],[-71.052194065353461,42.368924855890931],[-71.052071626776851,42.369075027795823],[-71.051914100005263,42.369267599225523],[-71.051693479161358,42.369537856082445],[-71.052012193339337,42.369681515760995],[-71.052128650034447,42.369540374777131],[-71.052292152399332,42.369339593678113],[-71.052441464975956,42.369157419864088],[-71.052618396255994,42.368941600228439],[-71.052732270294683,42.368799621989403],[-71.052849850782209,42.368655741937616],[-71.05303169764349,42.368739320580751],[-71.053042772074321,42.368742929760124],[-71.053165976913846,42.368798566049868],[-71.053247499025886,42.368835377245496],[-71.053220641195509,42.368865733988166],[-71.053206025605846,42.368891470738916],[-71.053241061698543,42.368908345833077],[-71.053269466427835,42.368921078807411],[-71.053305634397816,42.368934667280776],[-71.053327294575951,42.368907035036727],[-71.053361282334706,42.368862712185759],[-71.053391525915387,42.368824412337823],[-71.053418406203633,42.368790764972687],[-71.053489703691099,42.368703504873622],[-71.053527035877664,42.368709960649042],[-71.053599091543262,42.368724509536634],[-71.053732116765474,42.368751645416332],[-71.054016645555294,42.368809826306496],[-71.054211013135003,42.368849818585417],[-71.054603441268569,42.368930642639967],[-71.054944132729958,42.369001387080509],[-71.054919712927259,42.369053155803549],[-71.055060097148299,42.369086626485981],[-71.055087962888408,42.369018134052382],[-71.055121060416738,42.368942524754104],[-71.055188296620813,42.368958698973977],[-71.055304658992824,42.368987687121063],[-71.055469033621819,42.369030307511245],[-71.055522966674857,42.369043687561458],[-71.055574439242321,42.369038672697705],[-71.055670717979524,42.369029167286584],[-71.055764771589779,42.369020750330812],[-71.056028046239973,42.368997617302242],[-71.056209490656002,42.368980482727828],[-71.056357241960669,42.368965958456215],[-71.056434268004708,42.368958296775496],[-71.056503904507224,42.368948689143359],[-71.056590595525407,42.368934752233621],[-71.056666555269203,42.368920777490239],[-71.056736216026223,42.368907599840632],[-71.056803694775425,42.368889198912548],[-71.056898606276746,42.36886377144269],[-71.057018013937594,42.368827734132282],[-71.057062508391923,42.368815283873218],[-71.057273142664812,42.368752157789643],[-71.057646393563672,42.368505801988533],[-71.057651216618439,42.368504174599586],[-71.057652326037811,42.368504179245456],[-71.057652339512543,42.368502257174299],[-71.057653451626862,42.368502261156515],[-71.057654561046235,42.368502265138666],[-71.057656041469826,42.368502271111957],[-71.057657162567295,42.368500629785274],[-71.057657170652135,42.368499530700312],[-71.057657176042028,42.368498707714004],[-71.057657181431921,42.368497884727681],[-71.057657194906653,42.368495962656326],[-71.057657206584736,42.368494317347249],[-71.057656110640096,42.368492390629925],[-71.057656116029975,42.368491567643467],[-71.057654648182819,42.368489917688414],[-71.057653551339854,42.368487992962031],[-71.057652470666554,42.368483597948675],[-71.0576513855017,42.368480027912639],[-71.057649932925898,42.3684764532305],[-71.057649952688834,42.368473709499277],[-71.057649963468606,42.368472062862203],[-71.057649971553445,42.368470964440455],[-71.057651466350066,42.368468500789945],[-71.057651485214706,42.368465757058324],[-71.05765260810881,42.36846384162299],[-71.057652614397014,42.368463015981369],[-71.057653745375973,42.368460278222798],[-71.057654866473442,42.368458634240227],[-71.057657461706299,42.368457821872539],[-71.057661202291129,42.368452348345961],[-71.057664567380172,42.368447147599241],[-71.057669458706911,42.368435641045188],[-71.057673234326046,42.368424952166741],[-71.05768078556433,42.368403578386584],[-71.057684158738212,42.368397282531291],[-71.057686789005359,42.368391802362432],[-71.057689051861573,42.368385774640743],[-71.057691677637152,42.368380295134578],[-71.057698833616683,42.368362487399921],[-71.057707460138374,42.368345780075252],[-71.057717183503001,42.36833155033986],[-71.057720917799628,42.368326896472347],[-71.057724277498792,42.368322523349796],[-71.057726898782789,42.36831814292627],[-71.057728035151641,42.368314579517865],[-71.057729169723842,42.368311016109217],[-71.05778602679311,42.368276382209352],[-71.057781253145706,42.368271151581553],[-71.057952547497337,42.368171101885935],[-71.058103412362783,42.368081675926774],[-71.058243060863589,42.3682202383891],[-71.058011209282029,42.368354906617],[-71.058056745782082,42.36840502392441],[-71.058348793470842,42.368234916148154],[-71.05817960297361,42.368033948357919],[-71.058207086031416,42.368019783594868],[-71.058171480406813,42.367978484617694],[-71.058173707330397,42.367977670252699],[-71.058175190448935,42.367976853232889],[-71.058176308851458,42.367976035549361],[-71.058178537571663,42.367974945747086],[-71.058181135499481,42.367973309052523],[-71.0581822476138,42.367973313034774],[-71.058184842846657,42.367972499997101],[-71.058185960350869,42.367971405548857],[-71.058187081448338,42.367969763544586],[-71.058188199850875,42.367968945197241],[-71.058188213325607,42.367967023109706],[-71.058189704528971,42.367965383096411],[-71.058190813948357,42.367965387742373],[-71.058191931452569,42.367964295948767],[-71.058194158376153,42.367963478928786],[-71.058195644189624,42.36796266124508],[-71.058197875604804,42.367960751104029],[-71.058201589240184,42.367959117063911],[-71.058216053014561,42.367954781083249],[-71.058230514094006,42.367950172983406],[-71.058246080999581,42.367946664641593],[-71.058261649701763,42.3679431569633],[-71.058276085628393,42.367942390384549],[-71.058292006470154,42.367940805458133],[-71.058342340872159,42.367939902156223],[-71.058366395060517,42.367939995074856],[-71.058391548786787,42.367941187751939],[-71.058395244455866,42.367942024683344],[-71.058397458803043,42.367942856305156],[-71.058400049544332,42.367942866260691],[-71.058402267484766,42.367942874888847],[-71.05840485732773,42.367942884844439],[-71.058408188280794,42.367942897454839],[-71.058416698021475,42.367942929976316],[-71.058606538990489,42.367942013400373],[-71.058616133896038,42.367945617979593],[-71.058617244213721,42.367945621961837],[-71.058617238823842,42.367946443628014],[-71.058617233433935,42.367947266621556],[-71.058618715654163,42.367947272594904],[-71.058619806208895,42.367950021658807],[-71.058622013369572,42.367951675610279],[-71.058623488403256,42.367952780014448],[-71.058625696462215,42.367954435293235],[-71.05862828001699,42.367955267578552],[-71.058630494364166,42.367956371982658],[-71.058631603783539,42.367956375964901],[-71.058634180151785,42.36795803522584],[-71.058636397193894,42.367958866847388],[-71.058638977155397,42.367959972578809],[-71.058643788532038,42.367959990498839],[-71.058647484201131,42.367960828757411],[-71.058652289289583,42.367961672989324],[-71.058658210085611,42.367961695555309],[-71.058663022360591,42.367961714139],[-71.058667829245678,42.367961732059022],[-71.058673754533288,42.367960929640496],[-71.05867745559226,42.367960943578282],[-71.05868116293945,42.367960133858979],[-71.058685987790838,42.36795823433711],[-71.05868931694728,42.367958246947502],[-71.058693029684349,42.367956611579942],[-71.058696743319729,42.367954707412053],[-71.0587000796627,42.367953897692658],[-71.058703792399768,42.367951989542448],[-71.058711223263799,42.367947627676777],[-71.058723113364906,42.36794053798517],[-71.05873649287274,42.367932634590908],[-71.058740217287905,42.367929080452456],[-71.058756991529222,42.367911306438863],[-71.058772660842706,42.367893531756472],[-71.058788665227823,42.36788014747907],[-71.058797969977519,42.367872224166007],[-71.058801689901131,42.36786949368247],[-71.058806526430601,42.367865944186413],[-71.058811368349993,42.367861573022935],[-71.058817333163475,42.367855286405209],[-71.058822189455896,42.367848442274173],[-71.05882704485002,42.367842151009228],[-71.058831902040751,42.367835034757476],[-71.058833410312104,42.367831472649101],[-71.058834544884306,42.367827909876752],[-71.058835678558211,42.367824346440536],[-71.05883570371104,42.367820780349305],[-71.058835722575651,42.367818035925673],[-71.058834658072044,42.367811719436816],[-71.05883359087349,42.367805679049027],[-71.058831080980582,42.367793870391232],[-71.058830057799483,42.367781518155766],[-71.058827554194778,42.36776915928084],[-71.058826486097914,42.367762844778177],[-71.058824308581649,42.367756524965266],[-71.058816996295249,42.367744148165286],[-71.058811159042534,42.367732326885481],[-71.058803831484738,42.367721595410138],[-71.058801654866812,42.367715549704002],[-71.058799100956463,42.367710053546709],[-71.058798035554545,42.367703738374431],[-71.058796962067788,42.367698519645636],[-71.058795913733832,42.367689734154013],[-71.058797086035284,42.367680684505693],[-71.058798245760315,42.367673552970423],[-71.058800887705573,42.367666428735049],[-71.058802046532278,42.367659297198166],[-71.058804310286803,42.367652996622297],[-71.058804359694136,42.367645861101629],[-71.058804396525076,42.367640647677725],[-71.05880442077958,42.367637080248628],[-71.058804440542517,42.367634335153298],[-71.058804451322302,42.367632690485379],[-71.058804464797035,42.367630771042386],[-71.058805957797034,42.367629128365472],[-71.058807087877668,42.367626391234289],[-71.058809326479349,42.367623652775535],[-71.058811934288627,42.367621192410347],[-71.058814171093672,42.367618459261024],[-71.05902195321552,42.367593622640769],[-71.059167859380608,42.367576182377547],[-71.059332357977112,42.367760393710277],[-71.059370923550574,42.367748740351267],[-71.059397641243748,42.367738142947474],[-71.059415444056057,42.367732173569252],[-71.05942398613611,42.367727540232245],[-71.059490492908168,42.367688828193728],[-71.05950462071263,42.367679828323269],[-71.059518001118775,42.36767109924422],[-71.059545861469019,42.367655838618177],[-71.059560342311386,42.367648758185503],[-71.059574822255456,42.367641678415794],[-71.05959896447871,42.367629425706575],[-71.059621630769954,42.367615240277367],[-71.059665063415622,42.367595925708258],[-71.059708489773087,42.367577157365218],[-71.05974224756315,42.36756493782886],[-71.059777125552372,42.367551625161958],[-71.059818316003089,42.367535043726313],[-71.059878458211372,42.3675067358744],[-71.059918184408176,42.367487952903105],[-71.05994345222048,42.367472956388966],[-71.059954608398002,42.367465042316489],[-71.059965389978061,42.367457949251865],[-71.059994357052688,42.367442966668449],[-71.06004261904134,42.367420924198129],[-71.06009198056789,42.367399710694237],[-71.060108693723748,42.367390716755807],[-71.060126888201523,42.367382004893003],[-71.060133935484913,42.367379290317189],[-71.060141361857376,42.367375750749105],[-71.060196652264793,42.367353736131072],[-71.060272736874424,42.367321096819012],[-71.060426815911939,42.367247596081839],[-71.060642900263645,42.367144144554622],[-71.060650996779302,42.367150487659075],[-71.060666819704721,42.367163170547599],[-71.060674918915311,42.367169238209392],[-71.060683390926769,42.367174758971373],[-71.060688167269134,42.367179991681638],[-71.060694055725818,42.367184677492325],[-71.060698834763116,42.367189086534516],[-71.060705099613912,42.36719267788272],[-71.060713209604302,42.367197099534906],[-71.060721689700586,42.36720152317794],[-71.060737178452712,42.367209539495306],[-71.060749338048396,42.367216721525388],[-71.060761130233146,42.367223902227259],[-71.060781414192249,42.367233857244642],[-71.060803183066525,42.367242995230981],[-71.060811674840906,42.367245498088614],[-71.060818686191709,42.367248267758299],[-71.060825692152605,42.367251862421632],[-71.060829374346952,42.367254620144216],[-71.060833054744677,42.367257380521515],[-71.060836731549131,42.367260960582726],[-71.060838935116521,42.367263437554847],[-71.060841500704967,42.36726701628826],[-71.060843706068994,42.367268945698022],[-71.060846277945657,42.367271425324667],[-71.060848486902955,42.367273354734344],[-71.060849592729056,42.367274181055279],[-71.060851069559376,42.367274187028684],[-71.060851056084644,42.367276107146303],[-71.060852160114138,42.367276934130913],[-71.060852154724245,42.367277758460638],[-71.060853262346981,42.367278586108952],[-71.060853254262156,42.367279683224098],[-71.060853248872249,42.367280506226436],[-71.060854352901742,42.36728133321099],[-71.060854346613539,42.36728215754065],[-71.060853237194166,42.367282153558413],[-71.060853223719434,42.367284073675783],[-71.060853218329541,42.367284896678008],[-71.060853212939648,42.367285719680218],[-71.060852091842179,42.367286814804132],[-71.060852085553975,42.367287637142653],[-71.060850957269963,42.367290378270845],[-71.060849462473342,42.367292839976486],[-71.060850772217037,42.367316993756866],[-71.06085733800343,42.36738397279445],[-71.06086200025976,42.36740539802723],[-71.060865542316918,42.367428460625185],[-71.060870149776022,42.367457839076074],[-71.060870105758553,42.367464150954511],[-71.060870061741113,42.367470460841218],[-71.06087466381031,42.367500662271809],[-71.06087926498121,42.367530867670212],[-71.060889478825985,42.367604996607469],[-71.060891914158731,42.367627232815863],[-71.060891834208647,42.367638758765501],[-71.060892863677978,42.367650285376783],[-71.0608950268212,42.367658528624844],[-71.060897563663545,42.367666493114676],[-71.060898586844644,42.367678845372758],[-71.060899558821788,42.367698606591262],[-71.060902933792306,42.367745821369709],[-71.060907477471034,42.367784253952763],[-71.060912117269467,42.36780896903948],[-71.060915656631678,42.367832305599713],[-71.060918774684026,42.367862504865293],[-71.060922272723744,42.367891879130887],[-71.060931457997526,42.367954479097726],[-71.060938624756858,42.367988257660564],[-71.060890439125032,42.367999599697974],[-71.060921921482475,42.368102349609977],[-71.060763381411235,42.368125616372453],[-71.060813631371602,42.368296214919589],[-71.060717685909353,42.368310941774766],[-71.060679166149995,42.368316007801539],[-71.060620174683592,42.368338008144597],[-71.060598186620368,42.368360427938498],[-71.060599642789441,42.368363999972402],[-71.060631759357506,42.36837482624712],[-71.060699096172868,42.368376729074853],[-71.060736494834785,42.368373304383098],[-71.060786888525598,42.368363619672245],[-71.060797885701291,42.368325519293883],[-71.060811219395063,42.368323648322168],[-71.0608399852471,42.368338025400845],[-71.060842131322289,42.368348736196175],[-71.060831374895088,42.368352263099162],[-71.060832460059956,42.368355835133528],[-71.060833921618922,42.368358582852125],[-71.060832416042501,42.368362144266946],[-71.06083239717789,42.368364889330472],[-71.060832385499793,42.368366534642931],[-71.060831262605689,42.368368452736078],[-71.060830141508205,42.368370094729876],[-71.060829016817479,42.36837201282291],[-71.060826395533482,42.368376393242684],[-71.060821555410712,42.368380765697815],[-71.060816717982902,42.368384313173642],[-71.060822603744654,42.368389550429036],[-71.060819231469097,42.368395846948808],[-71.06082402937102,42.36839778694312],[-71.060834722916155,42.368403041453561],[-71.06083694355155,42.36840305008166],[-71.060839528004607,42.368403882361022],[-71.060840624847572,42.368405808417414],[-71.060843207504021,42.368406642024119],[-71.060844303448661,42.368408568080426],[-71.060845405681519,42.368410216046534],[-71.060847980253115,42.368412146084886],[-71.060849072604498,42.368414621020541],[-71.060850169447463,42.368416545085466],[-71.06085013890474,42.368420936121346],[-71.060860876467331,42.368420154283385],[-71.060864478711622,42.368434438422028],[-71.060842860754306,42.368456581418954],[-71.060806803277117,42.368427082641894],[-71.060753842201237,42.368433193322055],[-71.060709351340165,42.368445368885375],[-71.060662591334676,42.368464673901549],[-71.06063843294173,42.368479948932475],[-71.060603043811113,42.36851356659772],[-71.060604495488633,42.368517962936409],[-71.060655830613854,42.368532426915024],[-71.060743459473187,42.368542641231016],[-71.060784571770483,42.36853730841581],[-71.060785657833648,42.368540881767075],[-71.060836034456472,42.368533940147131],[-71.06084742419597,42.368492274482605],[-71.060859279262758,42.368490397542622],[-71.060888041521522,42.368504773919426],[-71.060890546024552,42.368517409411865],[-71.060882022809125,42.368519022862813],[-71.060881990469781,42.368523686671551],[-71.060883070244756,42.368528081682157],[-71.060883039702034,42.368532472046532],[-71.06088191770624,42.368534115363467],[-71.060880794812135,42.36853602946929],[-71.060880783134024,42.368537675440976],[-71.06087929103235,42.368539591537768],[-71.060878169934867,42.368541234854519],[-71.060877038057612,42.36854397393693],[-71.060874436536551,42.368545886051372],[-71.060874430248333,42.368546709037062],[-71.060872212307913,42.368546700408984],[-71.060869608990217,42.368548336424901],[-71.060866255579271,42.368551891191977],[-71.060872138646062,42.36855739988588],[-71.060868392671338,42.368563698379901],[-71.060873190573261,42.36856536359808],[-71.060879093402988,42.368568130554785],[-71.060881676059424,42.368568964159387],[-71.060883893101547,42.368569795109131],[-71.060886473063036,42.368570903484638],[-71.060887576194204,42.368571731115878],[-71.060890162443911,42.368572562065637],[-71.060891260185187,42.36857448878051],[-71.060892363316356,42.368575315748039],[-71.060893472735742,42.36857531973024],[-71.060897139658735,42.368580548341626],[-71.060899698060666,42.36858522143757],[-71.060900782327209,42.368588793458748],[-71.060912632004118,42.36858774216158],[-71.060917312226749,42.368606419276119],[-71.060901627641883,42.368626939472527],[-71.060893114307945,42.368626906951349],[-71.060869218223061,42.368604590125734],[-71.060856341771782,42.368593837561065],[-71.060574785507242,42.368639136900313],[-71.060592493098099,42.368700672216953],[-71.06058019336524,42.3687129744944],[-71.060582728410964,42.368721214948224],[-71.060590881520497,42.368719328059619],[-71.060592326011459,42.368724819482793],[-71.060600448578271,42.368727318299143],[-71.060601539133032,42.368730067328912],[-71.060658207556088,42.36872232730326],[-71.060672840213755,42.368693844770476],[-71.060685360033858,42.368649440134334],[-71.060697208812456,42.368648386183402],[-71.060748849364884,42.368672730587264],[-71.060756804845042,42.368699380663507],[-71.060747168616984,42.36870126290686],[-71.060747132684384,42.368706476242743],[-71.060745916365477,42.368721838822779],[-71.060745891212662,42.368725406190272],[-71.060744755742121,42.368728969575379],[-71.060743622966555,42.36873253296028],[-71.060742115593513,42.368736094353892],[-71.060739871601939,42.368739653756201],[-71.060737363505666,42.368743065154135],[-71.060737258402767,42.368743207848794],[-71.060735010817936,42.368746769241802],[-71.060721618733695,42.368757144137305],[-71.060715653920198,42.368763433983261],[-71.060720441042349,42.368767018604487],[-71.060717805385295,42.368773321059635],[-71.060722605083853,42.368774986272264],[-71.060732208074256,42.368777767157319],[-71.060740691763797,42.368781364387957],[-71.060745483377502,42.368784128016657],[-71.060750289364279,42.368784968919016],[-71.06075397155864,42.368787727901662],[-71.060758772155509,42.368789392450246],[-71.060762445366706,42.368792973751503],[-71.060764653425679,42.368794904441806],[-71.06076722979391,42.3687965603621],[-71.060769431564694,42.368799313370978],[-71.060772003441343,42.36880206438871],[-71.060773100284294,42.3688037183177],[-71.060775300258427,42.368806468007826],[-71.060777854168791,42.368811967387707],[-71.060778933943737,42.368816361714394],[-71.060778908790923,42.368819929076523],[-71.060791127675401,42.368819153216783],[-71.060799065189272,42.368848544291097],[-71.060768812625454,42.368888492077872],[-71.060760296596555,42.368889282538078],[-71.060697066878646,42.368828398491168],[-71.060634456998301,42.368838859653572],[-71.060634438133675,42.368841604696264],[-71.060628481405018,42.368846795454886],[-71.060628442777471,42.368852283548378],[-71.060619923155301,42.368853896990721],[-71.06062245370947,42.368862138753471],[-71.060642741261844,42.368871820732629],[-71.060660480293762,42.368928141840577],[-71.061029859453754,42.368865339753469],[-71.061041397415266,42.36890901682802],[-71.061076224200505,42.368903113266789],[-71.06123030503467,42.369416842473839],[-71.061236047065975,42.369442660632494],[-71.061240671593069,42.369469296444642],[-71.061242710768752,42.369495370765328],[-71.061242526614109,42.369521989299194],[-71.061240120925788,42.369548597866554],[-71.061235131682693,42.369574648261569],[-71.061227549003377,42.369600412596689],[-71.061217750180248,42.369626170284363],[-71.061206845531032,42.369651099017076],[-71.061193721144718,42.369676021103068],[-71.061177643996089,42.369699834823614],[-71.061159724402813,42.369722264750372],[-71.061140326182553,42.369744418575969],[-71.061118346204196,42.369765739468754],[-71.06109415367527,42.369785952000299],[-71.061069968332873,42.369804521241633],[-71.061043572236557,42.369822255562177],[-71.061014597975401,42.369838333984916],[-71.060985625510838,42.369853317988081],[-71.060954449478899,42.369866642777154],[-71.060849429235674,42.369909052846907],[-71.060885350168931,42.369958854992213],[-71.060570449339352,42.370115436916784],[-71.060561873123333,42.370125284623178],[-71.060539218510186,42.370136723835905],[-71.060517292430731,42.370150085067351],[-71.060511241378961,42.370168721232808],[-71.060474772473384,42.370251453661758],[-71.060373507188032,42.370285917234312],[-71.06015042496027,42.370383029437875],[-71.060098391844051,42.370414935121666],[-71.06023082327988,42.370582005319484],[-71.060195938104144,42.370596143621391],[-71.060189549285838,42.370610385453645],[-71.060175458312301,42.370614722578374],[-71.06012853301678,42.370603842931949],[-71.060124828364565,42.370604651953478],[-71.060104600100999,42.370586739988518],[-71.059959795270473,42.37065588509612],[-71.059850348129487,42.370536097462086],[-71.059580983799975,42.370689833434561],[-71.059647724134024,42.370777623704932],[-71.059709349460832,42.37074932129633],[-71.059734212132938,42.370793048827522],[-71.059739984706965,42.37081447356119],[-71.059833306190257,42.370911148250656],[-71.059878569602461,42.370947818173228],[-71.059974001228355,42.371060416131847],[-71.059986787848118,42.37108433949696],[-71.059991530054504,42.371094235499427],[-71.059995157451624,42.371104953125197],[-71.059997671836101,42.371115662785094],[-71.059998736339708,42.37112197827804],[-71.059998699508782,42.371127192076692],[-71.059998650101448,42.371134327201908],[-71.059997497562932,42.371140632074258],[-71.059995974918536,42.371146938936981],[-71.059994823278331,42.371152970375746],[-71.059992566710349,42.371157628679562],[-71.059988833312033,42.3711628278745],[-71.059986197654979,42.371169128098323],[-71.059982837955815,42.371173506332042],[-71.05997910545581,42.371177882574457],[-71.059974261739782,42.371182530257713],[-71.059956032227745,42.371196728818411],[-71.059936695092915,42.371209826347375],[-71.059925922496049,42.371216098028626],[-71.059743996583009,42.371301014540244],[-71.059650067838589,42.371344286410675],[-71.059640308541347,42.371364556837072],[-71.059577731000346,42.37136980379902],[-71.059417715895407,42.371390595196601],[-71.05940066946458,42.371394097373056],[-71.059310650188266,42.371407197515516],[-71.059243419374098,42.371389927546467],[-71.059144051330634,42.371363751807294],[-71.059113805953331,42.371349368120825],[-71.058898396236401,42.371247832726205],[-71.05869220053934,42.371151548129625],[-71.058448007004088,42.371038378249274],[-71.05822521403384,42.3709343442871],[-71.057966630386048,42.370815632336345],[-71.057709154361007,42.370696919497483],[-71.057691069477698,42.370689717291356],[-71.057683703292355,42.370685298539719],[-71.057677802259263,42.370682530348901],[-71.057671891344697,42.370680861868472],[-71.057665976836859,42.370680013691079],[-71.057660060532413,42.370679168832019],[-71.057652656617833,42.370679140957662],[-71.057646738516723,42.370679117728976],[-71.057640811432506,42.370679916794437],[-71.057634510649095,42.370681541472301],[-71.05762857637832,42.370683438920771],[-71.057493434725288,42.37074603212357],[-71.057092075541178,42.370934377470761],[-71.056809899439088,42.371066930068132],[-71.056378507778405,42.371263113053359],[-71.056133824661316,42.371377970900802],[-71.056101154731053,42.371392937944947],[-71.056091496943452,42.371398387323232],[-71.056089256545135,42.371400850858876],[-71.056085533028266,42.371404402146176],[-71.056082909947634,42.371409057776674],[-71.056080664159424,42.371412615700194],[-71.056078041078806,42.371416996571654],[-71.056078004247865,42.371422209682144],[-71.056076865184082,42.371426595862211],[-71.056077935077596,42.371432087712343],[-71.05607939214498,42.37143566023525],[-71.056081579542706,42.371440059024088],[-71.056084142436205,42.371444459139973],[-71.056087451829711,42.371447218669474],[-71.056091123244286,42.371451622766884],[-71.056095909468127,42.371455207898329],[-71.056434888740583,42.371613477113023],[-71.056787161282614,42.371777010112105],[-71.057181108467319,42.371960185758667],[-71.057468459763768,42.372094105986875],[-71.057711578015642,42.372202882530161],[-71.057718066546926,42.372332976915459],[-71.057538396303585,42.372412412098939],[-71.057436521062158,42.372374703743496],[-71.057339442824357,42.37249726328217],[-71.057362307643288,42.372508877931836],[-71.057185230836168,42.372587499914964],[-71.057162217795209,42.372597290159391],[-71.057052691602507,42.372647633706535],[-71.056895605005408,42.372725509568916],[-71.056878926883854,42.372729012998214],[-71.056373620943262,42.372487232778475],[-71.056045373843489,42.372328178666891],[-71.055451141876304,42.372049830513703],[-71.054783248954138,42.371722073971938],[-71.054761423485999,42.371720891321623],[-71.05420946803271,42.371799155249043],[-71.054181560071783,42.371821274495304],[-71.054180274582606,42.371845417243186],[-71.055061582063473,42.372610588483809],[-71.054936312895407,42.37268940545404],[-71.055840337871459,42.373489507380015],[-71.055942768271748,42.373606525965009],[-71.055747146643895,42.373742975145447],[-71.055609317231543,42.373660394644467],[-71.055259602193104,42.37334292441647],[-71.054681323407067,42.372847850744932],[-71.05465976473856,42.372861214054318],[-71.054563047623503,42.372774402266771],[-71.054415776917494,42.372719498190769],[-71.054040583860996,42.372395340176247],[-71.054039479831502,42.372394509940712],[-71.053848214134462,42.372228025265812],[-71.053613217551089,42.372018565430032],[-71.053576062332638,42.371987412489602],[-71.05348777590649,42.371912157842964],[-71.053451510020182,42.371912017146535],[-71.053440593692827,42.371937768576991],[-71.053478818804805,42.371975236285515],[-71.053472871059313,42.371978780903703],[-71.053443982138077,42.371982234600061],[-71.053420929571274,42.371997512093913],[-71.053431601556824,42.372006334148075],[-71.053419671929859,42.372018637105441],[-71.05333999316079,42.372034516531237],[-71.053574284566679,42.372239312781318],[-71.053605167747818,42.372267970903323],[-71.053613731387429,42.372260869089793],[-71.053704586995266,42.372338878826987],[-71.053868147750634,42.372498123380836],[-71.053875142033434,42.372503362947896],[-71.05437903672069,42.372943821488519],[-71.054467644743681,42.373026213127567],[-71.054296298289756,42.373131469385925],[-71.053968943217072,42.372845913542719],[-71.053757776243245,42.372982298674145],[-71.053570207113594,42.372816926512485],[-71.053028105280674,42.372337074340663],[-71.052935185344325,42.372393791199649],[-71.052932597297982,42.37239378124481],[-71.052918262881008,42.372379456859711],[-71.052825315995179,42.372440564435372],[-71.052987867942463,42.372584709907372],[-71.052998651319143,42.372577619411814],[-71.052999766128409,42.372576799797208],[-71.053095365739267,42.372664433462297],[-71.053015811836005,42.372714889776802],[-71.053221215218983,42.372870727513018],[-71.053448198830026,42.373062322358017],[-71.053567704407214,42.373171450949528],[-71.053657058031902,42.373252750588328],[-71.053896139254874,42.373461403959965],[-71.05406572770579,42.373605577616772],[-71.054210273821539,42.373732638901132],[-71.054435735686468,42.37393136194251],[-71.054583980166257,42.374058438495112],[-71.054582852780555,42.374060903253707],[-71.05463050571143,42.374126124420123],[-71.054693529715152,42.374215549073995],[-71.054707833589418,42.374234265660682],[-71.054721014569566,42.374254073262442],[-71.054724303301839,42.374260122321054],[-71.054726842839145,42.37426726837225],[-71.054729014965488,42.374274409777144],[-71.054730067791013,42.374282644855867],[-71.054730012095447,42.374290603196748],[-71.0547299555016,42.37429856087293],[-71.054729899806048,42.374306519211807],[-71.054728731097853,42.374314746986329],[-71.054726447580421,42.374323518942219],[-71.054723795753688,42.374332290233241],[-71.054718922393278,42.374341327641453],[-71.054714052626124,42.374349264738505],[-71.054710680350553,42.374355563979002],[-71.054705824058132,42.374361857246136],[-71.054700969562333,42.37436787443982],[-71.054694641829471,42.374373337496401],[-71.054683858452805,42.374380431107433],[-71.054673087652532,42.374385602826479],[-71.054662312360705,42.374391873526982],[-71.054651166962984,42.374398139581423],[-71.054639293031542,42.374402484408265],[-71.054627418201818,42.374406829234765],[-71.054620002609141,42.374408722588896],[-71.054611481190364,42.374410335224873],[-71.054604444686731,42.374411130261024],[-71.054595923267954,42.374412197387969],[-71.0545888921542,42.374412170178914],[-71.054577785384055,42.374412949287759],[-71.054567057702926,42.374412085897077],[-71.054556333615068,42.37441094377921],[-71.054545612222142,42.374409257479684],[-71.054533414897222,42.374407288471041],[-71.054521589474831,42.374404773953351],[-71.054509400234721,42.374401158462931],[-71.054497588287049,42.374396722054215],[-71.054486891148642,42.374392017536096],[-71.054475823904355,42.374386760872106],[-71.054466241575227,42.374381234107588],[-71.054456661941032,42.374375161169709],[-71.054450774382644,42.374370473904527],[-71.054445989057129,42.374366886948536],[-71.054262775858305,42.37426464501236],[-71.054200956495407,42.374214463361824],[-71.053871064580363,42.37392094211036],[-71.053565405618414,42.37365440260146],[-71.053564303385556,42.373653299624849],[-71.053192817676219,42.373328605557063],[-71.052795219738215,42.372980482260566],[-71.052809718546897,42.372971483812002],[-71.052738027597329,42.3729045240053],[-71.052727360103333,42.372895425334342],[-71.0526548543818,42.372943439225153],[-71.052412487121501,42.372729555867139],[-71.052419556862802,42.372724093331236],[-71.052081558550626,42.372427790364064],[-71.051774820712026,42.372159323222789],[-71.051440478543071,42.371869340972928],[-71.050988842449129,42.371473802529238],[-71.050853855306343,42.371357475495117],[-71.05072033960397,42.371241975841649],[-71.050685579294054,42.371238275219483],[-71.050526109466503,42.371338359849908],[-71.050520074584412,42.371354251393733],[-71.050522286236657,42.371355357729072],[-71.05060132630355,42.371429482153054],[-71.051115859738729,42.371878778260665],[-71.051556475300757,42.372263569517834],[-71.052034255064399,42.372679788437758],[-71.052096372667975,42.37273985179371],[-71.051706504732991,42.37297349932124],[-71.051710161774508,42.372979826573115],[-71.05157592292835,42.373070133523143],[-71.051410121774666,42.372914444276127],[-71.050755807786345,42.372344415726111],[-71.049993747167889,42.371679289491922],[-71.049972304382052,42.371676460287773],[-71.049631788092142,42.371891634737786],[-71.049630539433906,42.371911388658056],[-71.050369760386246,42.372561061867209],[-71.051185165661224,42.373272494125771],[-71.050806377546948,42.37350892632027],[-71.05078712485377,42.373666635553384],[-71.050197209291525,42.373146798364886],[-71.049340936061014,42.372407481788663],[-71.049310920652431,42.372413400284664],[-71.04921468952594,42.372570808314492],[-71.050736157139511,42.373912308799326],[-71.050572136446718,42.374495335017741],[-71.049665886343689,42.373703416023076],[-71.049466188161091,42.373527011326992],[-71.049316872889506,42.373395534383839],[-71.049226395472402,42.373316699054023],[-71.048987333114042,42.373108032592327],[-71.048986233576144,42.373106382094875],[-71.048985125953394,42.373106377449304],[-71.048920151707222,42.373083897629911],[-71.048910396901533,42.373102518324608],[-71.048869524454432,42.373125408936559],[-71.048859825344309,42.373136071796431],[-71.048796573168531,42.373235707430922],[-71.04879656149042,42.373237356597713],[-71.048790655965746,42.373234861278974],[-71.04867533743608,42.37342238022304],[-71.048687102671366,42.373433126651982],[-71.04907182325978,42.373766944607453],[-71.049215997472999,42.37389318928615],[-71.04920770332798,42.373914561198326],[-71.049310318781195,42.374003870016359],[-71.049339209499038,42.374000416431223],[-71.049363137024955,42.374018348659128],[-71.049743041745117,42.374302475006019],[-71.049923636354904,42.374459048093172],[-71.050004504493415,42.374536745846207],[-71.050318437837433,42.374834609016546],[-71.050675378923998,42.375174623118802],[-71.05070777127483,42.375198897303243],[-71.050681365297052,42.375217454989858],[-71.050549575258358,42.375326701280315],[-71.050430818876123,42.375425025433692],[-71.050389900614931,42.375454226274712],[-71.050334524867552,42.375486940332003],[-71.050290391535952,42.375447526314765],[-71.050278175346406,42.37544857749711],[-71.050149150322142,42.375325136449014],[-71.049831706361985,42.375519822269261],[-71.049766244330598,42.375461667503195],[-71.049640568225726,42.375544047212053],[-71.049639463297936,42.375543217681781],[-71.049409623942609,42.375388923534288],[-71.04918012504875,42.375239294972367],[-71.048918199668108,42.375069783061996],[-71.048719786076347,42.37523200303378],[-71.048920921563408,42.375362860950943],[-71.049181732134798,42.375533192309909],[-71.049556005316461,42.375777236362765],[-71.049791775349291,42.375930457809673],[-71.049970052305639,42.37604969696072],[-71.049874606306687,42.376252385743825],[-71.049897507058233,42.376258788317664],[-71.049881720065429,42.376292478135426],[-71.049866214245299,42.376287204376439],[-71.049795327287924,42.376419464304192],[-71.049735515659677,42.376554788520707],[-71.049684353010989,42.376671211443025],[-71.049641492592158,42.376765439673378],[-71.049608702287657,42.376796596216288],[-71.049561755432606,42.376840865025116],[-71.049533819623875,42.37686572586054],[-71.049486523324177,42.376906701125193],[-71.049481680506474,42.376911072986459],[-71.049458946841568,42.376933212995098],[-71.049446645312088,42.376945786403638],[-71.04943842213396,42.376957280780907],[-71.049391038697678,42.377010605081601],[-71.049322013049562,42.37708853857675],[-71.049308578744487,42.37710467685487],[-71.049304839057967,42.377109874893939],[-71.049302604947854,42.377111788074799],[-71.049301472172274,42.377114528774271],[-71.049298867057956,42.377116987440417],[-71.04929773158743,42.377120550349495],[-71.049296601506796,42.377123290385022],[-71.049295100421972,42.377126029093176],[-71.049295080659036,42.377128772446504],[-71.049293952375024,42.377131238411749],[-71.049293938900306,42.377133158891667],[-71.049293919137369,42.377135901581063],[-71.049293901171055,42.377138371527685],[-71.049294987234234,42.377141943062398],[-71.049297560009222,42.377144697696345],[-71.049298644275765,42.377148270557925],[-71.049301206270954,42.377151847400924],[-71.049304514766149,42.377155428225372],[-71.049308191570603,42.377159007722433],[-71.049310753565791,42.377162585892044],[-71.049314062959297,42.377165343843131],[-71.04931774784859,42.377167825733537],[-71.049329891274596,42.377177753957838],[-71.04927273865961,42.377251620003463],[-71.049214499083106,42.377322463239608],[-71.049210822278653,42.3773188830883],[-71.049208627694398,42.377315305591203],[-71.049206054919438,42.37731282702466],[-71.049202737441092,42.377310891950913],[-71.04920016646274,42.377308137324256],[-71.049197951217252,42.377307305826498],[-71.049195369459127,42.377306472337864],[-71.049193150620383,42.377305640840078],[-71.049191680976548,42.37730453925478],[-71.049189467527711,42.377303705102541],[-71.04918688127799,42.377302870950253],[-71.049184661540949,42.377302862323383],[-71.049182069003024,42.377302852369326],[-71.049179849265954,42.377302843742456],[-71.049177263016261,42.377302010253764],[-71.049175037889299,42.377302824497868],[-71.049172816355593,42.377302815870991],[-71.049170225614318,42.377302805916933],[-71.049168007673885,42.377302797290021],[-71.049165408847756,42.377303610870534],[-71.049164298530059,42.377303606225311],[-71.049161701500594,42.37730442179658],[-71.049159473678685,42.377305508782555],[-71.049158357971095,42.377306327008249],[-71.049155753755102,42.377307963459629],[-71.049153534018032,42.377307954832752],[-71.049152049102872,42.377309047127511],[-71.049150931598646,42.377309866680349],[-71.049144964988542,42.377316154342601],[-71.049084146348847,42.377385339821316],[-71.048976238920289,42.377517730820536],[-71.048242098839182,42.376876027745105],[-71.048194274330086,42.376835502388388],[-71.048136835152505,42.376794391700614],[-71.048088421348595,42.376836185243647],[-71.048118214873284,42.376862095248796],[-71.048114489559808,42.376865649545358],[-71.048151661846262,42.37689433409156],[-71.049282671331696,42.377883345341324],[-71.049278175263709,42.377994738379961],[-71.04915514739227,42.378068071922961],[-71.049013473190499,42.378057637514452],[-71.048840250155962,42.377903841271817],[-71.048663697066644,42.377749750677332],[-71.048474633140358,42.377586011586807],[-71.048294392466829,42.377430263856105],[-71.048104610786623,42.377263777267245],[-71.047919593770715,42.377103617736964],[-71.047800004650213,42.377006830475125],[-71.047786604481104,42.37701748139466],[-71.047767488331857,42.376999566613314],[-71.047681414456278,42.376925414919043],[-71.047675524202972,42.376921001914972],[-71.047671835720422,42.376919064174764],[-71.047668538005013,42.376914661787993],[-71.04766595894182,42.376912730020031],[-71.047663745492969,42.376911898517029],[-71.047661177209562,42.376909146527311],[-71.047658952980925,42.376909137236765],[-71.047657848951445,42.376908307724527],[-71.047656370324475,42.376908301752046],[-71.047654146994148,42.376908293125105],[-71.047653038473086,42.376908288479861],[-71.047651558947805,42.376908283170998],[-71.047649339210764,42.376908273880446],[-71.047648227096431,42.37690826989877],[-71.04764674757115,42.376908263926289],[-71.047644513461037,42.376910176449663],[-71.047641921821452,42.376910166495549],[-71.047588944575892,42.376917916130019],[-71.047517057793584,42.376929981880252],[-71.047515567488531,42.376931073517959],[-71.047509627827878,42.376933520909944],[-71.047503686370575,42.376936239718106],[-71.047502563476471,42.376938156222309],[-71.047502557188267,42.376938979098043],[-71.047501067781539,42.37694062020423],[-71.047499949379002,42.37694171449624],[-71.047498833671426,42.376942532063055],[-71.047498821993329,42.376944179141638],[-71.047497711675632,42.376944174496394],[-71.047497691912696,42.376946918521234],[-71.047497660471663,42.376951308960777],[-71.047497621844101,42.376956796346143],[-71.047497615555883,42.37695762121249],[-71.047539836374256,42.377108436856098],[-71.047604113527768,42.377332332378572],[-71.047659437172868,42.377514208413835],[-71.047729762683176,42.377772153176146],[-71.047791946762118,42.377978204162247],[-71.047859800108768,42.378219950634772],[-71.04787053317979,42.378219993104885],[-71.047952863775578,42.378507072011757],[-71.047943241022253,42.378507034850522],[-71.047969940749127,42.378603456815348],[-71.048039307757065,42.378840817873154],[-71.048102488965924,42.379062788125289],[-71.048153068608002,42.379235864654618],[-71.048155262293932,42.379239438724369],[-71.048157825187445,42.379243839621019],[-71.048157810814388,42.379245760036284],[-71.048158907657353,42.379247410372379],[-71.048160005398614,42.379249336759791],[-71.048161114818015,42.379249340741325],[-71.048162582665185,42.379250992404529],[-71.0481636884913,42.379251819895032],[-71.04816478443594,42.379253746282359],[-71.048165894753637,42.379253750263835],[-71.048165888465419,42.379254573109279],[-71.0481673679907,42.37925457908154],[-71.048168471121869,42.379255405908452],[-71.048169581439552,42.379255410553526],[-71.048169573354727,42.379256509450272],[-71.048170688163992,42.379256514095346],[-71.048172165892638,42.379256520067607],[-71.048173277108646,42.37925652404914],[-71.048175489659172,42.379257356184695],[-71.048244259287443,42.379267503725181],[-71.04845793705249,42.379302094403748],[-71.048463853356964,42.379302940473956],[-71.048599531304205,42.379324878573271],[-71.048744808648593,42.379349597745517],[-71.048745918067965,42.379349601726986],[-71.048767260242485,42.379367520483029],[-71.048804403782867,42.379400595481897],[-71.048840114510341,42.379427351824688],[-71.048862938905074,42.379444454351486],[-71.048876198936995,42.379453287304031],[-71.048900224379267,42.379458048511147],[-71.048993949206121,42.379445791471191],[-71.049008400404091,42.379443378683433],[-71.049078025228511,42.379437338750655],[-71.049233225363508,42.379420112131875],[-71.049317144180733,42.379433886127849],[-71.049628060083705,42.379483126629147],[-71.049904230049819,42.379525917737418],[-71.050133446872664,42.379561662905857],[-71.050167113034576,42.379563715364164],[-71.050185478192233,42.379531680947963],[-71.050286414694185,42.379546347437135],[-71.050335645066696,42.379545440320676],[-71.050360875149778,42.37953675735055],[-71.050387013429614,42.379556343634285],[-71.050447225706449,42.379572768609108],[-71.050664700650216,42.379594200301526],[-71.050696965440281,42.37958526849512],[-71.050741313469217,42.379594498913171],[-71.05077607916904,42.379598201033708],[-71.050803944909163,42.379582942641889],[-71.050911916118082,42.379440947315246],[-71.050886881867768,42.379422189147419],[-71.050916817326282,42.379428342554363],[-71.051545028967411,42.379671448429384],[-71.051646898818944,42.379711087403571],[-71.051840008757267,42.379724187802012],[-71.051868857254277,42.379727044514006],[-71.05200808444522,42.379770394190047],[-71.052065748201628,42.379780495860665],[-71.052147492197534,42.37978794984808],[-71.051485280221229,42.380633566559581],[-71.051329264415941,42.380608808742153],[-71.051050506403513,42.380564090697661],[-71.051048300141176,42.380562435751138],[-71.051018366479269,42.380556005746122],[-71.050911784065761,42.38050208326009],[-71.050932707625336,42.380422034550335],[-71.05078003175629,42.380396469081283],[-71.050567804770424,42.380365182936949],[-71.050339691977058,42.380329714936124],[-71.050128223169281,42.380295959599742],[-71.049896778524541,42.380261025737177],[-71.049654250465821,42.380222757392076],[-71.049420234842728,42.380185347026284],[-71.049125947653977,42.380139464768561],[-71.048809110954949,42.380089378058777],[-71.048501882636202,42.380041797638214],[-71.048226823886097,42.379998731496975],[-71.047936243146196,42.37995231425932],[-71.047724025143467,42.379920198421239],[-71.047716632906997,42.379918522223278],[-71.047709608979787,42.379917395467871],[-71.047702208658478,42.37991736627044],[-71.047698507599506,42.379917351671722],[-71.047696286964126,42.379917343045207],[-71.047693686341375,42.379918431976684],[-71.047690357184933,42.379918419368686],[-71.04768775296894,42.379920055751981],[-71.047685533231856,42.379920047125466],[-71.047682934405728,42.379920858681309],[-71.047680706583847,42.379921948939895],[-71.04767811135099,42.37992276182284],[-71.047675878139188,42.379924399533152],[-71.047674391427392,42.379925491782402],[-71.047672163605498,42.379926305992527],[-71.047671040711393,42.37992794635705],[-71.047668437393696,42.379929858124925],[-71.047667318092849,42.379931499816493],[-71.047666184418958,42.379934240392949],[-71.047664692317255,42.379936152824172],[-71.047663570321475,42.3799377958428],[-71.047662441139167,42.379940535091798],[-71.04766242946107,42.379942181428163],[-71.047661285905704,42.379946843061553],[-71.047659777634351,42.379950405810021],[-71.047625544635508,42.380079239941139],[-71.047557573609524,42.380319630606728],[-71.047481326404835,42.380578645465746],[-71.047423215287424,42.380785869722366],[-71.047371507361362,42.380977478243288],[-71.047323298373328,42.381145499101905],[-71.047323265135645,42.381150163963746],[-71.047321994917851,42.381172387414075],[-71.04732198323974,42.381174031727461],[-71.047323088167559,42.381174861183339],[-71.047324186807145,42.381176787511677],[-71.047325653755991,42.38117843713345],[-71.047327865408235,42.381179543295723],[-71.047328967641079,42.381181196898837],[-71.047330445369724,42.38118120287092],[-71.047332646242182,42.38118395268269],[-71.047333750271648,42.381184781474921],[-71.04733854907191,42.381186721074222],[-71.047343349668793,42.381188384630583],[-71.047348152960595,42.381189229348266],[-71.047354067468447,42.381190350108774],[-71.047357759544241,42.381192009020104],[-71.047460911291708,42.381207509221902],[-71.047678308082041,42.381240469782078],[-71.048040988504951,42.381298147403015],[-71.048313466395243,42.381340928648051],[-71.048600369432364,42.381384862471975],[-71.048905378912366,42.381433256728918],[-71.049157160516842,42.381471836873807],[-71.049350516593535,42.381502777414873],[-71.049540196764084,42.381530414070809],[-71.049702506166241,42.381554924016719],[-71.049767218104378,42.381563132925436],[-71.049772566673568,42.381643555755232],[-71.049708421572404,42.3817119083444],[-71.049629729153494,42.381795294434376],[-71.04952937206491,42.381906311595635],[-71.049455053543142,42.381999591711534],[-71.049429681526249,42.382028031051227],[-71.049379144105004,42.38205637217181],[-71.049316319527293,42.382094269799261],[-71.049252391818413,42.382131611345081],[-71.049209170276825,42.382119643473303],[-71.049124163599814,42.382102570208048],[-71.049005153892637,42.382078781096808],[-71.048863616234797,42.382047216433897],[-71.04868728772432,42.382016066477448],[-71.04844961775467,42.381970678579805],[-71.04823229372785,42.381927020541859],[-71.04801979365412,42.381881729459167],[-71.047879417517947,42.381843585523526],[-71.047652780656591,42.381808119021386],[-71.04763846959581,42.381791050316316],[-71.047523133998169,42.381770838994115],[-71.047514079878425,42.381846539018511],[-71.047512339841717,42.381934067514194],[-71.047505763275524,42.382025694008043],[-71.047492422395237,42.382183425647654],[-71.047481815986671,42.382320590745238],[-71.047476594978249,42.382377644298622],[-71.047474221629258,42.3823990411925],[-71.047471479971023,42.38242043409781],[-71.047470175617221,42.38244704516319],[-71.047472691798333,42.382457758197368],[-71.04747593920807,42.382469294696541],[-71.047479564808569,42.382480011708196],[-71.047487983819408,42.382493489752846],[-71.047496404626884,42.382505872272503],[-71.047511757733417,42.382532825030104],[-71.047551944765956,42.382606796252752],[-71.047570904608349,42.382646935680562],[-71.047590963090329,42.382688175246514],[-71.047614720834645,42.382730802928336],[-71.047637353888234,42.382774796826119],[-71.047653768803414,42.382808613203302],[-71.047661041563956,42.38282647656137],[-71.047670543943028,42.382843530386914],[-71.047712391960545,42.382892537963649],[-71.047744354018349,42.382925592526391],[-71.047776688877008,42.382958649725957],[-71.047806413231442,42.382994440051938],[-71.047837250598519,42.383030232348176],[-71.047915150703332,42.38310984112055],[-71.047919954893445,42.383110686475952],[-71.047947122642597,42.383142074101521],[-71.04796731048198,42.383165478618132],[-71.047991195787063,42.383190269931688],[-71.048085831505617,42.383258419120047],[-71.048156168694049,42.383308638000948],[-71.048249734519089,42.38337129492816],[-71.04836322318053,42.383443086758767],[-71.048475658118107,42.383507740143877],[-71.04852612906403,42.383540867372098],[-71.048643512820504,42.383585783685326],[-71.048788627569834,42.383634646031254],[-71.048817430252797,42.383644364218441],[-71.049208109366475,42.383774319446857],[-71.049544195165424,42.383826401126129],[-71.049598611512067,42.38382579133593],[-71.049882690245937,42.383592556429825],[-71.049935926206317,42.383549136403246],[-71.04996213814799,42.383558842659959],[-71.049977649357999,42.383563567061067],[-71.050011293062013,42.383568912534749],[-71.05005193823537,42.38357895122158],[-71.050158800024946,42.383594460123618],[-71.050167303477409,42.383595316089099],[-71.050185428784886,42.383597309360617],[-71.050193926847484,42.383598988114514],[-71.05020206558396,42.383600118785111],[-71.050215364243428,42.383603738390626],[-71.05022866110626,42.383607355341823],[-71.05024046766404,42.383612617205827],[-71.050253750153828,42.383618979880389],[-71.050267035338564,42.383624244397623],[-71.050278829319922,42.383631426541392],[-71.050286201793469,42.383635845709257],[-71.050293200567836,42.383640536264075],[-71.050299086329588,42.383645774901503],[-71.050305331417434,42.383652110367613],[-71.050310112251381,42.383656518917434],[-71.050324397261036,42.383677977748086],[-71.050350365759257,42.383721712866006],[-71.050388515412749,42.383770157741203],[-71.050385806093857,42.383786883523094],[-71.05038941013477,42.383800345362332],[-71.050365205927761,42.383820831398971],[-71.050273235510659,42.383897852705921],[-71.050406756602911,42.383911822126237],[-71.050644584676064,42.383935800977646],[-71.050861727243174,42.383954484808164],[-71.050863198683601,42.383955316217907],[-71.050938637404528,42.383965488877067],[-71.05091352500078,42.384113297143223],[-71.051228318032528,42.384141413711802],[-71.051759105584452,42.384193152703617],[-71.052340554525145,42.384251670297971],[-71.052863935467556,42.384304470849564],[-71.053315556290116,42.38434985706008],[-71.05348866074705,42.384367540826247],[-71.053733518137321,42.384392364178154],[-71.054105991993453,42.384429482074566],[-71.05476031137168,42.384495403112432],[-71.054956337241407,42.38451674089405],[-71.058809021052141,42.384909165543696],[-71.060038075362641,42.383235319204353],[-71.060110214571523,42.383240812012467],[-71.060302557348592,42.38325938391111],[-71.060319493286627,42.383219382891838],[-71.060349501508711,42.383215107019971],[-71.0604734744078,42.383218325867674],[-71.060584007611951,42.383238232157758],[-71.060672788111475,42.38324570365031],[-71.059602809268128,42.384669081747859],[-71.059914245295658,42.384807477564529],[-71.059993123665805,42.38469554654759],[-71.060091178372332,42.384594389708809],[-71.060100971805568,42.384569454963923],[-71.060244050972443,42.384380938178452],[-71.060419973444425,42.384152752168724],[-71.060552228810451,42.383975991975063],[-71.060746495778844,42.383718239909122],[-71.061091949209569,42.383275019628734],[-71.061457037117449,42.383309340028561],[-71.061569631056841,42.383352577083436],[-71.061059053802168,42.384015246035794],[-71.061357802922942,42.384115446328686],[-71.061629265716974,42.383933726102001],[-71.062074022512448,42.383421178630599],[-71.062103889699017,42.383437482493491],[-71.062262656145705,42.383440830056706],[-71.061270409422221,42.384921321324889],[-71.061292860117803,42.384992751752833],[-71.060480022227907,42.384886198940436],[-71.060455871021503,42.385058984718953],[-71.062097472134624,42.385219460363757],[-71.0621480814211,42.385073393796965],[-71.062218736613147,42.385079972632134],[-71.062229645753959,42.385055044051832],[-71.062220031983784,42.385053361355709],[-71.062339047979137,42.384917433067614],[-71.062349876271583,42.38490403052166],[-71.062386084665746,42.384859712988238],[-71.062422679335469,42.384813477169189],[-71.062455179484132,42.384770794501648],[-71.062489170836173,42.384726468248324],[-71.06253545922614,42.384669568113694],[-71.062607914642001,42.384576271395218],[-71.062679603794933,42.384486537029154],[-71.062759539482172,42.384381744368397],[-71.062767026940065,42.384369147234693],[-71.062775607647652,42.384359576463602],[-71.063402254423565,42.383556296658817],[-71.063404843368218,42.383556306611887],[-71.063505776276912,42.383572879836684],[-71.063506883001324,42.38357370727028],[-71.063521317131304,42.383573762344028],[-71.063557538101904,42.383527524914371],[-71.063621084026764,42.383544778938457],[-71.063649910964244,42.383551198020783],[-71.063741226509507,42.383566637258085],[-71.063775941903657,42.383578294981177],[-71.063924843950204,42.383616179746291],[-71.063970278042319,42.383629796226664],[-71.06399204691661,42.383639756606165],[-71.064013435803531,42.383651363223237],[-71.064055489535235,42.383672103443715],[-71.064115269722436,42.383698123429667],[-71.064173939591981,42.383724965528145],[-71.064228898521037,42.383752887190631],[-71.064233685643188,42.383756472283387],[-71.064237360651035,42.383760054058307],[-71.064241039252124,42.383763634505918],[-71.064244708870064,42.383768039066666],[-71.06424801916188,42.383770797391136],[-71.064250582055379,42.383775197970138],[-71.064252778436256,42.383778772445055],[-71.064254229215436,42.383783168378756],[-71.064254191486199,42.383788655830649],[-71.064254155553584,42.383793869241273],[-71.064252641892338,42.383798529261661],[-71.0642514588111,42.383809225476782],[-71.064249177090275,42.38381799876057],[-71.064245403267762,42.383828687009945],[-71.064237918504816,42.383840182117943],[-71.064228218496382,42.383851671915558],[-71.06421999891154,42.383862342243702],[-71.064193112335076,42.383897089639632],[-71.064183388970449,42.383911323147338],[-71.064161712622635,42.383941427095088],[-71.064139667067252,42.38397179976014],[-71.06409483933794,42.384031178828621],[-71.064081751782581,42.384050061027558],[-71.06403544812126,42.384109434050217],[-71.063989510074251,42.384169079728835],[-71.063983538074254,42.384176192802812],[-71.063977190578441,42.384184126002687],[-71.063875591119796,42.384317377201903],[-71.063785535910895,42.384440794601737],[-71.063701819214629,42.384557372766331],[-71.063601365107971,42.384685965209833],[-71.063456866602948,42.384867348178723],[-71.06341465476774,42.384923165261114],[-71.06336718419486,42.384989943717677],[-71.063341645989667,42.385043355417352],[-71.063336700764026,42.385062818558495],[-71.063335559903607,42.385067205112954],[-71.063335527564249,42.385071870347012],[-71.063336602847656,42.385077088959257],[-71.063336577694827,42.385080655397786],[-71.063337661063059,42.385084224490136],[-71.063338739939724,42.385088619668906],[-71.06334242033742,42.385092201367826],[-71.063347193086543,42.385097708610978],[-71.063350862704468,42.3851021124146],[-71.06335565072493,42.385105700084452],[-71.063360443236988,42.385108460340746],[-71.063366340676822,42.385112050000792],[-71.063372246201496,42.385114543520523],[-71.063381833022191,42.385120066022772],[-71.063391427029458,42.385124493048117],[-71.063402512240046,42.385127280507994],[-71.063413215666657,42.385131711513992],[-71.063427617457293,42.385136157117181],[-71.063443140345399,42.3851397839329],[-71.063458667725087,42.385142583999048],[-71.063521176994144,42.385149132968486],[-71.063612526675371,42.385160183274571],[-71.063566538322718,42.385388041824861],[-71.064893800053312,42.385508866742136],[-71.064906307297022,42.385412597374703],[-71.06370530467791,42.385286212627832],[-71.063703897017888,42.385168485268586],[-71.063796368694909,42.385177617328047],[-71.063887359948339,42.385187020103309],[-71.063933235113282,42.385190761705417],[-71.063978731189167,42.385195324084329],[-71.064025707688629,42.38519989243462],[-71.064071202866188,42.385204728847498],[-71.06409044477958,42.385205624602328],[-71.064109685794648,42.385206520357144],[-71.064252473009063,42.385219683307099],[-71.064324596048266,42.38522791562346],[-71.064396722680755,42.385235322517666],[-71.064504737008818,42.385245611749234],[-71.064529903311495,42.385245707296335],[-71.064553977262818,42.38524387730353],[-71.064563617084119,42.385241167480864],[-71.064573254210501,42.385239560431202],[-71.064582891336855,42.385237674038855],[-71.064592533853116,42.385235242895028],[-71.064601075933155,42.385230609522218],[-71.064609619809829,42.385226252174135],[-71.064617781902498,42.385223538369551],[-71.064631174885079,42.385213984316792],[-71.064644572359214,42.385203331469889],[-71.064657968935038,42.38519268193884],[-71.064687033926063,42.385165077416957],[-71.06471351985391,42.385134992634597],[-71.064748625116891,42.385089571161409],[-71.06478373397313,42.385044152972931],[-71.06486997044378,42.384937736270416],[-71.064896417744052,42.384913688795081],[-71.064903853099665,42.384908502018448],[-71.064909808031686,42.384903858668615],[-71.064918359094875,42.384898677199367],[-71.064925414463119,42.384895135964506],[-71.064933937678532,42.384893248898265],[-71.064940975978786,42.384892453994823],[-71.06494949110936,42.384892485844034],[-71.064958006239948,42.384892518356793],[-71.064977233780283,42.384895332368032],[-71.064996462218929,42.384898149696738],[-71.065015684369399,42.384901790460233],[-71.065034898435002,42.384907076766204],[-71.065161907639762,42.38495310815069],[-71.065230210144065,42.384978336021049],[-71.065311779866818,42.385012396715304],[-71.065393354979449,42.385045635285124],[-71.065413649718337,42.385054768025995],[-71.065492616123393,42.385090738298921],[-71.0655309786776,42.385109544537492],[-71.065570459634344,42.385127528002087],[-71.065649427836021,42.385163500223875],[-71.065657916017145,42.385167099833623],[-71.065738380812078,42.385200330359247],[-71.065819583123883,42.385233566838963],[-71.065901166321368,42.385265980534498],[-71.065959882004975,42.385285685791935],[-71.066018595891947,42.385306487843465],[-71.066048858337226,42.385318950757913],[-71.066078750676624,42.385332507815569],[-71.066077597239797,42.38533881657068],[-71.06607607190044,42.385344846646476],[-71.066073804552673,42.385351971530667],[-71.066068935683816,42.385360186578147],[-71.066064081188017,42.385366204708511],[-71.06605546454783,42.385381538663232],[-71.066049462903408,42.385393043439734],[-71.066048324737949,42.385396604552163],[-71.066045707047209,42.385400985111602],[-71.066045676504487,42.385405375623527],[-71.066044536542393,42.385409761490571],[-71.06604450510136,42.385414427362647],[-71.066044474558637,42.385418817873621],[-71.066044444914226,42.385423208384346],[-71.066045524689187,42.38542760221236],[-71.06604660985407,42.385431174602601],[-71.066048056141668,42.385435843790745],[-71.066049144899793,42.385439414853501],[-71.066051349365509,42.385441893099262],[-71.066052801941311,42.385445465488736],[-71.066057582775258,42.385450147946187],[-71.06606237079572,42.385453733605559],[-71.066067153426289,42.385458142692357],[-71.066071946836658,42.385460904260157],[-71.066077845174817,42.385464495227112],[-71.066083748902855,42.385466986078775],[-71.066095930058111,42.385471697729457],[-71.066108855018413,42.385476136673375],[-71.066122158169463,42.385479752853115],[-71.066135457727242,42.385483370359765],[-71.066148406043737,42.385484242223924],[-71.06618094302334,42.385489581562382],[-71.066226426522789,42.38549606215313],[-71.066279343581257,42.385498184086948],[-71.066328570360483,42.385498369872309],[-71.066338202096972,42.385497306914843],[-71.066349313358728,42.385496525952924],[-71.066358935213728,42.385496561782965],[-71.06636855527212,42.385497421040071],[-71.066378179822067,42.385497457533639],[-71.066389994464686,42.385502169182047],[-71.066399596556749,42.385504673966096],[-71.066406982505029,42.385507446811665],[-71.066413989364236,42.385511039766499],[-71.066421017783014,42.385511889070649],[-71.066435439336587,42.385513863702784],[-71.066519772277161,42.38552296187256],[-71.066580807410816,42.385528680740414],[-71.066642207260486,42.385535222370841],[-71.06672394676481,42.385544311911744],[-71.066806795688521,42.385553679465609],[-71.066971383218259,42.385572958654002],[-71.067017995900017,42.385576701560161],[-71.067063861183485,42.385581265238095],[-71.067105646318936,42.385587735203067],[-71.067146688547624,42.385593925162816],[-71.067189964886452,42.385598750929027],[-71.067280938173582,42.38561061993699],[-71.067372303126163,42.385619744633459],[-71.067461088117284,42.385627213188528],[-71.067550248604178,42.385633859644507],[-71.067616085233027,42.385641240613587],[-71.067681170870316,42.385650267768533],[-71.067803608548601,42.385662526914899],[-71.067820280381966,42.38565984431451],[-71.067834741461411,42.385656330990294],[-71.06784920882906,42.385651994240803],[-71.067862569472268,42.385646557379125],[-71.067875939098641,42.385640295764688],[-71.067888934127552,42.385634308182368],[-71.067901190741281,42.385628045239699],[-71.06791309162216,42.385620131464272],[-71.067924248697992,42.385612214370298],[-71.067933561532541,42.385604017934313],[-71.067943241778039,42.385595274094889],[-71.067954427599972,42.385583789924517],[-71.067965244214292,42.385571208292895],[-71.06797494242609,42.385560542236306],[-71.067983553676427,42.385546305784921],[-71.067983565354524,42.38554465760491],[-71.067984688248629,42.385542742026921],[-71.067985809346112,42.385541101145549],[-71.067986932240217,42.385539183576853],[-71.067986943918314,42.385537537387258],[-71.067989549930942,42.385535625126643],[-71.067990664740208,42.38553480700817],[-71.067991786736016,42.38553316479954],[-71.067994391850334,42.38553125253879],[-71.067996618773918,42.385530439064929],[-71.067999212210125,42.385529624927472],[-71.068001443625306,42.385528534766316],[-71.068004037061527,42.385527720628829],[-71.06800773901881,42.385527734562764],[-71.068009965044084,42.385526920425271],[-71.068012557581994,42.385526929714544],[-71.068015893924965,42.385526121548764],[-71.068018485564565,42.385526130838045],[-71.068020707098256,42.385526139463785],[-71.068024400970714,42.385526974170311],[-71.068026993508624,42.385526984123111],[-71.068030323563377,42.385526996729929],[-71.068032910711395,42.385527829445905],[-71.068035125956868,42.385528661498348],[-71.068037707715021,42.385529769574575],[-71.068039924757144,42.385530601626989],[-71.06804250741358,42.385531433015856],[-71.068044721760742,42.385532264404766],[-71.068047307112138,42.385533373144412],[-71.068049514272786,42.385535027959861],[-71.068052095132586,42.38553695879903],[-71.068053193772187,42.385538608969782],[-71.068054290615152,42.385540532510106],[-71.068055383864859,42.385543007434322],[-71.06805685261034,42.385544932965111],[-71.068056847220461,42.385545758382129],[-71.068056840932243,42.385546581145057],[-71.068056833745729,42.385547677277636],[-71.068057943165101,42.385547681922233],[-71.068057937775208,42.385548504685197],[-71.068057932385329,42.385549327448089],[-71.06805903821143,42.385550156182646],[-71.068059030126591,42.385551252978686],[-71.068060147630803,42.385550160163774],[-71.068061617274608,42.385552086357819],[-71.068062720405777,42.385552913101805],[-71.068067558731897,42.385549363278102],[-71.068072389871503,42.385546639534688],[-71.068076117879926,42.385542262966517],[-71.068121997536423,42.385490844239193],[-71.068126853828858,42.385484553414429],[-71.068151111036485,42.385455282259976],[-71.068175372735666,42.385426012418982],[-71.068226102396395,42.385369125525287],[-71.06823354044694,42.385363664752362],[-71.06824172320087,42.385357657901586],[-71.06825027516237,42.385352203762828],[-71.068259930255039,42.38534784907727],[-71.068269581754464,42.38534349505494],[-71.068275511533656,42.385342417497398],[-71.06828292173644,42.38534162259964],[-71.068288847922361,42.385340822393708],[-71.068296250040305,42.385340849598073],[-71.068302173531293,42.385340872157762],[-71.068309208238261,42.385340898698594],[-71.068370559578923,42.38535457452172],[-71.068453336637404,42.385374368663101],[-71.06854202281383,42.385396104921519],[-71.068629606757398,42.385417013099605],[-71.068717184412748,42.38543874536218],[-71.06880476027149,42.385460476290156],[-71.068881615635632,42.385480249165482],[-71.068924846160371,42.385491936391659],[-71.068968080278353,42.38550279819799],[-71.069055640865741,42.3855264519811],[-71.069143213131198,42.385549005641629],[-71.069216393487508,42.385565196817375],[-71.069303972041183,42.385586927038062],[-71.069348321866769,42.385596974027955],[-71.069392671692341,42.385607016371587],[-71.069481742347705,42.385626834319964],[-71.069500951023429,42.385632393270633],[-71.069522385724426,42.385637686813752],[-71.069608833299171,42.38566215799932],[-71.069696404666317,42.38568471426516],[-71.069782867512416,42.385707263887774],[-71.069792464214586,42.385710867447415],[-71.069826092647247,42.385719773832292],[-71.069941743553571,42.385804173096034],[-71.069988517932075,42.385838924061801],[-71.070019807151752,42.385864011574448],[-71.070051847363004,42.385888278972736],[-71.070116652725901,42.385938465891876],[-71.070237088957725,42.38602699987738],[-71.070292344330866,42.386066445737995],[-71.070345023335747,42.386103962742681],[-71.069852254283262,42.386444307295719],[-71.069852246198451,42.386445404076134],[-71.069890603362751,42.386465854083703],[-71.070042545308212,42.386548470162197],[-71.070263087998683,42.386667835785502],[-71.070461869001392,42.386775323770799],[-71.070606813969107,42.386853522491457],[-71.070780158276222,42.386945821233624],[-71.070954933599594,42.387046357226055],[-71.071145592933817,42.387151342498989],[-71.071303442200588,42.387236446466261],[-71.071439896292233,42.387311045125884],[-71.071584860124574,42.387386500937673],[-71.071708418002032,42.387451994231668],[-71.071845997682729,42.387524675127139],[-71.071950346884449,42.387584610163131],[-71.072047327205894,42.38763930219374],[-71.072058031530815,42.387644007046411],[-71.072016810537392,42.387718491763977],[-71.072020131608994,42.387719603782536],[-71.072344070388638,42.387822338019816],[-71.072347761566149,42.387823998082929],[-71.072353755125718,42.387813319802639],[-71.072365673972897,42.387802660098451],[-71.072421008397782,42.387830583264794],[-71.072434475940511,42.387810051428474],[-71.07247944829858,42.387892266978206],[-71.072486398563953,42.387904641798109],[-71.07256619770726,42.388036927681213],[-71.072598332241611,42.388102080588958],[-71.072712011345871,42.388151621488561],[-71.072721717642509,42.388139035727107],[-71.072733874543246,42.388148134843433],[-71.072687365167738,42.388237968807118],[-71.072756066524022,42.388369940157617],[-71.072833659405006,42.388500296302702],[-71.072931034985174,42.38866118512744],[-71.07292832027639,42.388679834377385],[-71.073093707306725,42.388965557736384],[-71.073268311950173,42.389256527916174],[-71.073444035894482,42.389546953360167],[-71.073611661526485,42.389830761969328],[-71.073772375520704,42.390096985341565],[-71.073939643623248,42.390379144074188],[-71.074039613537948,42.390540866040432],[-71.074154247551348,42.390503698016722],[-71.074160117143435,42.390511676196155],[-71.074168545137425,42.390524329818838],[-71.074171858124203,42.39052708651954],[-71.074175535826981,42.390530667908159],[-71.074179223411207,42.390533149270283],[-71.074185121749366,42.390536741273984],[-71.074189915159721,42.390539501954905],[-71.074194714858294,42.390541439938303],[-71.074200620382967,42.390543931915417],[-71.074208010822801,42.390545879850627],[-71.074215023970226,42.390548650483197],[-71.074229446422123,42.390551174306367],[-71.074239036836076,42.390555874296552],[-71.074247522322253,42.390560296294289],[-71.074252313935986,42.390563058301176],[-71.074255995232022,42.390566640351167],[-71.07425930013396,42.390570217093256],[-71.07426297873505,42.390573798479416],[-71.074264408852969,42.390574540233686],[-71.074263832134562,42.390573606074469],[-71.075493735352993,42.38885996841023],[-71.077023205159094,42.386710321428936],[-71.077764529965847,42.38566837449239]]]},"properties":{"FID":20,"OBJECTID":null,"TOWNS_ID":null,"TOWN_ID":null,"TOWN":null,"FIPS_STCO":null,"CCD_MCD":null,"FIPS_PLACE":null,"POP1980":null,"POP1990":null,"POP2000":null,"POPCH80_90":null,"POPCH90_00":null,"FOURCOLOR":null,"TYPE":null,"ISLAND":null,"FIPS_MCD":null,"FIPS_COUNT":null,"SHAPE_AREA":null,"SHAPE_LEN":null,"test":null,"Shape__Area":204284467.125,"Shape__Length":161488.34217056126}}]}